STN,STN_NM,TM,SUM_RN,AVG_TA,MIN_TA,MAX_TA,AVG_RHM,AVG_PA,AVG_PV,AVG_WS,SUM_SS,SUM_SR
105,Gangneung,2001-01-01,77.7,0.5,-3.6,6.3,58.2,998.5,15.4,2.27,127.6,192.9
105,Gangneung,2001-02-01,63.0,5.1,0.4,10.6,60.6,1000.0,17.8,2.02,142.0,217.0
105,Gangneung,2001-03-01,13.0,6.0,1.6,11.9,53.1,1002.0,18.8,2.55,138.4,270.0
105,Gangneung,2001-04-01,107.2,12.4,8.1,17.3,55.2,1007.6,20.5,2.06,129.4,349.0
105,Gangneung,2001-05-01,93.0,18.1,13.8,23.9,55.0,1003.7,25.2,2.49,197.0,404.1
105,Gangneung,2001-06-01,124.6,22.1,17.6,27.7,57.4,1000.1,25.4,3.0,188.4,548.1
105,Gangneung,2001-07-01,103.1,22.0,17.9,27.5,67.5,1005.8,25.2,2.22,253.4,544.4
105,Gangneung,2001-08-01,152.1,20.3,15.8,24.8,71.5,1005.5,23.8,2.46,255.6,561.4
105,Gangneung,2001-09-01,225.5,17.4,13.3,21.9,71.2,1004.9,22.3,2.4,244.0,582.7
105,Gangneung,2001-10-01,220.1,12.9,8.1,17.8,71.1,997.3,18.9,2.0,220.0,435.7
105,Gangneung,2001-11-01,148.8,9.4,5.1,15.1,72.1,1002.4,18.1,2.26,201.0,296.4
105,Gangneung,2001-12-01,129.7,5.0,-0.5,9.7,71.3,1001.4,17.2,2.41,190.0,295.6
105,Gangneung,2002-01-01,31.2,3.7,-1.2,8.3,67.9,1005.0,18.3,1.92,112.0,188.5
105,Gangneung,2002-02-01,18.6,1.8,-1.4,7.1,53.9,999.6,16.0,2.74,169.9,394.8
105,Gangneung,2002-03-01,34.0,6.2,2.4,11.4,51.8,1001.8,16.8,2.34,154.7,253.5
105,Gangneung,2002-04-01,26.7,11.7,6.5,16.3,52.8,1010.3,20.4,2.79,137.5,238.9
105,Gangneung,2002-05-01,33.2,16.8,11.7,21.8,57.5,999.3,24.3,2.55,176.1,397.6
105,Gangneung,2002-06-01,91.6,22.8,18.0,27.4,54.5,1003.3,28.1,2.46,207.0,507.1
105,Gangneung,2002-07-01,207.7,22.9,19.1,28.4,66.5,1008.7,26.5,1.91,197.8,654.9
105,Gangneung,2002-08-01,257.1,21.6,16.7,26.4,67.1,999.1,26.2,2.24,239.9,570.2
105,Gangneung,2002-09-01,221.3,20.6,15.4,25.3,68.2,1002.5,23.4,1.91,210.0,535.8
105,Gangneung,2002-10-01,228.8,11.2,7.1,15.9,78.7,1001.3,19.4,2.8,223.5,570.2
105,Gangneung,2002-11-01,156.6,7.3,2.3,11.9,76.0,999.1,18.1,2.49,242.9,512.6
105,Gangneung,2002-12-01,84.6,3.7,-1.2,8.9,72.1,1008.4,15.3,2.14,96.3,300.2
105,Gangneung,2003-01-01,29.8,2.1,-2.2,7.2,64.7,996.6,13.4,3.25,95.9,178.3
105,Gangneung,2003-02-01,96.5,9.4,4.3,14.0,60.2,1010.2,17.5,2.3,139.4,246.1
105,Gangneung,2003-03-01,6.3,8.1,4.2,12.8,53.7,1004.3,17.6,2.59,153.4,253.4
105,Gangneung,2003-04-01,44.5,12.3,7.9,18.1,54.1,1002.7,24.2,3.03,159.6,264.2
105,Gangneung,2003-05-01,28.1,20.3,14.6,24.9,48.5,1006.5,25.1,1.96,168.2,415.8
105,Gangneung,2003-06-01,116.3,21.5,16.6,26.2,59.5,1008.6,21.2,2.31,214.4,507.8
105,Gangneung,2003-07-01,149.0,20.1,16.2,25.2,59.6,1006.2,24.1,2.38,205.6,535.8
105,Gangneung,2003-08-01,242.3,22.4,18.4,27.6,72.5,1009.6,26.5,2.73,232.6,584.0
105,Gangneung,2003-09-01,185.1,19.8,14.7,24.6,74.7,1007.5,25.4,3.13,250.2,461.6
105,Gangneung,2003-10-01,194.4,10.4,6.4,16.1,79.2,1000.4,18.5,2.41,179.6,449.7
105,Gangneung,2003-11-01,172.9,9.5,5.4,14.8,76.5,1003.5,20.0,3.05,128.4,364.5
105,Gangneung,2003-12-01,135.2,2.2,-3.0,6.8,74.0,1001.4,16.6,2.83,155.8,324.1
105,Gangneung,2004-01-01,76.5,1.6,-2.2,6.6,66.3,1007.7,13.7,2.35,165.1,199.5
105,Gangneung,2004-02-01,3.4,4.4,0.4,9.7,63.7,1006.9,18.1,2.62,178.2,207.7
105,Gangneung,2004-03-01,0.0,10.0,7.0,15.6,59.2,996.8,17.9,1.76,108.2,270.5
105,Gangneung,2004-04-01,50.6,13.8,7.9,18.4,53.2,1001.2,21.9,2.68,153.5,355.6
105,Gangneung,2004-05-01,75.0,19.0,15.1,23.8,55.3,1006.1,23.3,2.61,173.4,392.9
105,Gangneung,2004-06-01,143.5,17.8,14.5,23.5,50.8,1000.1,24.9,2.29,214.9,555.4
105,Gangneung,2004-07-01,208.5,23.2,18.4,27.9,69.7,1003.0,24.7,2.16,194.9,502.6
105,Gangneung,2004-08-01,184.2,22.0,18.2,27.9,72.4,998.4,26.7,2.35,194.2,635.7
105,Gangneung,2004-09-01,188.3,16.2,12.7,22.1,76.9,1002.1,23.6,2.54,265.0,535.3
105,Gangneung,2004-10-01,145.1,14.2,9.3,19.7,78.3,1002.5,22.4,3.18,261.9,494.2
105,Gangneung,2004-11-01,167.6,9.6,5.0,14.7,75.3,1004.5,18.1,1.76,128.2,333.0
105,Gangneung,2004-12-01,98.4,3.7,-0.1,8.9,67.6,1004.9,15.8,2.29,154.6,347.2
105,Gangneung,2005-01-01,55.1,4.6,-0.0,9.7,74.1,1004.4,19.0,2.44,142.6,240.7
105,Gangneung,2005-02-01,26.3,3.1,-2.1,8.1,61.3,1007.9,16.6,2.29,131.3,201.5
105,Gangneung,2005-03-01,52.2,5.5,-0.1,10.1,49.4,1009.0,18.4,2.11,90.5,66.2
105,Gangneung,2005-04-01,13.2,16.2,12.8,21.9,54.6,996.7,22.5,2.44,147.8,357.4
105,Gangneung,2005-05-01,79.1,19.3,13.9,24.1,60.3,998.9,22.7,2.93,175.2,484.2
105,Gangneung,2005-06-01,99.0,23.4,19.6,29.0,64.5,1001.1,25.1,2.22,221.3,396.1
105,Gangneung,2005-07-01,184.3,21.8,17.7,27.1,62.2,995.9,24.3,2.5,227.5,540.7
105,Gangneung,2005-08-01,191.2,21.9,17.4,27.0,73.3,1004.2,26.3,2.52,290.9,574.8
105,Gangneung,2005-09-01,198.8,16.0,12.6,21.8,72.3,1002.6,23.4,2.42,212.8,609.9
105,Gangneung,2005-10-01,222.7,11.9,8.3,17.7,77.7,997.3,20.8,2.5,187.5,501.4
105,Gangneung,2005-11-01,111.1,9.9,5.1,15.1,76.7,993.6,17.8,2.28,153.2,442.9
105,Gangneung,2005-12-01,184.4,2.1,-2.4,7.5,76.6,998.7,16.1,3.13,108.7,233.1
105,Gangneung,2006-01-01,52.2,1.2,-2.3,7.2,58.8,1005.7,14.7,2.91,112.3,205.9
105,Gangneung,2006-02-01,51.2,6.0,1.3,10.6,60.9,999.3,17.6,1.83,131.2,171.6
105,Gangneung,2006-03-01,0.0,9.6,5.2,14.1,59.7,1001.5,19.1,2.51,112.5,272.4
105,Gangneung,2006-04-01,13.6,11.8,8.4,17.3,44.6,1009.6,24.5,2.24,101.6,291.4
105,Gangneung,2006-05-01,57.0,17.9,14.0,22.7,56.4,996.9,24.4,3.22,184.3,379.8
105,Gangneung,2006-06-01,109.5,21.6,17.7,27.6,52.9,1003.3,25.2,3.14,205.6,590.1
105,Gangneung,2006-07-01,123.4,24.4,19.5,28.9,65.6,1007.4,26.0,1.72,231.5,501.7
105,Gangneung,2006-08-01,184.8,21.7,17.4,26.5,72.7,1000.6,21.4,2.71,246.8,537.2
105,Gangneung,2006-09-01,163.4,19.6,14.1,24.3,76.7,1004.5,24.8,2.33,252.4,593.4
105,Gangneung,2006-10-01,240.6,11.4,6.9,17.2,75.5,1001.2,21.8,3.0,198.5,464.5
105,Gangneung,2006-11-01,173.0,8.1,2.2,12.6,72.5,1000.2,14.8,2.01,157.1,387.9
105,Gangneung,2006-12-01,153.5,4.3,-0.3,8.9,74.7,999.6,15.1,2.62,144.5,348.8
105,Gangneung,2007-01-01,66.5,3.3,0.6,9.1,64.3,998.7,14.2,2.67,119.3,182.8
105,Gangneung,2007-02-01,28.9,6.3,1.7,11.1,55.8,1009.3,18.0,2.71,91.5,152.8
105,Gangneung,2007-03-01,35.2,8.5,4.3,13.1,55.6,1004.0,19.7,2.72,87.5,109.3
105,Gangneung,2007-04-01,67.3,14.5,9.7,19.9,53.3,1006.7,24.6,2.61,140.7,256.4
105,Gangneung,2007-05-01,67.4,17.3,12.8,22.5,60.9,1007.4,21.9,2.74,196.0,426.6
105,Gangneung,2007-06-01,158.2,22.7,19.0,27.7,60.2,995.5,26.0,2.18,178.0,590.9
105,Gangneung,2007-07-01,222.5,24.3,20.5,30.2,65.0,1003.3,25.4,2.56,233.5,477.7
105,Gangneung,2007-08-01,195.0,20.5,16.9,26.5,71.0,1003.7,25.3,2.32,212.9,570.9
105,Gangneung,2007-09-01,183.4,16.1,11.2,21.0,69.1,1002.5,24.0,2.82,257.6,558.2
105,Gangneung,2007-10-01,167.2,11.2,6.4,16.3,81.5,1007.6,19.9,1.9,202.0,503.0
105,Gangneung,2007-11-01,154.9,6.8,2.8,12.1,73.2,1004.6,17.4,2.5,186.8,331.6
105,Gangneung,2007-12-01,97.7,5.9,1.3,11.6,66.9,995.0,15.0,2.41,150.8,302.9
105,Gangneung,2008-01-01,109.5,-2.0,-5.9,3.7,61.1,1002.3,12.7,2.04,119.9,329.8
105,Gangneung,2008-02-01,96.5,2.8,-0.5,8.8,65.1,1003.2,16.6,2.55,199.5,271.1
105,Gangneung,2008-03-01,0.0,8.6,5.1,14.6,57.8,1003.4,19.7,2.41,136.5,269.6
105,Gangneung,2008-04-01,0.0,14.2,10.4,19.1,52.8,1003.4,20.5,2.73,116.4,285.6
105,Gangneung,2008-05-01,46.5,18.4,13.5,22.9,57.1,1003.1,20.6,1.62,179.7,386.7
105,Gangneung,2008-06-01,110.9,20.8,16.1,26.6,55.1,998.0,23.7,2.52,241.1,464.1
105,Gangneung,2008-07-01,74.4,19.8,15.7,25.3,63.6,1002.9,24.2,2.82,215.1,504.1
105,Gangneung,2008-08-01,213.5,19.1,14.2,24.2,70.5,1009.1,23.2,3.22,234.4,503.4
105,Gangneung,2008-09-01,211.9,16.5,12.0,21.3,77.3,1000.4,24.1,2.86,267.9,587.6
105,Gangneung,2008-10-01,244.5,10.2,4.6,15.0,77.4,1001.0,19.2,3.15,205.8,514.8
105,Gangneung,2008-11-01,153.9,8.4,2.7,13.1,79.5,1009.9,19.0,2.64,151.2,394.7
105,Gangneung,2008-12-01,147.4,4.9,1.6,10.7,72.7,1008.3,17.8,2.26,158.4,134.2
105,Gangneung,2009-01-01,80.4,-3.0,-6.6,2.2,66.7,999.2,12.0,2.95,115.9,378.7
105,Gangneung,2009-02-01,32.2,5.2,-0.4,10.0,55.5,1003.1,16.9,1.85,113.6,175.5
105,Gangneung,2009-03-01,51.9,8.3,3.3,13.1,55.4,1005.8,17.0,1.98,155.7,219.4
105,Gangneung,2009-04-01,0.0,12.8,9.5,18.7,53.8,1006.0,21.9,2.65,114.9,329.9
105,Gangneung,2009-05-01,56.4,17.3,11.8,22.2,60.9,1008.1,22.9,2.54,199.2,407.3
105,Gangneung,2009-06-01,119.1,22.5,18.8,28.0,57.5,1005.1,26.0,2.54,226.8,467.5
105,Gangneung,2009-07-01,188.5,23.6,19.7,28.6,63.2,995.9,24.7,1.99,233.3,539.5
105,Gangneung,2009-08-01,185.0,22.1,17.3,27.7,72.4,1005.1,22.7,2.25,185.5,582.2
105,Gangneung,2009-09-01,209.3,18.7,15.4,24.7,73.6,1004.7,23.5,2.4,256.6,522.4
105,Gangneung,2009-10-01,225.0,14.1,9.5,19.1,79.4,1003.5,20.4,2.06,196.6,522.6
105,Gangneung,2009-11-01,128.6,8.1,3.7,13.7,75.8,1013.1,16.8,2.99,183.7,424.7
105,Gangneung,2009-12-01,118.6,4.9,1.1,10.1,69.4,1008.0,16.1,2.38,123.2,337.3
105,Gangneung,2010-01-01,117.6,2.2,-0.9,7.9,64.2,997.2,14.6,2.49,161.0,412.7
105,Gangneung,2010-02-01,11.7,7.0,2.9,11.6,60.5,1003.7,18.0,2.24,85.0,127.4
105,Gangneung,2010-03-01,42.4,7.2,3.1,12.6,57.4,1004.1,17.3,2.89,167.5,273.8
105,Gangneung,2010-04-01,66.3,14.8,10.6,20.0,55.1,1005.1,20.3,2.68,116.1,262.3
105,Gangneung,2010-05-01,112.6,18.7,14.2,24.3,50.6,1001.8,24.3,2.43,208.3,378.3
105,Gangneung,2010-06-01,126.8,20.5,16.6,25.1,56.4,1001.8,24.3,2.29,254.3,484.1
105,Gangneung,2010-07-01,153.5,18.9,15.1,24.6,62.6,1008.3,24.1,2.92,233.5,558.1
105,Gangneung,2010-08-01,193.7,21.5,17.4,26.7,64.0,1000.5,25.4,2.68,251.8,556.9
105,Gangneung,2010-09-01,245.2,19.6,14.2,24.6,76.3,1000.5,25.4,2.44,232.0,644.3
105,Gangneung,2010-10-01,111.0,10.9,5.9,15.7,76.1,997.2,18.4,2.06,271.4,598.1
105,Gangneung,2010-11-01,147.6,7.0,2.9,12.4,75.0,999.4,18.1,1.76,161.0,408.9
105,Gangneung,2010-12-01,127.3,5.0,0.4,10.0,68.2,1006.0,17.0,1.85,142.1,331.9
105,Gangneung,2011-01-01,88.5,2.6,-1.7,7.8,64.1,1006.6,18.8,3.18,97.3,188.5
105,Gangneung,2011-02-01,84.2,2.8,-1.7,7.6,60.5,1003.2,14.8,2.13,102.2,167.2
105,Gangneung,2011-03-01,99.4,8.1,4.6,13.5,54.0,1000.5,14.8,1.85,82.8,109.1
105,Gangneung,2011-04-01,0.0,14.5,10.0,20.1,54.4,1006.1,20.7,2.61,168.2,275.4
105,Gangneung,2011-05-01,86.6,19.2,13.4,23.9,50.5,1003.2,24.4,2.08,180.7,434.2
105,Gangneung,2011-06-01,136.1,23.3,19.5,29.1,64.9,1000.4,28.1,2.43,199.7,381.5
105,Gangneung,2011-07-01,156.0,20.3,15.9,25.5,62.2,1003.9,23.7,2.15,251.3,553.6
105,Gangneung,2011-08-01,257.7,20.3,16.6,25.9,73.8,1000.9,24.9,2.35,219.1,619.7
105,Gangneung,2011-09-01,232.3,19.4,13.6,23.9,74.1,1004.3,23.0,2.41,217.0,653.1
105,Gangneung,2011-10-01,209.5,12.0,7.4,17.7,70.0,1006.3,20.9,2.5,176.8,488.6
105,Gangneung,2011-11-01,232.1,9.4,5.5,14.3,74.0,994.8,19.5,2.74,140.6,360.3
105,Gangneung,2011-12-01,74.0,2.0,-1.5,7.8,62.1,1006.1,17.0,2.3,88.0,250.2
105,Gangneung,2012-01-01,110.2,-1.6,-5.2,3.6,67.8,1001.1,14.4,2.63,173.9,231.9
105,Gangneung,2012-02-01,45.4,1.4,-1.9,7.0,57.0,1003.6,13.1,2.49,144.2,237.6
105,Gangneung,2012-03-01,0.0,8.0,3.6,12.8,50.8,1006.9,18.8,2.56,174.5,272.2
105,Gangneung,2012-04-01,55.3,16.9,13.0,22.3,54.5,1004.6,22.4,1.99,207.7,329.6
105,Gangneung,2012-05-01,41.4,18.6,15.9,24.5,56.6,997.6,24.8,3.17,191.7,377.4
105,Gangneung,2012-06-01,96.8,20.9,16.6,26.0,62.2,995.8,26.3,2.25,219.4,422.4
105,Gangneung,2012-07-01,208.5,24.4,19.8,30.0,67.9,1004.1,24.6,2.39,241.1,589.2
105,Gangneung,2012-08-01,203.0,21.2,17.2,27.1,61.0,1001.4,25.3,1.7,242.4,654.9
105,Gangneung,2012-09-01,171.5,18.4,13.2,23.5,80.6,1000.7,24.5,1.65,278.5,592.0
105,Gangneung,2012-10-01,190.4,13.0,9.9,18.9,75.9,1002.2,20.7,2.17,227.4,505.4
105,Gangneung,2012-11-01,184.8,8.2,2.9,13.0,83.2,997.1,20.4,2.95,158.7,533.8
105,Gangneung,2012-12-01,149.3,5.8,0.9,10.9,70.3,1005.0,19.5,2.47,127.2,359.5
105,Gangneung,2013-01-01,99.2,4.3,-1.3,9.0,61.7,1000.1,14.1,2.49,126.0,217.7
105,Gangneung,2013-02-01,0.0,2.1,-2.0,7.3,60.3,998.1,17.8,2.34,127.3,359.5
105,Gangneung,2013-03-01,72.6,7.3,3.9,12.5,56.4,1003.0,17.7,2.99,125.2,382.1
105,Gangneung,2013-04-01,35.4,15.4,11.0,20.9,50.5,999.5,23.1,2.8,151.0,232.8
105,Gangneung,2013-05-01,19.4,15.1,12.0,20.7,58.5,1002.9,19.0,2.32,175.9,525.8
105,Gangneung,2013-06-01,63.5,21.2,17.0,26.0,61.0,1003.2,25.5,2.71,189.8,542.7
105,Gangneung,2013-07-01,113.9,23.6,19.4,28.5,64.9,1000.1,24.7,2.26,204.4,575.3
105,Gangneung,2013-08-01,156.5,22.6,17.7,27.8,68.8,1007.9,26.4,2.32,252.5,453.6
105,Gangneung,2013-09-01,208.0,21.3,17.4,26.2,77.3,1006.3,22.1,1.73,237.2,513.0
105,Gangneung,2013-10-01,242.7,11.7,7.0,17.5,67.4,1002.2,20.5,2.23,237.0,561.9
105,Gangneung,2013-11-01,156.0,4.3,0.3,9.6,76.5,1007.4,15.0,3.2,156.0,445.0
105,Gangneung,2013-12-01,55.4,2.0,-2.4,7.9,73.9,1004.6,15.8,2.95,144.1,203.2
105,Gangneung,2014-01-01,38.9,4.1,-0.0,8.9,62.5,1001.2,15.9,1.85,112.3,200.4
105,Gangneung,2014-02-01,59.2,5.7,0.3,10.6,59.5,1000.2,15.6,2.02,104.1,150.2
105,Gangneung,2014-03-01,25.2,9.0,5.2,14.2,53.8,1004.7,19.1,1.82,96.5,245.9
105,Gangneung,2014-04-01,68.2,9.9,5.5,14.5,52.5,1005.5,18.2,2.35,109.5,169.3
105,Gangneung,2014-05-01,100.0,16.3,12.0,21.4,49.7,1002.2,21.6,2.55,191.3,419.3
105,Gangneung,2014-06-01,122.9,23.6,19.2,29.2,63.0,1007.6,24.5,2.28,244.0,520.5
105,Gangneung,2014-07-01,168.8,21.9,18.6,27.7,64.1,1002.4,25.9,2.13,245.3,730.7
105,Gangneung,2014-08-01,134.6,22.6,18.4,27.2,71.2,1005.7,27.4,2.48,268.3,439.3
105,Gangneung,2014-09-01,265.2,17.8,14.5,23.6,72.5,1003.4,23.8,2.51,259.1,450.0
105,Gangneung,2014-10-01,230.9,12.7,8.0,18.0,78.8,993.4,22.0,1.8,211.3,482.8
105,Gangneung,2014-11-01,202.9,7.0,2.4,12.7,79.8,1005.5,17.8,2.31,140.8,423.3
105,Gangneung,2014-12-01,52.9,4.7,0.1,10.5,67.1,1003.1,20.0,2.88,132.6,323.4
105,Gangneung,2015-01-01,67.1,2.8,-0.8,8.5,59.4,1004.1,16.9,2.31,87.7,303.4
105,Gangneung,2015-02-01,45.0,3.6,-0.8,8.2,55.4,1001.4,17.9,2.14,136.0,187.7
105,Gangneung,2015-03-01,28.2,6.9,4.2,12.8,49.1,997.8,17.6,1.9,138.3,216.2
105,Gangneung,2015-04-01,115.3,10.7,4.8,15.2,51.3,1003.8,16.1,2.49,197.6,282.8
105,Gangneung,2015-05-01,76.1,18.8,14.5,24.6,46.6,1005.3,24.2,1.99,183.2,365.0
105,Gangneung,2015-06-01,96.0,22.8,19.0,27.6,54.1,1000.0,28.7,2.85,212.4,433.6
105,Gangneung,2015-07-01,143.5,22.7,17.9,28.1,64.9,1001.7,23.9,2.19,254.8,473.8
105,Gangneung,2015-08-01,190.1,20.5,16.5,25.3,76.2,1004.8,22.7,2.67,220.6,545.4
105,Gangneung,2015-09-01,220.5,17.4,12.3,22.2,73.2,1000.3,22.3,2.84,247.7,658.5
105,Gangneung,2015-10-01,276.1,11.6,6.5,16.4,74.3,1000.7,18.6,1.98,206.4,417.0
105,Gangneung,2015-11-01,191.5,5.9,2.6,11.5,74.3,1001.6,17.9,1.88,222.7,467.2
105,Gangneung,2015-12-01,124.9,1.9,-2.5,7.2,76.1,1006.9,15.7,1.43,125.4,351.3
105,Gangneung,2016-01-01,109.5,4.6,0.9,9.8,68.6,996.9,16.9,2.51,120.5,133.0
105,Gangneung,2016-02-01,20.8,4.1,-1.6,8.8,57.4,1003.4,17.1,2.28,109.8,225.5
105,Gangneung,2016-03-01,0.0,8.5,3.8,13.8,58.0,995.5,15.9,2.51,127.9,254.3
105,Gangneung,2016-04-01,16.1,13.1,9.5,19.1,52.1,994.6,22.7,2.89,166.1,257.2
105,Gangneung,2016-05-01,90.6,18.4,13.9,24.4,53.8,1005.8,24.3,1.95,190.4,434.7
105,Gangneung,2016-06-01,117.6,21.9,17.0,27.0,55.8,1000.3,25.5,2.75,172.6,411.4
105,Gangneung,2016-07-01,90.7,22.7,19.5,28.1,67.3,1000.0,26.4,2.28,248.8,584.4
105,Gangneung,2016-08-01,172.6,20.6,17.6,26.4,66.1,1005.3,23.6,2.97,265.6,597.4
105,Gangneung,2016-09-01,215.0,16.8,13.1,22.7,76.2,1006.4,22.5,2.15,202.1,492.0
105,Gangneung,2016-10-01,132.8,14.0,9.9,19.2,71.3,1005.9,23.7,2.22,212.5,369.5
105,Gangneung,2016-11-01,171.3,5.6,1.2,11.3,77.3,1007.5,16.5,1.95,126.1,384.0
105,Gangneung,2016-12-01,94.1,1.7,-2.0,6.9,67.2,1001.4,17.0,2.64,146.7,347.1
105,Gangneung,2017-01-01,26.4,2.4,-2.4,8.1,66.5,1000.5,16.8,2.62,55.1,315.5
105,Gangneung,2017-02-01,0.0,3.0,-0.5,8.4,53.9,999.2,17.7,1.63,148.2,216.7
105,Gangneung,2017-03-01,0.0,6.5,2.8,12.1,57.2,996.5,17.4,2.05,160.4,163.1
105,Gangneung,2017-04-01,88.4,12.2,9.0,17.9,50.2,998.0,21.1,1.91,95.5,287.2
105,Gangneung,2017-05-01,3.9,16.8,13.2,21.8,61.6,1003.1,23.3,1.69,163.7,412.9
105,Gangneung,2017-06-01,78.6,22.2,18.3,28.1,56.9,1003.3,25.1,2.29,204.1,445.9
105,Gangneung,2017-07-01,179.0,23.7,19.0,28.4,67.8,1001.6,25.7,2.44,274.4,475.5
105,Gangneung,2017-08-01,223.7,19.1,14.6,23.6,72.7,1003.5,23.0,2.41,233.7,532.8
105,Gangneung,2017-09-01,199.4,18.3,14.0,23.3,70.6,1004.4,24.5,2.49,256.1,561.2
105,Gangneung,2017-10-01,210.5,13.0,8.1,18.5,84.7,1001.3,20.2,2.57,216.3,405.7
105,Gangneung,2017-11-01,201.3,7.7,2.7,12.8,77.6,998.3,21.1,2.66,179.7,495.4
105,Gangneung,2017-12-01,120.1,4.7,-0.1,9.3,72.7,1003.6,15.5,2.45,148.3,230.0
105,Gangneung,2018-01-01,15.5,3.1,-0.4,8.9,63.3,1008.8,15.7,2.66,118.1,250.9
105,Gangneung,2018-02-01,58.0,3.8,-1.2,8.6,60.0,1007.3,17.3,3.17,100.9,137.3
105,Gangneung,2018-03-01,0.0,9.2,3.8,14.1,50.7,1006.4,17.2,2.86,199.5,266.1
105,Gangneung,2018-04-01,52.6,11.8,7.3,17.2,49.2,997.4,23.2,2.51,159.5,291.5
105,Gangneung,2018-05-01,60.9,20.0,14.2,24.5,53.9,1001.4,22.2,1.61,173.5,403.4
105,Gangneung,2018-06-01,69.5,21.5,17.4,26.6,55.8,1004.3,25.9,1.94,214.0,551.3
105,Gangneung,2018-07-01,189.2,22.5,18.7,27.8,66.6,1003.4,26.9,2.45,252.4,561.6
105,Gangneung,2018-08-01,224.2,22.2,19.4,28.1,76.4,1003.6,23.5,2.11,259.3,563.2
105,Gangneung,2018-09-01,191.6,19.5,16.5,25.2,76.1,1004.3,25.4,2.76,236.9,585.2
105,Gangneung,2018-10-01,187.7,13.2,7.8,18.1,79.7,1005.3,21.1,2.08,211.7,488.3
105,Gangneung,2018-11-01,168.8,11.2,7.2,16.5,79.1,1003.6,23.8,2.25,188.1,352.1
105,Gangneung,2018-12-01,102.2,5.0,-0.4,9.7,75.4,1003.1,16.4,3.48,159.9,266.8
105,Gangneung,2019-01-01,42.7,0.8,-2.1,6.5,65.4,1003.4,16.3,2.06,101.1,257.6
105,Gangneung,2019-02-01,53.3,4.5,-0.1,9.9,56.4,1001.4,15.5,2.92,135.8,256.3
105,Gangneung,2019-03-01,63.2,11.6,7.1,17.5,52.5,999.7,19.1,2.28,97.6,264.2
105,Gangneung,2019-04-01,34.0,14.2,10.2,18.8,51.7,1011.5,21.7,1.66,124.9,205.6
105,Gangneung,2019-05-01,67.6,17.8,13.6,22.8,56.5,1005.8,22.0,2.0,180.9,410.4
105,Gangneung,2019-06-01,49.5,20.9,17.1,26.4,56.2,1000.5,24.9,2.44,225.1,554.9
105,Gangneung,2019-07-01,151.7,21.6,18.7,27.3,63.5,1005.8,27.1,2.92,276.4,503.9
105,Gangneung,2019-08-01,197.3,21.4,16.7,26.7,65.8,1003.0,24.2,2.43,220.1,514.0
105,Gangneung,2019-09-01,217.7,18.4,13.0,23.2,76.4,1004.8,22.0,1.89,271.5,500.5
105,Gangneung,2019-10-01,160.2,12.3,9.0,17.9,75.9,1008.0,19.8,1.84,233.6,519.5
105,Gangneung,2019-11-01,140.3,5.9,2.0,10.5,79.5,999.3,17.1,2.67,120.5,462.0
105,Gangneung,2019-12-01,73.1,4.7,0.2,9.9,72.9,994.0,15.8,2.46,145.1,338.7
105,Gangneung,2020-01-01,94.6,3.3,-0.5,9.0,63.4,1005.2,14.9,2.65,150.7,251.7
105,Gangneung,2020-02-01,0.0,2.5,-2.4,7.3,52.1,1008.6,15.7,2.84,126.9,247.5
105,Gangneung,2020-03-01,32.2,9.1,4.5,14.1,49.1,1005.1,20.8,2.88,117.4,314.0
105,Gangneung,2020-04-01,64.7,16.4,13.4,22.1,51.9,1000.9,21.7,1.29,139.1,332.2
105,Gangneung,2020-05-01,49.7,20.8,15.6,26.1,55.5,1006.0,25.5,2.95,181.4,429.8
105,Gangneung,2020-06-01,127.3,21.1,17.0,26.2,58.1,1004.4,27.0,2.86,210.3,347.0
105,Gangneung,2020-07-01,180.1,19.0,15.7,24.4,68.5,999.2,21.9,2.5,231.1,526.4
105,Gangneung,2020-08-01,199.7,26.5,21.1,31.1,74.0,1008.4,27.3,1.58,235.3,628.7
105,Gangneung,2020-09-01,175.6,17.9,14.0,22.7,78.0,1005.5,24.3,2.39,236.9,484.8
105,Gangneung,2020-10-01,120.2,13.3,9.1,18.2,82.5,1009.4,19.6,2.26,222.0,641.9
105,Gangneung,2020-11-01,213.8,9.5,6.2,14.8,78.2,998.9,19.0,2.35,219.8,378.7
105,Gangneung,2020-12-01,29.1,4.6,0.4,10.1,70.7,1002.4,18.3,1.79,137.1,351.0
105,Gangneung,2021-01-01,45.5,-0.1,-3.9,5.4,64.8,995.9,15.8,1.74,135.8,190.9
105,Gangneung,2021-02-01,0.0,3.5,-1.0,8.6,61.1,1001.8,17.8,2.51,102.6,168.0
105,Gangneung,2021-03-01,0.0,8.2,3.2,13.5,52.7,999.7,21.1,1.72,92.0,310.7
105,Gangneung,2021-04-01,79.7,11.8,7.4,16.8,44.9,995.7,20.0,3.02,139.1,316.1
105,Gangneung,2021-05-01,106.7,20.5,16.9,26.4,61.0,996.6,26.7,1.99,182.6,385.4
105,Gangneung,2021-06-01,81.0,20.0,16.5,25.1,58.5,1003.0,25.4,2.01,228.5,539.2
105,Gangneung,2021-07-01,253.1,21.9,17.0,27.4,67.9,1000.5,25.1,2.62,211.3,531.3
105,Gangneung,2021-08-01,199.9,23.1,19.5,28.3,64.3,997.5,24.2,2.34,210.3,537.8
105,Gangneung,2021-09-01,182.4,17.0,13.1,22.3,75.4,1001.0,22.5,2.53,246.6,501.4
105,Gangneung,2021-10-01,198.0,9.3,4.9,14.7,76.0,1010.5,18.1,2.49,209.1,484.0
105,Gangneung,2021-11-01,158.0,8.0,4.0,13.2,75.4,1006.6,17.5,2.71,161.0,465.4
105,Gangneung,2021-12-01,191.9,3.2,0.1,9.1,75.3,1005.8,16.9,2.8,162.1,383.1
105,Gangneung,2022-01-01,99.2,5.2,0.7,10.4,63.9,1001.1,19.8,2.49,148.2,251.5
105,Gangneung,2022-02-01,11.7,3.6,-0.2,9.4,53.0,1002.7,19.4,2.31,75.0,333.6
105,Gangneung,2022-03-01,43.4,7.7,3.7,12.9,52.7,1007.9,19.3,2.5,131.7,233.6
105,Gangneung,2022-04-01,68.8,12.0,7.3,16.6,55.2,1005.1,20.9,2.27,169.7,307.3
105,Gangneung,2022-05-01,50.0,17.1,13.5,22.5,56.4,996.2,23.1,2.23,127.9,423.3
105,Gangneung,2022-06-01,101.2,18.5,13.1,23.3,64.2,1004.3,23.7,2.93,252.1,558.0
105,Gangneung,2022-07-01,129.0,23.0,19.1,28.3,66.6,1011.7,27.1,2.99,236.5,551.5
105,Gangneung,2022-08-01,210.1,20.2,16.4,25.4,75.8,998.8,26.1,2.37,248.5,607.6
105,Gangneung,2022-09-01,244.3,17.5,13.0,23.1,77.6,999.5,26.8,2.59,249.8,459.4
105,Gangneung,2022-10-01,168.0,14.9,10.3,20.0,80.6,1000.8,24.1,2.36,215.1,560.7
105,Gangneung,2022-11-01,130.6,5.6,2.8,11.4,70.7,996.8,18.9,2.16,170.2,288.6
105,Gangneung,2022-12-01,90.7,4.1,-0.8,9.3,76.8,1000.8,15.6,3.01,155.3,276.9
105,Gangneung,2023-01-01,61.6,5.3,0.3,10.2,64.9,1003.9,15.6,2.38,128.2,312.5
105,Gangneung,2023-02-01,74.5,3.7,-1.4,8.8,57.0,1005.9,16.3,2.01,96.1,306.8
105,Gangneung,2023-03-01,14.0,10.9,5.8,15.6,63.0,999.0,17.0,2.91,107.4,242.9
105,Gangneung,2023-04-01,11.7,13.1,8.9,18.4,54.6,999.0,20.2,2.26,114.3,284.6
105,Gangneung,2023-05-01,71.2,16.5,13.9,22.4,52.3,1005.6,25.3,2.21,192.1,385.6
105,Gangneung,2023-06-01,127.3,23.8,20.5,29.2,60.6,1007.5,26.3,2.8,192.7,400.9
105,Gangneung,2023-07-01,166.9,20.6,16.2,25.2,58.3,997.6,23.0,2.37,222.8,639.8
105,Gangneung,2023-08-01,230.2,22.2,17.6,27.5,68.0,1006.1,24.1,2.73,269.7,592.7
105,Gangneung,2023-09-01,203.3,17.7,14.8,23.6,75.0,1002.6,24.9,2.37,203.5,547.4
105,Gangneung,2023-10-01,199.1,13.5,9.4,18.2,73.2,1003.8,23.0,1.71,214.5,454.9
105,Gangneung,2023-11-01,149.0,6.5,1.4,11.6,71.0,998.7,15.8,3.09,168.4,398.5
105,Gangneung,2023-12-01,100.4,2.2,-2.7,7.8,75.9,1000.2,16.9,2.07,105.6,371.2
105,Gangneung,2024-01-01,107.6,4.9,1.1,9.7,67.6,1005.1,16.2,1.75,130.9,308.9
105,Gangneung,2024-02-01,0.0,5.4,0.5,10.4,62.1,1000.7,14.8,2.19,142.2,187.5
105,Gangneung,2024-03-01,0.0,5.3,0.7,10.1,57.3,1007.4,17.9,2.3,123.9,218.5
105,Gangneung,2024-04-01,124.4,13.2,9.5,18.9,49.5,1009.1,20.5,2.6,176.6,333.1
105,Gangneung,2024-05-01,70.3,17.9,13.7,23.0,53.0,1008.8,23.3,2.09,167.1,466.0
105,Gangneung,2024-06-01,138.1,22.3,18.4,27.6,56.7,1001.6,27.2,2.75,185.5,438.7
105,Gangneung,2024-07-01,165.8,25.6,22.2,30.8,60.2,999.9,26.8,2.23,218.6,556.3
105,Gangneung,2024-08-01,178.0,19.0,15.2,24.3,74.0,996.6,24.6,2.67,214.2,580.6
105,Gangneung,2024-09-01,205.4,20.5,16.2,25.9,84.1,999.0,26.4,2.79,207.1,585.5
105,Gangneung,2024-10-01,193.0,14.2,8.4,18.9,77.3,1002.4,23.1,2.63,228.3,450.1
105,Gangneung,2024-11-01,125.4,6.8,2.2,12.1,78.8,1002.8,20.2,2.95,186.1,350.7
105,Gangneung,2024-12-01,169.6,4.5,-0.6,9.2,67.9,997.7,17.6,2.09,226.5,244.8
105,Gangneung,2025-01-01,23.0,3.5,-1.4,8.8,67.0,996.2,15.4,1.97,80.7,251.1
105,Gangneung,2025-02-01,0.0,1.5,-1.6,7.2,60.4,1004.9,17.0,2.7,148.5,219.9
105,Gangneung,2025-03-01,30.1,9.1,3.5,13.8,53.4,1000.0,19.5,2.36,111.5,204.4
105,Gangneung,2025-04-01,0.0,14.7,10.0,19.6,55.8,1000.8,19.7,2.81,136.6,285.5
105,Gangneung,2025-05-01,68.4,19.6,14.7,24.8,56.5,1000.8,27.2,2.4,124.1,421.4
105,Gangneung,2025-06-01,182.6,24.6,20.2,29.2,62.2,999.7,26.9,1.89,193.9,449.4
105,Gangneung,2025-07-01,193.4,23.9,19.8,29.3,63.9,999.6,27.9,2.87,258.4,510.6
105,Gangneung,2025-08-01,100.9,19.2,13.8,23.8,68.4,1009.4,25.8,2.41,232.7,572.1
105,Gangneung,2025-09-01,217.5,20.6,15.6,25.6,79.5,998.0,25.9,2.28,169.1,428.2
105,Gangneung,2025-10-01,161.1,14.1,9.8,18.8,83.8,998.0,21.4,2.52,191.6,491.7
105,Gangneung,2025-11-01,106.0,9.7,5.5,15.3,75.3,1007.3,19.5,2.39,165.4,407.1
105,Gangneung,2025-12-01,125.6,2.6,-2.3,8.1,79.0,1003.2,18.4,2.32,156.5,230.7
108,Seoul,2001-01-01,55.9,3.5,-0.7,8.3,69.8,1006.1,18.6,2.38,187.8,215.0
108,Seoul,2001-02-01,9.9,1.8,-2.0,7.4,57.8,1008.6,16.7,3.19,81.3,204.1
108,Seoul,2001-03-01,7.8,4.4,0.8,9.8,57.2,1012.9,16.4,2.23,131.0,303.4
108,Seoul,2001-04-01,16.9,11.7,6.7,17.0,45.8,998.2,22.7,2.56,130.9,299.8
108,Seoul,2001-05-01,72.0,19.4,13.8,24.2,55.6,1002.4,24.9,1.91,188.9,465.5
108,Seoul,2001-06-01,136.0,22.0,17.0,26.9,58.7,1007.7,25.3,2.04,197.7,502.1
108,Seoul,2001-07-01,153.4,23.8,19.6,28.8,70.0,1006.5,25.0,2.04,230.1,528.8
108,Seoul,2001-08-01,161.4,20.1,17.3,26.0,69.9,1007.4,25.3,3.39,244.3,562.6
108,Seoul,2001-09-01,214.1,18.7,12.9,23.4,72.4,1006.3,24.0,1.77,251.2,631.9
108,Seoul,2001-10-01,171.3,12.6,8.8,18.0,80.7,1001.2,19.3,2.49,196.9,461.8
108,Seoul,2001-11-01,192.4,5.2,2.4,11.1,78.8,1008.4,16.6,2.77,160.4,509.6
108,Seoul,2001-12-01,79.3,6.0,1.5,11.5,73.1,999.4,16.9,2.71,176.3,305.8
108,Seoul,2002-01-01,73.1,4.3,-0.3,9.2,62.2,1004.5,18.4,3.05,147.5,261.4
108,Seoul,2002-02-01,62.9,3.7,-1.3,8.3,54.6,1004.9,16.4,2.68,133.7,234.6
108,Seoul,2002-03-01,43.5,7.0,2.6,12.9,55.9,1006.0,17.5,2.42,112.4,212.5
108,Seoul,2002-04-01,0.0,14.5,9.9,20.0,59.9,1002.2,26.6,2.31,156.4,286.1
108,Seoul,2002-05-01,84.5,18.7,14.4,24.3,55.4,1003.9,22.8,2.57,176.6,363.5
108,Seoul,2002-06-01,91.8,25.7,22.2,30.9,56.6,1002.2,28.3,2.62,226.9,451.3
108,Seoul,2002-07-01,178.4,20.7,17.5,26.6,60.8,1006.9,26.3,2.79,232.9,602.5
108,Seoul,2002-08-01,139.6,23.1,18.6,28.0,72.3,998.6,23.8,2.12,254.1,621.4
108,Seoul,2002-09-01,166.1,16.8,12.0,21.4,70.6,997.2,21.5,2.43,202.4,548.9
108,Seoul,2002-10-01,238.3,10.5,6.0,15.9,75.5,1000.9,21.7,2.28,237.6,515.7
108,Seoul,2002-11-01,154.5,8.9,5.1,13.8,73.5,1003.5,18.8,2.68,154.4,461.0
108,Seoul,2002-12-01,135.3,1.9,-2.3,7.2,74.5,1009.3,15.7,1.74,103.9,325.3
108,Seoul,2003-01-01,50.8,1.7,-4.0,6.5,60.5,1006.1,13.1,2.22,165.8,179.6
108,Seoul,2003-02-01,67.2,3.2,-1.2,8.6,61.6,1007.2,14.6,2.85,98.7,235.6
108,Seoul,2003-03-01,33.0,8.2,3.7,13.8,49.9,1006.8,19.2,2.86,126.9,159.8
108,Seoul,2003-04-01,70.5,12.9,8.4,17.4,58.8,999.6,20.2,2.44,122.7,329.8
108,Seoul,2003-05-01,127.9,17.5,13.5,22.2,54.5,1001.6,21.9,2.83,171.8,389.4
108,Seoul,2003-06-01,105.8,19.0,14.4,23.6,51.6,999.8,23.2,3.1,229.2,456.6
108,Seoul,2003-07-01,212.2,21.4,17.1,26.8,68.8,1001.0,23.9,2.31,238.9,526.2
108,Seoul,2003-08-01,220.7,19.9,16.9,25.7,70.8,1000.9,25.1,2.62,291.5,636.4
108,Seoul,2003-09-01,248.2,22.1,18.3,27.9,77.9,998.6,25.3,2.2,248.2,545.4
108,Seoul,2003-10-01,206.1,13.8,11.2,19.7,74.7,1007.6,23.0,1.76,202.2,499.9
108,Seoul,2003-11-01,193.8,9.2,4.1,14.5,75.6,1000.6,18.8,2.41,179.1,286.9
108,Seoul,2003-12-01,105.1,4.2,0.8,9.4,72.7,999.2,14.3,2.26,169.1,411.3
108,Seoul,2004-01-01,98.9,0.2,-3.7,5.7,65.6,1005.9,13.4,2.43,138.5,293.7
108,Seoul,2004-02-01,8.5,2.8,-0.2,8.8,63.4,1001.5,14.9,2.47,118.6,84.4
108,Seoul,2004-03-01,31.5,7.0,2.3,11.5,54.7,1002.3,18.2,2.45,121.7,151.9
108,Seoul,2004-04-01,0.0,12.6,8.5,17.1,55.2,1002.0,19.1,2.29,155.6,329.5
108,Seoul,2004-05-01,137.2,17.4,12.9,21.9,54.5,1000.9,20.6,2.2,153.2,296.4
108,Seoul,2004-06-01,91.2,19.7,15.7,25.0,55.8,1001.7,21.7,2.2,220.0,539.5
108,Seoul,2004-07-01,141.5,23.9,20.1,29.7,67.5,1009.2,27.6,2.38,177.1,434.5
108,Seoul,2004-08-01,205.8,20.5,16.1,26.1,71.4,1006.5,25.2,2.89,240.2,573.1
108,Seoul,2004-09-01,251.3,16.2,11.3,21.4,76.7,1005.0,25.5,2.72,191.8,640.1
108,Seoul,2004-10-01,189.3,12.8,9.3,18.2,74.7,1003.5,20.7,3.17,259.6,492.8
108,Seoul,2004-11-01,168.7,7.7,3.6,12.4,73.9,1007.3,17.4,2.38,140.5,442.3
108,Seoul,2004-12-01,186.9,5.7,0.8,10.5,71.8,999.7,16.9,2.71,152.5,225.2
108,Seoul,2005-01-01,25.5,0.6,-4.7,5.8,69.8,996.1,17.0,2.77,89.4,225.9
108,Seoul,2005-02-01,75.1,5.0,-0.1,10.2,51.5,1002.6,18.8,2.41,107.5,273.4
108,Seoul,2005-03-01,58.1,9.3,5.6,15.1,57.2,1004.3,19.7,2.31,97.7,186.8
108,Seoul,2005-04-01,26.9,12.7,9.4,18.4,56.5,1007.4,20.8,2.64,143.9,389.3
108,Seoul,2005-05-01,93.8,16.0,11.6,21.1,54.0,1004.7,23.4,1.99,192.8,316.4
108,Seoul,2005-06-01,97.1,22.6,18.1,28.4,60.2,1001.4,26.9,2.38,210.3,529.4
108,Seoul,2005-07-01,141.0,23.3,19.1,28.1,61.8,1008.9,26.6,1.87,193.5,549.2
108,Seoul,2005-08-01,255.9,21.3,17.5,26.4,72.6,997.3,26.6,2.27,261.6,531.1
108,Seoul,2005-09-01,220.2,17.7,13.7,23.6,74.5,1000.2,26.2,2.82,212.9,590.0
108,Seoul,2005-10-01,175.3,10.4,7.2,16.1,80.2,1002.2,19.7,2.56,224.5,440.4
108,Seoul,2005-11-01,191.6,8.2,3.9,13.2,80.2,1010.0,19.7,1.92,192.3,451.1
108,Seoul,2005-12-01,144.4,5.9,1.3,10.6,70.8,1001.0,14.5,2.54,154.7,343.5
108,Seoul,2006-01-01,24.7,4.2,0.3,9.0,64.8,1004.8,19.6,1.99,133.1,196.1
108,Seoul,2006-02-01,17.6,4.3,-0.4,9.3,60.6,1002.0,20.4,2.23,105.7,113.5
108,Seoul,2006-03-01,72.9,9.5,4.1,14.5,59.7,1003.6,20.5,1.74,164.7,291.3
108,Seoul,2006-04-01,35.4,14.1,10.4,19.0,51.4,995.6,22.8,2.88,132.5,330.9
108,Seoul,2006-05-01,62.2,18.4,13.6,23.5,58.3,1002.6,26.8,2.42,156.8,473.6
108,Seoul,2006-06-01,141.1,21.9,18.4,27.8,58.6,1001.9,24.0,2.29,243.4,504.2
108,Seoul,2006-07-01,119.4,19.9,15.5,25.5,62.7,1001.6,22.5,2.97,222.1,637.9
108,Seoul,2006-08-01,203.1,23.3,19.6,28.9,73.5,1005.0,27.0,2.31,287.9,525.6
108,Seoul,2006-09-01,214.2,18.1,14.1,23.0,76.5,1002.2,21.1,2.4,204.4,451.8
108,Seoul,2006-10-01,206.1,12.9,10.0,18.8,70.2,997.6,24.4,1.98,225.3,448.8
108,Seoul,2006-11-01,169.3,6.5,2.2,12.0,73.8,999.2,18.4,1.91,190.7,557.6
108,Seoul,2006-12-01,166.3,4.9,0.1,10.5,66.4,1008.6,16.1,2.12,145.9,246.3
108,Seoul,2007-01-01,28.6,2.9,-2.0,7.9,62.3,1005.7,15.6,2.33,143.0,235.6
108,Seoul,2007-02-01,27.0,5.0,1.0,10.1,59.3,1000.4,15.8,2.71,131.1,247.3
108,Seoul,2007-03-01,33.8,7.2,3.0,13.1,57.8,1002.9,20.6,2.49,143.8,261.0
108,Seoul,2007-04-01,45.4,11.3,6.6,16.8,51.7,1003.4,19.7,2.2,188.6,269.6
108,Seoul,2007-05-01,54.9,14.6,10.7,20.5,56.8,1014.2,21.7,1.73,202.5,356.4
108,Seoul,2007-06-01,164.5,20.5,17.1,26.2,61.7,1001.8,24.4,2.32,178.2,513.8
108,Seoul,2007-07-01,104.0,22.2,18.2,27.3,67.1,1002.4,27.4,2.77,243.1,611.5
108,Seoul,2007-08-01,227.5,20.8,17.4,26.0,72.9,1007.1,23.6,2.04,251.5,575.7
108,Seoul,2007-09-01,148.0,18.5,14.7,23.6,80.1,1010.1,22.0,2.27,233.0,662.8
108,Seoul,2007-10-01,184.0,11.7,6.9,17.2,79.5,997.2,20.4,1.74,183.6,540.4
108,Seoul,2007-11-01,164.8,7.0,3.0,12.5,76.4,1007.3,14.3,2.07,184.0,394.1
108,Seoul,2007-12-01,133.1,4.1,-0.1,9.8,70.1,1008.1,15.8,2.37,154.6,403.6
108,Seoul,2008-01-01,61.0,3.7,0.3,9.5,64.3,1002.2,16.4,2.74,133.8,258.2
108,Seoul,2008-02-01,0.0,2.8,-2.6,7.8,56.3,1009.3,16.3,2.63,116.5,200.9
108,Seoul,2008-03-01,18.1,5.5,2.2,10.8,61.1,1003.8,13.9,2.36,196.5,296.1
108,Seoul,2008-04-01,8.3,14.2,9.2,18.9,51.8,1003.4,18.7,1.94,150.3,285.5
108,Seoul,2008-05-01,85.3,15.1,11.1,21.1,60.4,996.1,20.9,2.57,221.6,418.9
108,Seoul,2008-06-01,138.7,21.1,17.6,26.7,54.8,997.6,25.9,1.95,218.0,411.9
108,Seoul,2008-07-01,176.9,22.4,18.6,27.2,69.3,999.6,25.7,2.01,221.6,540.2
108,Seoul,2008-08-01,175.9,19.9,15.5,24.7,67.3,1005.3,22.0,1.85,284.8,541.8
108,Seoul,2008-09-01,225.2,19.0,15.1,24.0,74.6,996.3,27.7,1.76,205.8,493.4
108,Seoul,2008-10-01,148.9,15.3,10.6,20.2,72.4,994.0,21.7,2.27,193.7,503.3
108,Seoul,2008-11-01,180.3,9.0,3.9,13.5,77.7,1003.4,20.1,2.72,144.5,313.9
108,Seoul,2008-12-01,92.6,1.8,-2.4,7.6,74.8,1005.2,16.1,2.88,161.7,314.1
108,Seoul,2009-01-01,123.3,2.9,-0.6,8.2,65.7,1006.4,17.9,2.38,160.7,125.9
108,Seoul,2009-02-01,34.8,3.4,-0.2,9.3,58.8,1001.9,16.7,1.6,101.0,279.0
108,Seoul,2009-03-01,2.0,5.9,1.5,11.7,56.4,1001.6,17.5,2.08,103.2,181.5
108,Seoul,2009-04-01,15.1,11.7,6.3,16.3,53.8,1010.0,19.2,2.52,157.8,294.8
108,Seoul,2009-05-01,97.6,19.7,14.9,24.2,53.4,997.3,22.9,2.15,151.9,426.4
108,Seoul,2009-06-01,160.9,19.9,14.9,25.2,57.9,1000.0,25.5,2.13,235.3,475.3
108,Seoul,2009-07-01,143.8,21.2,16.8,26.0,66.0,1011.7,27.1,2.28,224.0,584.1
108,Seoul,2009-08-01,171.9,22.7,19.8,28.5,73.4,1009.5,26.5,2.35,277.7,638.1
108,Seoul,2009-09-01,202.8,17.4,14.0,23.0,70.6,996.7,22.2,2.01,215.9,594.0
108,Seoul,2009-10-01,195.4,12.3,9.5,18.3,79.1,1005.5,20.1,2.46,265.0,488.9
108,Seoul,2009-11-01,142.2,7.5,4.2,12.7,75.3,997.6,16.9,2.34,175.9,366.0
108,Seoul,2009-12-01,112.8,4.2,0.4,9.4,72.4,1001.4,17.6,2.55,171.6,352.8
108,Seoul,2010-01-01,92.1,2.0,-0.8,7.8,62.7,1001.1,16.2,2.57,107.4,239.6
108,Seoul,2010-02-01,33.4,1.3,-3.5,5.8,58.4,1009.4,13.1,2.07,54.7,191.1
108,Seoul,2010-03-01,10.2,6.8,1.7,12.2,54.9,1001.9,19.6,2.39,107.6,141.1
108,Seoul,2010-04-01,21.3,14.6,10.4,19.2,50.3,998.3,22.4,1.69,163.8,359.1
108,Seoul,2010-05-01,86.8,18.0,12.4,22.6,51.9,1010.3,22.8,2.71,119.5,476.6
108,Seoul,2010-06-01,170.4,21.9,18.1,26.7,56.8,1004.9,24.1,2.16,238.2,548.5
108,Seoul,2010-07-01,141.8,21.3,18.2,26.8,61.5,1004.1,26.5,2.36,257.2,537.6
108,Seoul,2010-08-01,193.8,19.7,16.2,25.1,72.2,1002.5,23.0,2.16,274.6,592.1
108,Seoul,2010-09-01,178.7,18.4,13.3,23.5,74.7,1004.0,23.2,2.97,185.9,561.5
108,Seoul,2010-10-01,271.1,12.0,9.3,17.8,82.1,1004.6,19.6,2.13,196.0,511.7
108,Seoul,2010-11-01,213.3,10.1,5.3,14.7,70.7,1005.4,17.3,2.31,187.6,331.7
108,Seoul,2010-12-01,83.2,4.1,-0.9,9.2,73.1,1003.8,15.5,1.97,137.2,334.6
108,Seoul,2011-01-01,83.3,-0.3,-5.3,4.6,65.3,998.1,17.9,2.39,137.6,268.1
108,Seoul,2011-02-01,23.9,2.2,-1.5,8.2,61.9,1005.9,14.6,2.91,98.9,237.0
108,Seoul,2011-03-01,0.0,4.4,-0.1,9.7,47.6,1005.7,20.0,2.96,121.6,244.6
108,Seoul,2011-04-01,67.8,13.9,10.0,19.8,54.1,1005.2,21.7,2.35,184.5,382.6
108,Seoul,2011-05-01,88.2,20.7,15.6,25.8,56.5,1015.8,23.1,2.12,190.5,423.8
108,Seoul,2011-06-01,187.3,19.7,16.9,25.6,61.5,998.9,26.9,2.89,225.0,502.3
108,Seoul,2011-07-01,174.4,22.2,19.1,27.9,62.0,998.4,24.8,2.49,231.3,568.8
108,Seoul,2011-08-01,218.8,21.1,15.8,25.7,69.5,1004.6,22.1,2.08,264.5,475.8
108,Seoul,2011-09-01,253.1,20.1,15.6,25.4,79.3,1000.9,26.0,2.13,220.0,507.9
108,Seoul,2011-10-01,213.3,14.6,11.0,19.9,73.2,1004.6,24.7,2.56,200.3,536.0
108,Seoul,2011-11-01,158.1,7.6,3.0,12.4,66.5,1006.6,17.5,2.24,222.3,357.2
108,Seoul,2011-12-01,95.2,3.9,-0.7,9.1,65.5,1000.1,18.5,2.43,161.3,294.3
108,Seoul,2012-01-01,48.4,6.2,1.6,10.7,68.8,1000.6,16.4,2.4,128.0,259.7
108,Seoul,2012-02-01,109.9,4.3,1.1,9.9,59.1,1003.7,17.3,2.39,118.7,256.8
108,Seoul,2012-03-01,5.0,6.6,1.8,11.5,55.0,997.4,17.9,2.03,117.0,306.8
108,Seoul,2012-04-01,53.2,13.9,9.3,18.9,48.8,1009.2,23.0,2.63,128.6,319.1
108,Seoul,2012-05-01,55.0,17.2,14.3,23.0,58.5,1002.5,22.8,2.18,189.0,346.4
108,Seoul,2012-06-01,40.1,21.8,17.8,27.3,55.0,1003.0,23.5,1.99,191.2,540.6
108,Seoul,2012-07-01,153.8,21.3,18.4,27.3,66.2,1001.2,24.7,1.53,256.2,582.8
108,Seoul,2012-08-01,195.0,21.9,16.9,26.4,68.9,998.1,27.9,2.75,184.9,489.2
108,Seoul,2012-09-01,209.4,17.4,12.0,22.2,76.5,1004.8,22.1,2.69,222.5,538.9
108,Seoul,2012-10-01,222.7,10.7,6.4,15.4,81.5,998.9,18.3,1.94,216.3,494.0
108,Seoul,2012-11-01,150.2,6.2,2.6,11.4,73.8,1000.7,20.0,2.37,211.8,368.0
108,Seoul,2012-12-01,127.6,4.6,0.5,9.3,70.5,1006.5,15.5,2.33,128.3,384.2
108,Seoul,2013-01-01,82.4,2.8,-1.4,8.6,67.7,997.9,15.3,2.0,146.2,254.4
108,Seoul,2013-02-01,0.0,3.8,-0.5,9.0,53.2,1005.7,17.1,3.16,141.2,194.6
108,Seoul,2013-03-01,52.6,5.7,1.7,10.8,47.1,1003.3,15.9,2.44,101.1,269.6
108,Seoul,2013-04-01,37.4,15.4,10.2,20.2,52.1,997.6,22.7,2.64,211.7,272.7
108,Seoul,2013-05-01,62.1,17.3,12.3,22.1,54.4,1007.2,22.1,2.79,193.5,399.3
108,Seoul,2013-06-01,108.0,24.8,21.7,30.5,56.4,1009.6,28.6,2.13,222.8,505.5
108,Seoul,2013-07-01,148.4,23.7,19.2,29.2,64.9,1004.3,27.0,2.42,215.9,657.5
108,Seoul,2013-08-01,164.5,22.5,16.9,27.3,67.8,999.7,24.2,2.53,205.7,551.3
108,Seoul,2013-09-01,138.7,17.8,14.2,23.4,79.2,997.6,24.9,2.12,272.0,600.9
108,Seoul,2013-10-01,166.0,11.5,7.5,16.5,76.4,1008.3,19.1,2.44,233.9,538.5
108,Seoul,2013-11-01,160.9,7.9,2.8,12.5,78.1,999.1,18.7,2.34,181.9,462.4
108,Seoul,2013-12-01,77.4,3.5,0.4,9.0,76.0,1007.2,16.9,3.12,112.5,309.5
108,Seoul,2014-01-01,84.3,1.6,-4.0,6.5,67.4,1007.9,15.7,1.66,103.9,278.0
108,Seoul,2014-02-01,37.5,-0.8,-5.2,5.0,56.1,1007.7,13.5,2.12,129.0,326.9
108,Seoul,2014-03-01,80.8,8.5,3.5,13.6,50.2,1005.9,17.7,2.53,122.4,274.2
108,Seoul,2014-04-01,40.9,8.4,4.4,13.1,54.6,1002.9,21.0,2.52,160.9,372.7
108,Seoul,2014-05-01,84.2,16.7,11.6,21.6,57.3,1001.5,24.0,2.46,212.2,382.3
108,Seoul,2014-06-01,135.4,22.3,18.3,27.5,57.4,1006.0,28.1,2.5,202.7,535.4
108,Seoul,2014-07-01,196.9,22.1,18.5,27.4,71.6,1005.6,25.8,2.38,245.9,548.9
108,Seoul,2014-08-01,207.9,20.4,15.8,25.0,69.5,1003.1,27.5,2.23,223.3,547.0
108,Seoul,2014-09-01,272.1,12.6,8.5,18.5,77.5,998.7,21.2,2.43,253.1,666.3
108,Seoul,2014-10-01,214.9,12.5,8.6,17.1,73.4,996.1,18.2,2.04,180.6,508.8
108,Seoul,2014-11-01,124.5,2.1,-1.6,8.0,73.3,1009.7,15.1,2.75,179.5,397.5
108,Seoul,2014-12-01,89.8,4.1,0.2,9.2,70.2,999.8,18.1,2.57,138.8,318.7
108,Seoul,2015-01-01,68.6,2.1,-2.0,6.6,61.7,997.2,14.8,2.63,110.7,395.4
108,Seoul,2015-02-01,67.7,5.5,1.2,11.4,56.2,993.2,17.0,2.62,123.8,236.5
108,Seoul,2015-03-01,70.2,8.8,4.7,13.6,50.8,1009.8,19.0,2.15,112.5,205.2
108,Seoul,2015-04-01,11.9,10.4,6.6,15.9,50.9,1007.6,20.4,2.51,131.4,302.7
108,Seoul,2015-05-01,84.1,19.6,15.2,24.1,54.6,1006.0,23.3,1.67,186.7,443.5
108,Seoul,2015-06-01,139.1,22.2,18.5,27.3,60.9,1004.3,24.8,2.84,187.9,455.0
108,Seoul,2015-07-01,223.8,23.6,20.7,29.4,65.5,991.5,25.3,2.38,223.0,570.7
108,Seoul,2015-08-01,240.8,21.2,17.4,26.1,69.9,1002.1,24.6,3.3,184.0,556.7
108,Seoul,2015-09-01,213.9,15.8,12.3,21.8,75.2,1001.8,22.7,2.36,230.0,544.6
108,Seoul,2015-10-01,210.1,14.5,10.1,19.2,70.9,1006.5,22.0,2.6,174.3,597.1
108,Seoul,2015-11-01,145.2,7.9,4.3,13.3,73.5,1004.1,22.9,2.52,220.2,472.3
108,Seoul,2015-12-01,131.9,2.0,-1.0,7.8,76.6,1004.4,11.9,2.26,166.3,295.8
108,Seoul,2016-01-01,96.5,1.8,-2.9,6.6,65.1,1002.3,17.2,2.06,135.9,248.2
108,Seoul,2016-02-01,0.0,1.4,-1.5,7.2,61.0,996.7,10.9,2.69,117.6,288.5
108,Seoul,2016-03-01,0.0,7.9,3.7,13.6,53.0,1001.6,18.8,2.62,127.7,302.6
108,Seoul,2016-04-01,20.6,10.6,5.9,15.9,51.0,1002.9,20.0,2.25,149.6,307.6
108,Seoul,2016-05-01,77.6,13.6,9.5,19.2,56.6,997.5,20.9,2.13,216.7,364.9
108,Seoul,2016-06-01,145.5,19.9,15.8,25.6,63.5,995.2,22.8,1.62,182.8,441.3
108,Seoul,2016-07-01,110.0,22.0,17.6,26.8,69.2,1004.3,25.7,2.0,193.6,487.5
108,Seoul,2016-08-01,199.8,23.1,19.5,28.0,68.4,1002.7,25.5,2.32,290.9,474.3
108,Seoul,2016-09-01,205.8,20.1,14.8,24.9,73.5,1001.9,22.1,2.64,248.6,586.4
108,Seoul,2016-10-01,170.8,13.4,7.8,18.1,84.5,1003.5,19.3,2.47,176.2,418.1
108,Seoul,2016-11-01,130.1,7.1,3.1,12.3,77.2,999.0,17.3,2.51,164.3,383.3
108,Seoul,2016-12-01,134.4,3.3,-1.1,8.8,70.4,1008.3,17.2,1.81,122.4,260.0
108,Seoul,2017-01-01,41.6,2.6,-1.8,7.9,66.1,1001.8,12.8,2.43,128.7,255.1
108,Seoul,2017-02-01,110.4,6.3,1.6,11.3,57.2,1003.1,16.5,2.6,128.9,154.7
108,Seoul,2017-03-01,65.9,8.4,2.9,13.2,55.6,1007.2,18.1,2.73,132.7,165.2
108,Seoul,2017-04-01,0.0,14.1,11.0,19.8,58.2,1007.2,22.9,2.04,193.3,342.2
108,Seoul,2017-05-01,58.0,16.6,12.2,21.9,57.1,999.1,23.5,2.19,173.4,354.6
108,Seoul,2017-06-01,113.4,24.6,20.6,29.7,58.9,1005.9,28.5,2.07,208.1,380.7
108,Seoul,2017-07-01,205.8,26.6,22.1,31.3,67.1,998.8,26.7,2.65,238.3,526.6
108,Seoul,2017-08-01,178.5,21.7,16.5,26.9,69.8,1004.0,25.2,1.83,264.7,415.7
108,Seoul,2017-09-01,198.4,16.5,11.9,22.0,79.3,1000.0,23.9,2.48,189.2,669.9
108,Seoul,2017-10-01,150.9,13.7,9.2,18.7,75.3,1006.4,19.0,2.37,195.9,449.4
108,Seoul,2017-11-01,181.5,9.1,6.1,14.7,75.6,999.7,19.0,2.28,162.6,425.7
108,Seoul,2017-12-01,127.2,2.0,-3.5,6.8,68.1,1004.9,16.6,1.89,114.7,410.5
108,Seoul,2018-01-01,83.8,2.5,-2.9,7.3,60.8,1007.2,14.5,2.84,118.0,181.5
108,Seoul,2018-02-01,21.8,-0.7,-3.9,5.1,61.9,996.2,16.3,2.73,151.3,216.8
108,Seoul,2018-03-01,59.5,5.5,1.5,10.6,48.8,999.0,17.3,2.07,137.4,135.6
108,Seoul,2018-04-01,0.0,15.5,11.0,20.2,49.3,1003.0,23.6,2.57,153.7,375.7
108,Seoul,2018-05-01,45.9,17.8,13.5,23.0,53.2,1003.1,23.6,1.98,200.0,341.4
108,Seoul,2018-06-01,111.4,20.3,16.5,26.2,62.1,1000.0,26.9,2.21,208.8,604.8
108,Seoul,2018-07-01,156.8,24.4,20.4,30.0,65.2,1005.9,26.0,2.01,216.0,561.9
108,Seoul,2018-08-01,193.5,23.2,19.2,27.8,68.4,996.9,28.9,2.52,252.0,499.6
108,Seoul,2018-09-01,214.0,18.9,15.1,23.8,83.5,999.0,22.4,2.05,272.1,618.4
108,Seoul,2018-10-01,196.5,13.3,9.1,18.1,75.7,1002.1,21.9,2.32,204.1,490.6
108,Seoul,2018-11-01,194.3,10.5,6.0,15.6,74.7,1000.4,20.8,2.47,144.4,380.3
108,Seoul,2018-12-01,116.1,3.9,-1.6,8.5,75.8,1004.6,16.4,2.03,150.3,310.8
108,Seoul,2019-01-01,23.7,2.0,-1.8,7.1,66.6,1001.3,16.3,2.33,56.3,215.0
108,Seoul,2019-02-01,74.5,0.8,-2.8,6.6,56.3,1003.7,13.4,3.05,117.9,222.8
108,Seoul,2019-03-01,71.4,9.3,4.1,14.1,56.3,1000.8,15.9,2.38,91.0,341.1
108,Seoul,2019-04-01,42.9,11.6,6.8,16.6,49.2,1007.2,23.6,2.69,147.7,284.1
108,Seoul,2019-05-01,38.0,21.4,17.6,26.3,59.5,995.7,24.1,2.13,178.0,396.4
108,Seoul,2019-06-01,223.9,20.0,15.6,24.9,59.0,1003.2,22.9,2.44,222.8,509.7
108,Seoul,2019-07-01,186.5,25.6,20.5,30.3,60.9,1000.1,26.8,2.5,220.0,499.7
108,Seoul,2019-08-01,159.7,18.4,14.0,24.0,67.5,1001.2,22.0,2.55,258.5,547.0
108,Seoul,2019-09-01,198.7,18.9,15.3,23.9,79.6,1006.3,24.8,2.77,182.5,637.1
108,Seoul,2019-10-01,215.0,13.7,9.6,19.6,76.0,1004.5,21.3,2.75,170.3,457.5
108,Seoul,2019-11-01,238.1,6.5,3.3,12.0,76.6,1000.5,17.7,2.74,162.5,447.3
108,Seoul,2019-12-01,147.8,6.3,0.5,11.0,70.2,1007.7,18.0,2.05,147.6,395.6
108,Seoul,2020-01-01,131.3,5.5,0.5,10.4,66.7,998.5,15.0,2.5,141.1,298.3
108,Seoul,2020-02-01,54.1,4.8,0.9,10.2,53.7,995.5,18.2,2.1,141.8,286.5
108,Seoul,2020-03-01,2.3,8.4,5.0,13.9,55.0,1001.4,18.3,3.19,89.9,267.1
108,Seoul,2020-04-01,1.9,14.6,9.4,19.5,49.7,1000.0,23.1,3.11,162.0,256.2
108,Seoul,2020-05-01,83.4,21.8,17.4,26.9,52.0,1002.5,26.4,2.56,160.8,351.4
108,Seoul,2020-06-01,153.6,23.5,19.2,28.6,59.5,1001.3,28.3,2.69,185.4,428.0
108,Seoul,2020-07-01,183.7,23.0,17.6,27.7,67.7,1007.9,23.0,2.5,249.3,464.3
108,Seoul,2020-08-01,178.4,20.8,15.7,25.3,78.1,999.5,25.4,2.62,249.7,603.9
108,Seoul,2020-09-01,224.6,20.2,17.0,25.7,78.2,1006.3,25.3,2.85,236.7,567.9
108,Seoul,2020-10-01,205.5,9.3,6.1,14.8,72.8,1009.0,20.1,2.39,195.9,507.8
108,Seoul,2020-11-01,201.2,7.2,2.5,11.7,68.6,1003.2,17.2,2.35,167.5,408.3
108,Seoul,2020-12-01,186.3,3.3,-0.2,8.8,69.1,1010.8,16.4,3.11,168.8,328.4
108,Seoul,2021-01-01,69.2,1.7,-1.7,7.0,65.0,1002.4,15.1,2.8,158.7,204.1
108,Seoul,2021-02-01,13.3,5.0,1.2,9.9,54.6,1002.4,15.6,2.29,160.1,134.6
108,Seoul,2021-03-01,0.0,6.8,1.3,11.7,56.1,1008.1,15.2,2.88,120.2,288.0
108,Seoul,2021-04-01,0.0,13.1,8.3,18.0,47.5,1003.2,19.4,2.6,169.4,387.2
108,Seoul,2021-05-01,52.8,18.5,14.7,24.5,56.8,1006.6,23.9,1.92,203.6,328.0
108,Seoul,2021-06-01,112.8,21.6,17.4,26.6,56.6,1003.1,26.8,3.31,172.3,508.9
108,Seoul,2021-07-01,128.5,24.1,20.8,29.6,62.9,1002.2,27.3,2.59,231.8,476.1
108,Seoul,2021-08-01,226.7,20.6,16.7,26.6,65.4,1002.5,27.2,2.46,235.0,527.8
108,Seoul,2021-09-01,275.5,16.0,12.3,21.4,68.9,1008.0,23.6,2.76,245.9,546.2
108,Seoul,2021-10-01,164.1,11.9,8.4,17.8,79.8,1009.0,21.4,2.77,202.6,461.3
108,Seoul,2021-11-01,183.1,7.8,2.7,12.4,72.3,1005.9,19.5,2.01,196.8,368.0
108,Seoul,2021-12-01,119.6,6.4,1.4,11.6,77.7,1000.6,16.3,2.11,143.6,168.7
108,Seoul,2022-01-01,64.2,1.5,-2.9,7.1,62.9,1006.0,16.6,2.09,115.7,110.6
108,Seoul,2022-02-01,0.0,3.3,-1.8,8.2,57.2,998.7,16.3,2.57,130.1,220.7
108,Seoul,2022-03-01,0.0,6.9,3.1,12.0,54.9,1009.1,19.2,2.0,145.0,282.5
108,Seoul,2022-04-01,8.5,14.7,9.4,19.4,54.6,1003.9,21.3,2.39,132.0,346.6
108,Seoul,2022-05-01,70.0,17.8,13.1,23.3,51.5,994.0,24.5,1.92,183.3,422.3
108,Seoul,2022-06-01,140.1,19.1,15.5,24.7,65.0,1006.7,24.9,2.0,228.0,480.5
108,Seoul,2022-07-01,186.1,21.3,16.7,27.0,65.9,1004.6,24.6,1.86,272.6,705.2
108,Seoul,2022-08-01,216.9,20.0,14.4,24.5,75.7,997.9,24.1,2.48,261.6,559.4
108,Seoul,2022-09-01,159.3,18.6,13.9,24.0,76.8,1000.9,22.7,2.81,241.6,585.3
108,Seoul,2022-10-01,253.8,11.7,6.3,16.3,75.0,1006.3,19.9,2.0,211.6,500.2
108,Seoul,2022-11-01,199.2,8.7,4.6,13.6,74.7,1000.5,19.2,2.27,222.2,480.5
108,Seoul,2022-12-01,141.1,4.9,0.0,9.9,70.2,1003.9,17.3,2.59,173.0,268.5
108,Seoul,2023-01-01,47.6,4.4,1.7,10.3,64.6,1003.1,17.2,2.59,191.4,255.5
108,Seoul,2023-02-01,59.9,2.1,-2.0,6.6,60.4,986.1,16.3,3.17,70.1,311.2
108,Seoul,2023-03-01,0.0,8.7,5.5,14.5,56.2,1007.9,19.8,2.63,117.7,132.4
108,Seoul,2023-04-01,60.9,14.8,11.4,20.8,47.7,999.6,20.0,2.42,159.8,224.2
108,Seoul,2023-05-01,98.7,18.4,15.2,24.0,47.8,1001.5,24.0,2.47,189.5,414.7
108,Seoul,2023-06-01,109.7,21.7,17.1,27.1,60.1,1001.9,24.6,2.61,196.1,513.2
108,Seoul,2023-07-01,167.5,22.9,17.7,27.5,59.2,1004.2,26.1,2.74,218.7,669.6
108,Seoul,2023-08-01,188.0,19.5,15.3,25.3,76.4,1008.2,25.5,2.04,285.3,558.9
108,Seoul,2023-09-01,204.6,20.4,16.1,25.3,76.3,1001.1,23.7,1.66,225.0,624.6
108,Seoul,2023-10-01,222.2,13.0,9.0,18.0,80.5,1004.8,21.3,2.08,231.7,302.1
108,Seoul,2023-11-01,179.9,11.3,8.6,17.1,75.4,1001.3,22.1,2.59,183.8,447.8
108,Seoul,2023-12-01,119.6,9.9,4.6,14.4,65.0,1001.1,20.9,1.87,96.1,311.9
108,Seoul,2024-01-01,119.5,3.1,-0.7,8.1,66.6,1006.2,13.4,2.85,147.2,312.1
108,Seoul,2024-02-01,57.2,5.6,0.3,10.4,52.6,997.5,16.1,2.35,129.7,239.5
108,Seoul,2024-03-01,63.1,9.5,5.3,14.8,51.6,1002.5,19.9,1.04,188.3,278.1
108,Seoul,2024-04-01,15.9,16.5,12.3,21.1,51.3,1009.6,22.4,2.46,180.1,345.1
108,Seoul,2024-05-01,69.6,20.1,15.2,24.8,55.0,1003.4,26.4,2.16,173.0,307.8
108,Seoul,2024-06-01,77.6,21.3,15.8,25.8,60.9,999.1,23.8,2.95,238.2,491.7
108,Seoul,2024-07-01,151.0,24.9,20.7,29.8,73.0,1003.3,25.7,2.56,220.2,472.2
108,Seoul,2024-08-01,225.8,23.7,18.3,28.4,67.6,1002.0,25.4,2.0,287.3,608.0
108,Seoul,2024-09-01,234.0,19.2,15.8,24.4,76.3,1001.7,24.9,2.54,222.4,476.1
108,Seoul,2024-10-01,206.4,12.4,8.6,17.7,80.4,1013.2,20.2,2.18,182.3,502.5
108,Seoul,2024-11-01,173.6,6.4,1.2,11.7,78.6,1000.3,17.8,1.83,165.4,383.2
108,Seoul,2024-12-01,118.6,4.4,0.9,10.1,74.4,1009.3,17.9,2.39,175.2,374.4
108,Seoul,2025-01-01,94.2,-0.3,-4.6,5.7,67.7,1003.6,16.5,2.93,158.0,316.4
108,Seoul,2025-02-01,0.4,5.5,0.6,10.1,58.0,1008.8,17.7,3.21,124.4,366.9
108,Seoul,2025-03-01,30.2,8.4,4.4,13.0,52.9,1000.8,20.4,2.86,156.3,222.4
108,Seoul,2025-04-01,34.9,12.1,7.7,17.9,54.3,1011.0,22.3,2.31,170.7,412.4
108,Seoul,2025-05-01,141.4,19.1,14.6,24.9,56.6,1009.5,25.1,2.58,181.3,380.3
108,Seoul,2025-06-01,113.3,22.2,17.8,26.9,59.2,999.2,26.5,2.95,250.6,502.2
108,Seoul,2025-07-01,186.6,22.4,17.6,27.8,65.2,1003.2,26.6,2.28,225.9,658.3
108,Seoul,2025-08-01,296.1,19.9,15.7,24.7,70.6,1006.3,25.3,2.47,253.2,538.5
108,Seoul,2025-09-01,205.5,17.9,14.3,23.0,71.5,1005.9,23.9,2.64,186.0,466.9
108,Seoul,2025-10-01,224.5,8.7,4.4,13.6,80.0,999.8,20.4,3.68,153.2,531.7
108,Seoul,2025-11-01,103.2,8.2,4.9,13.7,72.2,1006.4,16.7,2.9,169.8,315.8
108,Seoul,2025-12-01,174.8,4.2,-0.5,9.2,68.2,1003.2,16.8,3.01,160.9,320.6
112,Incheon,2001-01-01,70.5,2.1,-0.6,7.9,63.6,1001.3,15.1,1.84,109.3,334.0
112,Incheon,2001-02-01,35.5,5.8,1.4,10.5,58.4,1001.6,17.5,2.2,66.9,275.3
112,Incheon,2001-03-01,38.5,7.3,3.6,12.5,55.4,1009.8,18.6,1.85,133.7,240.9
112,Incheon,2001-04-01,73.0,13.4,8.9,19.0,49.5,997.4,21.2,2.56,109.0,352.3
112,Incheon,2001-05-01,104.2,17.2,13.2,23.1,58.2,996.8,25.1,2.33,177.6,297.5
112,Incheon,2001-06-01,119.9,21.7,18.3,27.6,59.3,1000.0,27.1,1.52,218.7,587.2
112,Incheon,2001-07-01,222.9,24.1,19.1,28.6,63.9,1004.7,25.1,2.7,285.3,552.2
112,Incheon,2001-08-01,160.2,18.7,15.7,24.5,74.1,1000.6,25.5,2.34,221.7,555.9
112,Incheon,2001-09-01,178.1,20.9,16.7,26.2,77.6,1005.3,24.3,1.98,226.1,622.0
112,Incheon,2001-10-01,189.0,12.1,6.6,16.6,77.3,1005.2,22.8,2.54,226.1,533.2
112,Incheon,2001-11-01,132.1,6.3,2.5,11.5,78.2,1004.6,17.8,1.36,231.4,346.3
112,Incheon,2001-12-01,196.8,1.2,-2.5,7.0,72.3,999.2,13.9,1.85,169.4,352.7
112,Incheon,2002-01-01,140.9,1.4,-2.0,6.9,63.8,1001.6,16.1,2.81,152.8,193.5
112,Incheon,2002-02-01,77.7,3.5,0.4,9.3,57.0,1010.5,17.1,2.47,113.4,366.8
112,Incheon,2002-03-01,75.7,6.0,3.1,11.8,55.1,1000.6,18.6,2.98,95.2,176.4
112,Incheon,2002-04-01,25.8,12.1,8.4,17.3,56.3,1002.1,20.2,1.82,169.5,339.5
112,Incheon,2002-05-01,122.5,17.8,13.4,22.7,57.7,997.0,24.4,2.39,153.5,274.9
112,Incheon,2002-06-01,120.2,23.1,18.7,29.0,65.9,1002.4,27.9,2.22,197.1,449.3
112,Incheon,2002-07-01,100.4,24.8,20.5,30.1,62.8,999.3,25.3,2.32,276.0,681.5
112,Incheon,2002-08-01,149.1,20.3,15.7,26.1,72.0,1000.1,25.2,2.21,280.4,612.8
112,Incheon,2002-09-01,243.4,13.7,8.5,18.7,80.0,995.7,20.9,1.92,274.7,570.5
112,Incheon,2002-10-01,180.4,12.9,8.1,18.1,77.1,1006.5,18.1,2.25,235.2,402.9
112,Incheon,2002-11-01,180.5,7.9,4.0,13.1,74.8,1006.8,16.6,2.31,168.6,391.7
112,Incheon,2002-12-01,154.7,5.0,1.1,10.2,68.4,1004.0,19.3,2.07,153.6,298.4
112,Incheon,2003-01-01,75.3,0.4,-4.0,5.4,68.6,1001.2,13.8,2.89,152.9,256.6
112,Incheon,2003-02-01,69.4,3.1,-0.2,8.9,62.2,1000.8,18.7,2.27,120.5,265.5
112,Incheon,2003-03-01,30.8,7.8,2.1,12.5,52.3,1002.9,18.3,2.75,125.5,352.6
112,Incheon,2003-04-01,37.2,12.9,8.0,17.6,49.4,1001.0,22.5,2.39,137.9,383.6
112,Incheon,2003-05-01,131.8,20.2,15.2,25.0,61.0,1003.7,24.1,2.69,205.2,365.7
112,Incheon,2003-06-01,132.7,23.3,17.9,28.1,55.1,998.7,25.2,2.59,201.9,451.1
112,Incheon,2003-07-01,174.3,21.1,16.7,26.2,64.7,1001.9,25.6,1.59,245.4,742.0
112,Incheon,2003-08-01,203.0,21.5,16.3,26.5,74.4,994.1,26.1,3.43,255.6,510.7
112,Incheon,2003-09-01,229.9,15.7,11.1,21.0,75.7,999.5,21.7,2.99,234.5,522.3
112,Incheon,2003-10-01,167.2,9.4,5.5,15.0,80.4,1001.0,21.9,2.11,204.0,425.2
112,Incheon,2003-11-01,207.2,10.6,7.1,16.4,79.8,997.4,21.0,2.89,182.0,433.0
112,Incheon,2003-12-01,186.6,6.8,3.0,12.5,67.8,1007.3,16.2,2.3,152.6,279.8
112,Incheon,2004-01-01,87.3,7.2,2.3,12.1,68.6,1004.4,20.2,2.47,121.8,137.1
112,Incheon,2004-02-01,0.0,0.5,-2.8,6.4,63.4,1003.8,14.8,2.06,135.6,171.7
112,Incheon,2004-03-01,0.0,9.2,6.1,14.9,56.9,1003.3,20.0,2.07,179.8,209.3
112,Incheon,2004-04-01,97.2,11.7,8.3,17.7,57.0,999.8,22.5,3.14,143.5,312.1
112,Incheon,2004-05-01,59.2,16.5,12.5,22.4,51.3,1009.3,24.2,3.25,168.7,407.6
112,Incheon,2004-06-01,101.9,22.0,16.5,26.9,60.1,1002.4,24.9,2.04,228.2,419.7
112,Incheon,2004-07-01,190.4,26.5,21.1,31.3,63.1,1004.1,27.6,1.84,241.6,555.3
112,Incheon,2004-08-01,274.3,21.2,17.5,26.3,67.4,1005.6,26.8,2.02,240.6,497.1
112,Incheon,2004-09-01,213.7,19.0,14.5,24.3,71.4,1000.2,26.8,2.43,206.9,537.0
112,Incheon,2004-10-01,151.4,10.8,7.5,16.4,83.6,1002.8,20.1,2.66,143.2,502.3
112,Incheon,2004-11-01,170.8,10.2,5.3,15.4,79.7,1002.2,18.3,2.48,174.9,492.3
112,Incheon,2004-12-01,136.9,4.1,1.0,9.7,73.7,1009.2,17.7,2.47,181.0,304.5
112,Incheon,2005-01-01,78.7,4.8,2.0,10.8,63.4,1009.3,18.6,2.53,120.0,264.0
112,Incheon,2005-02-01,42.0,3.8,-2.0,8.3,57.7,1007.2,18.1,2.79,113.1,265.3
112,Incheon,2005-03-01,32.7,5.3,2.0,11.0,63.7,1009.3,18.6,2.5,132.1,183.9
112,Incheon,2005-04-01,0.0,11.2,7.9,16.6,51.1,1002.2,20.0,2.14,141.5,413.4
112,Incheon,2005-05-01,100.7,16.8,12.8,22.1,51.9,999.8,24.6,2.23,152.6,397.4
112,Incheon,2005-06-01,129.1,18.6,13.6,23.5,60.6,1011.7,25.6,2.98,280.0,535.5
112,Incheon,2005-07-01,178.2,24.0,20.8,29.6,62.7,1004.1,25.8,2.13,242.3,547.6
112,Incheon,2005-08-01,139.8,19.5,15.1,24.3,72.5,1003.7,25.8,2.7,266.8,616.5
112,Incheon,2005-09-01,227.3,19.6,15.7,24.8,79.8,993.4,23.9,2.28,260.8,650.2
112,Incheon,2005-10-01,156.5,15.1,10.8,20.3,76.2,1001.7,19.8,2.66,227.0,553.2
112,Incheon,2005-11-01,157.3,7.5,2.8,12.9,65.5,999.5,18.5,1.97,173.5,392.4
112,Incheon,2005-12-01,102.0,4.3,0.2,9.4,69.4,1002.9,16.7,1.7,161.5,282.9
112,Incheon,2006-01-01,121.7,4.3,-1.5,8.9,63.7,998.6,15.4,2.9,165.2,175.2
112,Incheon,2006-02-01,26.7,4.6,0.5,9.2,53.4,1005.5,13.7,2.22,124.1,244.9
112,Incheon,2006-03-01,25.0,7.3,3.8,12.4,52.3,1003.5,18.8,3.09,147.7,317.0
112,Incheon,2006-04-01,21.4,12.2,7.4,17.2,49.5,1008.2,21.9,2.28,166.0,323.4
112,Incheon,2006-05-01,102.7,15.6,11.6,20.8,56.8,1000.4,18.7,1.97,178.5,403.8
112,Incheon,2006-06-01,183.9,22.1,18.1,27.6,62.9,1000.3,25.6,1.96,245.5,513.5
112,Incheon,2006-07-01,147.7,22.5,17.8,27.8,63.1,1000.0,26.4,2.26,220.6,475.7
112,Incheon,2006-08-01,210.0,20.7,16.8,26.4,73.6,1005.5,26.0,2.3,225.8,517.4
112,Incheon,2006-09-01,199.2,18.2,13.3,23.0,72.0,996.2,24.7,2.21,211.0,490.3
112,Incheon,2006-10-01,222.1,14.9,11.7,20.2,80.8,995.7,25.1,3.38,142.3,484.1
112,Incheon,2006-11-01,147.3,7.8,4.0,12.6,75.0,999.7,18.0,2.61,150.4,301.2
112,Incheon,2006-12-01,194.7,3.7,-0.6,8.3,69.6,1005.8,18.8,2.63,112.0,227.0
112,Incheon,2007-01-01,63.5,2.6,-1.4,7.6,61.2,1009.6,18.5,2.3,139.0,170.2
112,Incheon,2007-02-01,64.6,3.5,-1.0,8.5,57.4,1002.3,17.7,2.09,163.4,140.5
112,Incheon,2007-03-01,86.5,6.1,2.8,11.4,53.4,1006.6,19.9,2.88,117.9,255.2
112,Incheon,2007-04-01,15.4,10.5,7.1,16.4,53.9,995.5,20.1,3.01,178.0,274.9
112,Incheon,2007-05-01,28.6,19.0,13.4,23.7,53.9,1010.1,21.3,2.77,177.5,380.1
112,Incheon,2007-06-01,77.1,21.9,17.6,27.6,62.5,1000.2,24.3,1.85,246.8,443.3
112,Incheon,2007-07-01,224.3,23.4,19.8,28.8,67.3,1002.5,25.9,2.68,228.4,508.0
112,Incheon,2007-08-01,228.3,20.7,17.4,26.6,66.8,1009.6,27.6,2.75,230.3,562.0
112,Incheon,2007-09-01,268.4,17.1,13.8,22.4,75.2,1010.0,21.1,2.61,283.7,557.7
112,Incheon,2007-10-01,198.0,10.6,6.2,16.1,76.7,998.3,22.4,2.86,209.2,420.8
112,Incheon,2007-11-01,226.3,7.1,3.2,12.4,73.1,997.6,17.3,2.7,170.6,421.3
112,Incheon,2007-12-01,99.7,4.0,-0.2,9.4,72.3,997.3,19.0,2.21,176.3,302.6
112,Incheon,2008-01-01,98.9,3.4,-0.8,9.1,62.3,1006.7,16.0,2.54,116.5,247.1
112,Incheon,2008-02-01,5.1,5.2,1.1,9.7,58.8,1004.0,15.9,2.35,94.9,360.7
112,Incheon,2008-03-01,67.1,7.6,3.5,13.4,45.7,1001.7,16.7,2.31,133.2,299.3
112,Incheon,2008-04-01,2.9,14.1,9.1,18.6,51.2,1008.6,21.2,3.11,130.2,354.6
112,Incheon,2008-05-01,75.4,17.9,12.9,22.5,45.3,990.6,25.1,2.89,227.2,398.9
112,Incheon,2008-06-01,79.8,21.5,17.0,26.0,64.8,1011.7,25.7,2.4,177.6,582.8
112,Incheon,2008-07-01,175.2,22.0,18.6,27.5,65.5,996.9,27.4,2.36,260.9,543.8
112,Incheon,2008-08-01,202.5,19.9,15.5,24.7,69.3,1002.8,24.5,1.72,234.2,627.7
112,Incheon,2008-09-01,206.8,18.1,13.6,22.6,71.8,1002.7,24.8,1.98,222.6,473.0
112,Incheon,2008-10-01,240.2,13.0,8.7,17.9,75.7,998.3,19.4,1.82,183.3,571.4
112,Incheon,2008-11-01,146.8,8.0,3.7,13.7,71.8,1003.5,19.0,3.33,195.8,364.4
112,Incheon,2008-12-01,149.0,7.4,2.6,12.8,70.2,1001.7,17.9,1.88,185.1,224.6
112,Incheon,2009-01-01,70.5,4.8,0.0,9.7,60.3,1002.6,15.7,2.48,93.0,292.9
112,Incheon,2009-02-01,46.8,4.3,-0.2,9.6,56.5,1001.3,16.5,2.36,99.2,98.6
112,Incheon,2009-03-01,10.4,9.1,3.2,13.6,61.5,1006.4,20.9,2.71,170.8,355.2
112,Incheon,2009-04-01,76.0,13.6,10.4,19.1,51.8,1005.5,20.5,2.32,91.1,413.4
112,Incheon,2009-05-01,69.8,18.2,13.7,23.7,59.7,997.8,27.5,2.83,185.2,485.5
112,Incheon,2009-06-01,84.1,20.6,15.7,26.2,61.0,1004.8,28.1,1.77,250.2,456.4
112,Incheon,2009-07-01,156.9,20.9,16.4,26.0,61.1,1005.7,24.0,1.91,218.8,576.1
112,Incheon,2009-08-01,197.6,21.4,16.7,26.7,69.9,998.5,25.5,2.59,203.5,526.6
112,Incheon,2009-09-01,194.8,17.5,12.8,22.7,69.8,996.5,22.8,2.33,195.6,519.5
112,Incheon,2009-10-01,193.2,12.5,7.8,17.4,82.2,1005.1,19.5,2.44,213.1,562.9
112,Incheon,2009-11-01,151.5,9.7,3.8,14.2,79.9,1004.1,18.7,2.6,175.5,500.8
112,Incheon,2009-12-01,127.7,3.2,-1.0,8.7,72.9,1000.3,18.0,1.88,153.2,379.0
112,Incheon,2010-01-01,2.2,5.9,2.5,11.2,67.0,1006.3,18.0,2.8,141.0,349.8
112,Incheon,2010-02-01,61.0,7.7,3.2,12.5,68.1,1001.1,20.5,2.41,146.5,178.7
112,Incheon,2010-03-01,51.9,7.0,2.5,12.6,57.9,994.7,18.2,2.56,133.6,301.8
112,Incheon,2010-04-01,29.9,12.3,8.4,18.1,55.1,1001.8,19.7,2.53,180.7,372.3
112,Incheon,2010-05-01,72.8,19.1,15.9,24.4,52.2,1000.2,25.5,2.38,153.8,298.9
112,Incheon,2010-06-01,154.1,21.3,16.8,25.8,54.4,1002.5,24.6,2.55,241.0,410.2
112,Incheon,2010-07-01,192.4,24.9,20.9,29.7,66.5,1003.9,27.7,2.62,207.4,615.3
112,Incheon,2010-08-01,248.1,21.2,18.2,27.0,71.7,998.1,24.9,1.84,255.2,590.0
112,Incheon,2010-09-01,162.4,17.7,14.1,23.6,74.0,999.6,22.6,2.18,232.4,564.8
112,Incheon,2010-10-01,200.6,12.2,7.6,17.3,74.3,1000.9,25.6,2.57,175.5,540.6
112,Incheon,2010-11-01,140.6,9.4,4.1,14.5,81.0,1005.5,20.7,2.57,168.9,436.7
112,Incheon,2010-12-01,167.3,4.5,-0.3,9.6,71.7,1004.5,17.0,1.9,147.7,323.3
112,Incheon,2011-01-01,62.9,2.7,-0.1,8.5,67.3,1004.2,14.2,3.12,124.5,239.3
112,Incheon,2011-02-01,30.7,2.6,-1.1,8.6,60.6,1003.1,17.2,2.43,115.2,240.3
112,Incheon,2011-03-01,14.6,7.6,3.3,13.4,52.4,1006.2,17.3,2.17,114.8,179.8
112,Incheon,2011-04-01,78.3,11.1,6.3,16.4,51.0,1002.4,18.7,2.73,171.2,354.3
112,Incheon,2011-05-01,96.3,17.2,14.5,23.1,59.1,1005.9,22.5,2.42,172.5,332.3
112,Incheon,2011-06-01,131.2,21.2,16.0,26.0,53.5,1001.2,24.9,2.05,226.3,486.1
112,Incheon,2011-07-01,192.7,22.4,19.2,27.7,60.6,1004.8,24.4,2.77,223.5,619.6
112,Incheon,2011-08-01,168.0,20.1,15.4,25.6,76.8,1002.9,27.5,2.28,267.5,523.5
112,Incheon,2011-09-01,234.7,13.6,10.4,19.3,70.8,1004.7,23.0,2.2,207.7,527.4
112,Incheon,2011-10-01,173.5,13.3,8.5,17.8,82.9,1000.2,23.0,1.98,211.8,561.0
112,Incheon,2011-11-01,212.1,7.8,2.5,12.3,73.5,1005.8,21.0,2.59,194.2,440.3
112,Incheon,2011-12-01,73.9,4.5,-0.0,10.1,78.6,1002.5,15.9,2.86,126.3,283.2
112,Incheon,2012-01-01,121.2,3.2,-0.8,8.1,63.6,1009.8,15.1,2.82,172.4,193.1
112,Incheon,2012-02-01,36.0,4.7,0.9,10.0,58.2,1002.5,17.1,2.43,124.1,184.1
112,Incheon,2012-03-01,10.6,8.3,4.0,12.8,55.7,996.1,17.3,2.29,106.6,341.9
112,Incheon,2012-04-01,43.4,13.7,8.8,18.3,48.7,1002.4,19.7,2.29,86.0,242.3
112,Incheon,2012-05-01,128.7,19.0,14.6,24.3,57.0,1001.0,22.6,2.86,181.6,549.6
112,Incheon,2012-06-01,112.2,25.3,21.2,29.8,64.9,998.4,26.2,1.99,179.3,530.0
112,Incheon,2012-07-01,165.6,23.3,19.4,28.1,69.5,1001.2,26.8,2.65,266.2,549.6
112,Incheon,2012-08-01,132.9,21.8,16.4,26.8,71.5,1001.2,23.4,2.67,225.9,555.6
112,Incheon,2012-09-01,203.8,20.5,14.7,25.0,73.9,1004.6,26.5,2.66,249.1,592.3
112,Incheon,2012-10-01,159.0,10.8,6.3,16.6,73.3,995.7,18.3,2.3,208.3,442.4
112,Incheon,2012-11-01,175.3,6.3,2.5,12.3,77.8,1004.2,16.0,2.36,149.1,393.5
112,Incheon,2012-12-01,98.9,4.9,0.9,10.0,62.5,1005.8,18.3,2.09,150.4,321.0
112,Incheon,2013-01-01,131.6,0.5,-3.6,5.6,64.0,996.2,13.9,1.29,134.1,292.7
112,Incheon,2013-02-01,10.8,3.2,-1.9,8.6,54.4,1002.7,15.2,2.28,88.4,232.9
112,Incheon,2013-03-01,24.8,8.0,3.8,13.9,49.5,1005.3,18.4,2.33,154.2,200.9
112,Incheon,2013-04-01,90.0,14.5,11.2,20.3,45.3,1007.3,22.3,2.1,179.3,258.3
112,Incheon,2013-05-01,62.7,18.1,14.3,23.8,58.4,1003.7,25.8,2.85,180.2,259.8
112,Incheon,2013-06-01,86.3,22.8,19.3,27.9,60.2,1008.5,25.1,2.14,208.7,511.1
112,Incheon,2013-07-01,167.1,24.1,19.5,29.7,59.4,1004.3,26.2,2.74,235.7,603.2
112,Incheon,2013-08-01,214.1,21.9,17.9,27.3,75.3,1005.2,24.1,2.47,180.7,545.6
112,Incheon,2013-09-01,253.6,17.5,12.3,22.8,74.0,1004.2,24.1,2.78,226.7,545.9
112,Incheon,2013-10-01,160.6,11.7,7.2,17.7,73.2,1009.2,20.4,2.49,197.2,382.6
112,Incheon,2013-11-01,205.3,4.5,1.0,9.5,73.3,1004.4,15.7,1.66,160.0,355.1
112,Incheon,2013-12-01,97.9,5.5,2.1,10.9,71.6,1007.3,17.2,2.72,145.7,336.1
112,Incheon,2014-01-01,24.9,-1.7,-5.6,3.8,66.7,1001.7,16.1,2.22,138.6,279.8
112,Incheon,2014-02-01,102.9,3.7,-0.1,8.8,64.4,1005.2,17.1,3.65,128.1,141.9
112,Incheon,2014-03-01,23.1,6.7,1.6,11.4,52.6,997.9,20.1,2.52,122.4,289.6
112,Incheon,2014-04-01,59.2,13.3,8.9,18.4,55.3,1006.1,21.5,2.31,188.3,281.3
112,Incheon,2014-05-01,91.2,17.9,13.4,23.7,53.4,1000.8,21.6,2.14,186.7,476.0
112,Incheon,2014-06-01,144.4,17.2,13.3,22.5,60.6,1002.8,23.0,2.36,209.4,570.7
112,Incheon,2014-07-01,171.8,24.2,21.1,29.7,58.7,1007.0,26.2,2.69,207.6,484.8
112,Incheon,2014-08-01,276.4,19.6,15.1,25.1,69.5,1002.6,22.6,2.39,212.9,556.3
112,Incheon,2014-09-01,252.4,18.5,13.5,23.4,75.4,1000.7,24.8,2.33,202.8,666.8
112,Incheon,2014-10-01,206.7,13.0,9.0,17.9,75.2,996.9,19.9,2.93,230.8,474.7
112,Incheon,2014-11-01,220.6,9.7,5.4,14.2,76.5,1000.0,19.1,2.52,137.8,388.6
112,Incheon,2014-12-01,114.4,5.8,1.2,11.0,69.3,1007.3,17.4,3.12,166.6,285.4
112,Incheon,2015-01-01,85.9,2.7,-3.0,7.4,62.1,1005.5,17.6,1.52,162.4,235.7
112,Incheon,2015-02-01,0.0,-0.5,-5.7,4.5,58.8,1006.3,13.4,1.96,109.7,222.0
112,Incheon,2015-03-01,38.1,6.2,2.1,11.7,51.6,1001.2,19.5,2.35,110.7,299.7
112,Incheon,2015-04-01,117.7,12.7,8.6,18.3,50.9,1003.2,19.2,2.32,134.3,285.8
112,Incheon,2015-05-01,51.3,18.0,13.5,22.5,48.1,999.9,21.0,2.5,192.6,415.4
112,Incheon,2015-06-01,97.4,22.5,17.9,27.1,61.6,1005.9,27.0,2.16,239.5,460.4
112,Incheon,2015-07-01,195.4,21.3,18.5,27.2,63.9,1003.0,25.0,3.1,202.9,522.1
112,Incheon,2015-08-01,175.6,20.3,15.4,25.8,68.5,999.8,23.1,2.92,268.0,573.6
112,Incheon,2015-09-01,171.1,16.2,11.6,20.9,68.2,1001.7,24.9,2.31,269.2,594.8
112,Incheon,2015-10-01,169.3,12.4,7.4,17.5,73.6,1009.2,19.3,2.83,199.1,488.5
112,Incheon,2015-11-01,192.2,6.7,3.4,12.0,76.9,993.5,17.7,2.74,195.6,322.1
112,Incheon,2015-12-01,84.1,3.2,-1.6,8.2,71.7,995.5,16.1,2.52,142.9,341.5
112,Incheon,2016-01-01,85.3,1.7,-3.1,7.1,61.7,1001.3,16.3,2.97,127.1,277.4
112,Incheon,2016-02-01,0.0,4.8,-0.1,9.7,57.1,1002.5,18.5,2.36,92.3,373.1
112,Incheon,2016-03-01,0.0,8.2,3.3,12.9,53.9,1002.6,18.1,1.95,181.8,230.9
112,Incheon,2016-04-01,63.6,11.6,7.1,17.5,47.6,1002.5,20.1,2.87,120.1,275.4
112,Incheon,2016-05-01,46.1,19.5,16.7,25.3,58.0,1002.2,22.6,1.85,201.5,324.4
112,Incheon,2016-06-01,138.7,22.3,16.8,26.8,55.7,998.8,26.5,2.15,141.2,528.9
112,Incheon,2016-07-01,136.2,23.7,20.2,28.7,68.5,1003.2,28.8,1.98,231.8,596.3
112,Incheon,2016-08-01,200.6,23.4,19.5,28.5,78.4,1003.7,27.1,2.88,210.3,501.3
112,Incheon,2016-09-01,264.0,18.5,14.9,23.4,67.0,1002.1,22.6,2.77,256.8,590.5
112,Incheon,2016-10-01,221.1,10.4,5.2,15.6,81.4,1011.7,17.3,2.24,191.4,500.4
112,Incheon,2016-11-01,173.0,7.1,2.3,12.6,71.7,999.3,17.8,1.91,178.8,390.1
112,Incheon,2016-12-01,97.5,5.1,0.4,10.7,70.3,1003.4,16.5,2.4,167.8,285.3
112,Incheon,2017-01-01,95.6,1.5,-3.8,6.7,68.0,1003.9,17.6,1.94,91.1,207.1
112,Incheon,2017-02-01,0.0,1.8,-1.6,7.1,57.3,1002.1,14.7,3.06,101.6,140.7
112,Incheon,2017-03-01,57.9,6.7,4.1,12.7,57.6,1007.7,17.5,2.1,146.6,278.6
112,Incheon,2017-04-01,0.0,10.6,6.3,16.2,52.1,1002.5,17.6,1.96,138.1,269.7
112,Incheon,2017-05-01,81.6,18.3,15.2,23.9,58.5,999.5,21.5,2.26,140.1,400.9
112,Incheon,2017-06-01,97.7,18.7,13.1,23.5,53.3,1006.4,22.7,2.84,191.7,457.5
112,Incheon,2017-07-01,184.6,23.2,19.9,28.9,66.9,1005.5,26.8,2.34,195.8,591.8
112,Incheon,2017-08-01,208.7,21.0,16.3,26.0,76.8,1002.6,25.5,2.24,198.3,571.6
112,Incheon,2017-09-01,231.7,18.3,14.3,24.1,70.0,1011.0,22.4,2.97,208.6,544.9
112,Incheon,2017-10-01,229.2,11.9,7.4,16.7,78.6,1002.1,21.3,3.03,206.7,593.8
112,Incheon,2017-11-01,151.1,8.9,5.6,14.2,76.1,1003.3,17.8,2.54,183.7,395.6
112,Incheon,2017-12-01,122.6,4.6,-0.1,9.2,68.7,1014.2,14.5,2.17,137.4,432.4
112,Incheon,2018-01-01,31.3,2.8,-0.9,8.7,69.3,1008.4,15.7,2.48,81.4,250.1
112,Incheon,2018-02-01,14.9,4.0,-0.3,9.0,53.1,1004.1,14.7,2.06,148.9,255.3
112,Incheon,2018-03-01,70.2,10.9,5.3,15.5,49.5,1006.2,19.0,2.03,143.4,300.8
112,Incheon,2018-04-01,74.8,13.6,8.4,18.3,54.1,1005.2,21.5,2.74,109.3,302.1
112,Incheon,2018-05-01,29.1,18.8,13.1,23.4,55.1,1005.9,20.6,2.19,189.1,226.2
112,Incheon,2018-06-01,90.8,23.7,19.6,28.4,62.1,1003.4,27.0,2.27,212.9,452.1
112,Incheon,2018-07-01,216.7,25.6,20.4,30.4,61.7,1007.6,28.0,2.53,216.1,581.4
112,Incheon,2018-08-01,169.3,22.9,17.7,27.7,73.5,997.1,26.1,3.26,218.3,576.4
112,Incheon,2018-09-01,269.5,18.4,13.6,24.0,71.9,1007.7,22.2,2.32,230.3,618.0
112,Incheon,2018-10-01,228.8,12.9,9.5,18.7,91.1,1005.8,21.5,1.88,194.1,477.2
112,Incheon,2018-11-01,153.8,8.0,3.1,13.0,74.8,998.5,20.5,2.38,136.8,442.7
112,Incheon,2018-12-01,160.9,-0.5,-4.8,5.5,73.6,1001.7,13.5,2.69,138.3,342.5
112,Incheon,2019-01-01,38.6,0.7,-2.7,5.8,68.2,1001.6,13.7,2.94,90.0,319.2
112,Incheon,2019-02-01,88.9,5.5,1.8,10.7,58.3,998.3,15.9,2.66,136.2,157.0
112,Incheon,2019-03-01,53.7,8.1,4.9,13.7,58.3,1005.2,20.3,1.89,125.0,241.8
112,Incheon,2019-04-01,34.2,14.1,8.4,18.7,52.4,1000.1,23.0,2.54,124.5,298.4
112,Incheon,2019-05-01,16.5,18.3,12.8,23.1,60.2,998.2,24.6,3.27,206.9,398.1
112,Incheon,2019-06-01,85.3,19.3,14.9,24.5,56.5,1001.5,24.1,2.59,179.1,449.1
112,Incheon,2019-07-01,166.9,22.4,18.1,27.7,59.4,1004.3,26.7,2.35,201.6,661.4
112,Incheon,2019-08-01,169.8,22.2,18.3,27.7,77.0,1004.9,25.0,2.84,224.2,589.8
112,Incheon,2019-09-01,174.7,16.1,12.5,21.3,69.4,1004.9,21.4,2.91,223.2,488.5
112,Incheon,2019-10-01,209.9,11.0,7.0,16.5,76.5,1005.5,18.8,1.88,220.2,424.0
112,Incheon,2019-11-01,134.0,9.4,4.2,14.3,73.2,999.7,21.8,2.76,169.5,434.6
112,Incheon,2019-12-01,77.5,3.8,-0.3,8.3,70.7,1004.6,16.2,2.33,142.6,284.4
112,Incheon,2020-01-01,85.6,3.0,-0.5,8.7,61.5,1005.2,18.5,2.46,117.7,257.6
112,Incheon,2020-02-01,2.9,6.7,1.0,11.4,58.4,1001.3,19.7,2.32,123.9,254.4
112,Incheon,2020-03-01,4.1,7.8,3.1,13.3,55.5,1003.2,18.8,2.41,134.5,324.4
112,Incheon,2020-04-01,1.4,12.3,8.9,17.5,54.6,1014.1,21.6,2.85,142.3,250.4
112,Incheon,2020-05-01,66.5,18.4,14.5,24.1,53.9,1001.3,23.8,2.69,201.0,339.6
112,Incheon,2020-06-01,151.7,20.5,15.3,25.6,64.5,1001.0,25.1,2.64,188.2,485.6
112,Incheon,2020-07-01,163.2,22.4,17.5,27.2,62.9,1004.9,26.1,1.84,244.9,471.1
112,Incheon,2020-08-01,229.3,20.6,15.4,25.8,71.4,1006.4,23.7,2.16,251.4,608.8
112,Incheon,2020-09-01,134.8,20.3,16.9,26.2,74.9,995.3,26.1,2.17,245.6,542.8
112,Incheon,2020-10-01,215.6,10.9,6.8,16.8,84.9,1012.1,22.8,2.91,207.9,560.0
112,Incheon,2020-11-01,169.1,4.6,1.3,10.5,75.3,998.6,16.4,1.67,203.6,303.8
112,Incheon,2020-12-01,135.0,2.4,-2.1,8.0,69.8,1007.0,14.1,2.1,90.3,178.9
112,Incheon,2021-01-01,140.4,6.2,2.1,11.3,64.0,1006.9,16.9,2.5,127.7,210.0
112,Incheon,2021-02-01,24.3,3.9,0.3,9.8,57.3,1004.0,19.0,2.33,143.0,112.5
112,Incheon,2021-03-01,13.5,7.3,3.8,13.0,54.3,1009.2,17.3,2.31,136.3,255.2
112,Incheon,2021-04-01,97.5,14.1,8.7,18.7,50.4,1002.2,19.6,2.59,140.4,269.7
112,Incheon,2021-05-01,95.0,15.7,11.8,21.2,58.7,1001.4,23.5,2.47,198.6,406.6
112,Incheon,2021-06-01,66.8,22.8,18.6,28.3,61.4,999.5,24.8,2.66,202.4,546.2
112,Incheon,2021-07-01,166.3,25.1,20.5,29.6,63.7,1003.4,28.6,2.38,245.2,558.7
112,Incheon,2021-08-01,211.6,24.2,20.4,29.4,71.8,999.7,26.4,2.52,261.3,625.0
112,Incheon,2021-09-01,181.2,19.5,14.7,24.6,80.1,1008.6,24.7,2.68,251.1,639.6
112,Incheon,2021-10-01,232.8,11.1,7.0,15.9,75.2,999.1,20.7,2.29,218.2,534.6
112,Incheon,2021-11-01,152.7,5.7,1.8,11.2,75.9,998.1,17.2,2.69,195.1,352.7
112,Incheon,2021-12-01,84.1,3.8,-0.7,9.4,69.2,1004.7,18.9,2.48,109.2,322.2
112,Incheon,2022-01-01,149.0,1.2,-4.1,5.9,65.3,1004.5,16.7,2.43,160.0,237.1
112,Incheon,2022-02-01,30.5,3.0,-0.5,8.3,66.2,1005.4,17.2,2.23,113.9,279.1
112,Incheon,2022-03-01,100.3,10.3,6.6,15.4,55.3,1000.2,17.5,1.95,129.3,226.6
112,Incheon,2022-04-01,0.0,13.4,9.1,17.9,51.7,1001.8,20.0,2.77,102.4,190.9
112,Incheon,2022-05-01,77.6,17.3,12.7,23.2,51.4,1002.8,22.9,3.02,171.9,396.8
112,Incheon,2022-06-01,211.6,21.4,16.8,26.3,61.6,1003.8,25.5,2.44,195.6,509.5
112,Incheon,2022-07-01,243.5,24.8,20.0,29.9,62.0,1001.5,28.4,2.99,212.7,526.9
112,Incheon,2022-08-01,283.6,22.0,17.8,26.8,71.9,1001.4,26.8,2.94,214.1,558.9
112,Incheon,2022-09-01,252.0,17.7,12.7,22.8,79.3,1001.1,23.7,1.92,209.6,563.3
112,Incheon,2022-10-01,208.4,11.7,7.1,16.5,78.6,995.3,18.7,1.65,220.5,381.8
112,Incheon,2022-11-01,173.6,10.8,5.9,15.6,76.4,999.3,18.0,2.35,210.7,436.0
112,Incheon,2022-12-01,100.0,5.1,1.0,10.5,68.1,1003.8,16.9,2.34,145.6,311.3
112,Incheon,2023-01-01,96.4,2.9,-0.3,8.2,67.9,1001.4,16.0,2.86,100.5,352.4
112,Incheon,2023-02-01,0.0,3.8,-1.4,8.8,57.2,1001.6,15.8,2.44,111.8,212.0
112,Incheon,2023-03-01,0.0,7.3,3.1,13.1,59.2,1002.6,19.8,1.96,147.2,209.8
112,Incheon,2023-04-01,1.3,13.1,7.9,17.7,58.2,1000.1,22.4,2.14,155.6,323.0
112,Incheon,2023-05-01,100.7,18.0,13.3,23.4,60.7,1000.5,20.9,2.6,171.7,392.1
112,Incheon,2023-06-01,144.5,21.2,15.7,25.9,64.1,1002.8,23.1,1.92,213.5,422.2
112,Incheon,2023-07-01,117.8,23.8,20.3,29.0,66.0,1003.3,27.4,2.64,166.8,541.5
112,Incheon,2023-08-01,225.4,20.2,16.1,26.0,71.3,1008.7,26.7,2.35,235.0,409.0
112,Incheon,2023-09-01,208.6,15.2,12.3,20.8,77.8,1008.5,22.4,3.31,237.8,477.3
112,Incheon,2023-10-01,187.6,12.4,8.6,17.4,76.0,1002.5,20.0,2.72,226.0,560.0
112,Incheon,2023-11-01,160.9,9.8,6.0,14.9,71.1,1003.3,21.3,2.16,168.1,387.0
112,Incheon,2023-12-01,145.0,2.8,-1.4,8.6,69.0,1008.3,16.4,2.1,180.9,274.9
112,Incheon,2024-01-01,127.2,5.2,1.0,10.2,73.0,1005.0,16.6,2.78,145.6,322.8
112,Incheon,2024-02-01,19.5,4.7,-0.5,9.8,58.9,1004.6,16.7,2.3,98.3,267.4
112,Incheon,2024-03-01,82.1,7.4,3.0,12.1,54.6,997.3,16.1,2.09,74.6,328.6
112,Incheon,2024-04-01,55.6,12.5,9.0,18.0,53.0,1011.0,19.9,2.75,138.0,313.3
112,Incheon,2024-05-01,120.0,17.1,12.2,22.4,54.8,1007.2,22.2,2.96,186.8,426.1
112,Incheon,2024-06-01,129.6,20.4,16.3,25.9,62.4,1001.9,22.7,1.73,166.8,527.1
112,Incheon,2024-07-01,132.2,23.4,18.2,28.5,66.5,1003.2,22.2,2.27,242.6,654.3
112,Incheon,2024-08-01,266.3,19.0,14.2,24.5,76.3,1006.8,24.8,2.47,274.5,652.7
112,Incheon,2024-09-01,260.5,19.2,14.3,23.7,78.2,1002.1,23.3,2.85,273.6,510.9
112,Incheon,2024-10-01,198.1,12.8,9.5,18.6,83.6,1004.8,22.1,3.1,198.8,484.7
112,Incheon,2024-11-01,128.6,8.1,3.6,12.7,76.9,1002.3,18.2,2.7,151.6,412.3
112,Incheon,2024-12-01,149.5,1.9,-2.2,6.5,70.6,999.0,17.4,1.94,108.7,318.0
112,Incheon,2025-01-01,63.0,0.5,-3.1,5.6,61.4,1001.4,16.0,2.92,155.6,234.9
112,Incheon,2025-02-01,0.0,4.2,-0.2,10.0,60.6,998.7,16.2,3.17,84.6,151.1
112,Incheon,2025-03-01,63.0,7.3,3.4,12.3,56.2,1001.9,16.4,3.22,127.4,328.0
112,Incheon,2025-04-01,74.0,12.2,7.7,17.2,58.1,995.6,21.4,2.35,124.2,325.7
112,Incheon,2025-05-01,30.3,17.1,12.4,22.3,54.4,998.8,25.5,2.6,224.9,390.4
112,Incheon,2025-06-01,105.8,24.5,19.9,29.5,61.5,997.6,27.8,2.63,241.7,543.4
112,Incheon,2025-07-01,218.0,21.8,18.6,27.8,59.7,996.9,26.8,3.05,236.7,615.8
112,Incheon,2025-08-01,137.4,20.4,15.4,25.9,65.6,997.6,25.7,2.82,236.0,614.2
112,Incheon,2025-09-01,238.8,18.0,12.7,22.7,77.5,1006.4,23.8,1.93,249.2,555.8
112,Incheon,2025-10-01,190.4,12.4,7.1,17.5,72.0,999.1,20.3,3.05,236.4,391.5
112,Incheon,2025-11-01,219.8,10.1,6.0,15.2,75.1,1007.7,22.0,2.05,223.8,266.3
112,Incheon,2025-12-01,112.1,3.7,-1.6,8.7,74.3,998.2,17.6,2.6,108.2,186.0
133,Daejeon,2001-01-01,119.8,2.2,-0.8,7.7,66.3,1003.3,13.5,3.15,153.1,224.0
133,Daejeon,2001-02-01,38.4,5.3,0.6,9.9,54.3,1003.2,15.2,1.95,161.1,223.6
133,Daejeon,2001-03-01,43.3,4.8,0.2,9.8,55.3,994.9,17.2,2.55,160.1,204.8
133,Daejeon,2001-04-01,0.0,10.5,7.0,16.4,43.5,1001.4,22.3,2.4,172.4,211.5
133,Daejeon,2001-05-01,27.4,20.2,16.5,25.3,50.7,1003.1,22.9,2.87,248.2,429.0
133,Daejeon,2001-06-01,108.8,17.6,13.4,22.6,55.4,1001.4,24.3,2.99,205.0,465.7
133,Daejeon,2001-07-01,181.0,21.3,17.3,27.0,65.6,1011.2,26.2,2.86,205.2,587.4
133,Daejeon,2001-08-01,188.0,22.1,18.7,27.3,71.1,1012.3,27.8,2.87,259.1,685.8
133,Daejeon,2001-09-01,175.7,20.2,15.3,25.2,77.4,1007.7,22.9,2.19,234.4,544.7
133,Daejeon,2001-10-01,243.2,18.8,13.6,23.5,72.5,1001.5,22.3,2.59,221.3,462.2
133,Daejeon,2001-11-01,248.0,6.2,1.5,11.8,78.5,1008.5,18.6,2.82,163.4,455.1
133,Daejeon,2001-12-01,162.7,5.8,2.3,11.8,73.9,992.8,18.6,2.82,135.6,284.2
133,Daejeon,2002-01-01,45.9,1.4,-2.7,7.2,62.4,1002.6,15.2,3.15,118.2,264.8
133,Daejeon,2002-02-01,28.5,3.3,-0.6,8.4,54.8,1004.3,17.8,1.69,106.3,138.0
133,Daejeon,2002-03-01,26.8,9.4,5.7,14.7,59.7,1005.1,18.2,2.46,107.3,269.3
133,Daejeon,2002-04-01,66.8,10.9,7.0,15.8,54.9,1006.5,20.6,2.28,173.3,257.6
133,Daejeon,2002-05-01,37.3,12.8,8.2,17.9,56.0,995.2,20.0,2.59,154.3,424.6
133,Daejeon,2002-06-01,111.5,20.9,17.7,26.6,59.3,999.4,24.6,2.65,184.5,479.3
133,Daejeon,2002-07-01,165.0,22.8,17.9,27.8,66.8,1006.5,23.2,2.55,259.0,591.6
133,Daejeon,2002-08-01,198.7,19.7,15.6,25.2,71.3,1002.0,23.0,2.57,251.8,592.0
133,Daejeon,2002-09-01,229.9,20.1,15.2,25.7,72.8,1007.2,26.7,2.28,273.5,584.0
133,Daejeon,2002-10-01,182.6,12.2,7.0,17.4,73.3,1002.6,21.0,2.2,268.9,504.0
133,Daejeon,2002-11-01,176.3,9.6,6.0,14.9,69.6,1001.4,21.0,3.03,160.7,346.6
133,Daejeon,2002-12-01,150.9,3.1,-1.1,8.3,69.1,995.7,14.2,2.4,103.4,292.2
133,Daejeon,2003-01-01,34.8,5.8,0.2,10.6,61.2,999.2,17.7,2.02,120.3,352.3
133,Daejeon,2003-02-01,32.4,3.5,-0.0,8.9,47.6,1001.8,16.4,2.14,141.6,292.1
133,Daejeon,2003-03-01,0.0,11.0,6.9,16.3,55.1,1001.2,19.6,2.39,133.2,188.9
133,Daejeon,2003-04-01,40.5,11.2,7.7,16.8,49.0,1001.5,21.0,2.45,199.4,177.4
133,Daejeon,2003-05-01,99.9,17.3,13.2,23.0,54.0,1003.5,22.4,2.65,133.0,446.6
133,Daejeon,2003-06-01,130.2,21.0,17.1,25.9,63.5,1015.6,26.8,2.17,225.7,530.4
133,Daejeon,2003-07-01,146.1,21.5,17.3,26.0,59.4,999.8,25.9,2.42,267.4,471.2
133,Daejeon,2003-08-01,295.6,18.2,14.4,24.2,67.0,1002.6,24.0,2.32,218.9,606.0
133,Daejeon,2003-09-01,214.9,18.9,15.1,24.8,69.5,1002.1,22.5,1.86,245.1,449.2
133,Daejeon,2003-10-01,262.7,12.8,9.3,18.3,79.7,1003.1,20.1,2.48,167.9,391.9
133,Daejeon,2003-11-01,139.3,8.7,3.4,13.6,72.2,1005.6,18.6,2.02,189.6,396.0
133,Daejeon,2003-12-01,109.0,4.9,-0.1,9.4,69.6,998.3,16.8,2.08,124.5,295.6
133,Daejeon,2004-01-01,109.2,2.4,-1.2,8.3,67.2,994.0,17.3,1.65,92.7,213.3
133,Daejeon,2004-02-01,124.7,6.9,2.5,12.0,52.5,1004.0,17.2,2.07,123.9,191.7
133,Daejeon,2004-03-01,66.4,4.5,1.2,9.9,53.2,1004.7,15.3,2.47,122.7,204.5
133,Daejeon,2004-04-01,32.3,13.2,8.0,17.8,52.0,1000.7,23.3,2.57,140.4,318.8
133,Daejeon,2004-05-01,47.6,17.2,12.4,22.3,56.0,1000.9,22.6,2.17,254.0,360.2
133,Daejeon,2004-06-01,58.6,19.3,14.0,24.1,56.6,1007.9,25.2,2.32,203.5,500.9
133,Daejeon,2004-07-01,209.2,22.8,18.9,28.6,71.9,1003.6,27.6,2.62,238.8,562.4
133,Daejeon,2004-08-01,244.7,22.7,18.9,27.8,72.3,1002.3,25.4,3.47,201.5,637.5
133,Daejeon,2004-09-01,195.8,18.4,14.6,23.2,72.9,1002.8,22.3,2.75,218.6,595.1
133,Daejeon,2004-10-01,166.8,9.4,5.2,15.1,82.3,997.1,18.0,2.57,195.3,398.9
133,Daejeon,2004-11-01,249.9,5.9,2.8,11.4,77.9,1005.3,16.5,2.27,174.3,444.9
133,Daejeon,2004-12-01,90.1,7.4,3.1,12.6,66.9,998.2,17.0,2.01,139.6,251.3
133,Daejeon,2005-01-01,107.8,0.9,-2.5,6.7,68.5,1004.5,15.2,1.83,99.5,167.4
133,Daejeon,2005-02-01,94.5,4.4,1.1,10.2,56.1,999.9,17.8,2.28,172.0,295.0
133,Daejeon,2005-03-01,81.8,9.0,4.4,14.1,53.4,1009.8,19.6,2.5,131.2,348.5
133,Daejeon,2005-04-01,0.0,16.2,11.5,20.9,50.4,996.3,23.5,1.98,154.2,378.1
133,Daejeon,2005-05-01,60.0,17.7,13.9,22.6,63.6,1006.0,22.9,2.16,178.9,407.8
133,Daejeon,2005-06-01,116.3,22.1,17.4,27.5,60.3,998.0,26.8,2.39,164.3,496.6
133,Daejeon,2005-07-01,119.5,24.6,19.1,29.1,68.7,998.3,23.5,2.1,201.4,665.4
133,Daejeon,2005-08-01,212.9,22.2,19.1,28.2,70.9,1007.0,26.5,1.98,280.6,562.4
133,Daejeon,2005-09-01,210.1,13.0,9.0,18.5,75.7,1001.5,20.4,2.25,243.5,594.2
133,Daejeon,2005-10-01,205.2,14.8,9.1,19.5,77.7,997.6,22.1,1.78,184.3,368.9
133,Daejeon,2005-11-01,172.4,9.8,7.0,15.6,83.6,1004.8,18.6,2.15,180.0,362.0
133,Daejeon,2005-12-01,111.5,5.9,0.9,10.9,68.1,1001.6,18.4,2.86,217.5,282.1
133,Daejeon,2006-01-01,68.9,4.2,-0.6,8.9,63.5,993.1,16.7,2.33,159.8,244.4
133,Daejeon,2006-02-01,4.8,4.1,0.2,8.9,61.2,1002.6,17.8,1.61,113.9,191.5
133,Daejeon,2006-03-01,69.5,9.5,4.4,14.1,53.3,1008.6,17.5,1.97,146.9,153.8
133,Daejeon,2006-04-01,68.8,13.2,8.9,18.2,53.2,1005.1,20.1,2.12,161.9,308.2
133,Daejeon,2006-05-01,69.2,17.1,12.5,22.9,53.0,996.0,23.4,2.66,200.9,406.5
133,Daejeon,2006-06-01,164.5,22.3,17.9,27.8,64.5,1001.9,23.9,2.67,229.5,584.2
133,Daejeon,2006-07-01,223.3,26.3,21.3,31.1,60.2,1003.7,26.7,2.48,233.3,584.2
133,Daejeon,2006-08-01,209.9,23.1,19.3,28.2,75.2,1010.1,27.2,3.07,244.2,580.2
133,Daejeon,2006-09-01,244.5,18.4,12.6,23.0,71.5,1005.0,23.5,2.26,217.8,586.2
133,Daejeon,2006-10-01,240.6,11.2,6.0,16.2,72.2,1005.4,22.5,3.05,228.4,532.5
133,Daejeon,2006-11-01,257.3,3.6,0.7,9.3,74.2,1008.5,16.6,2.45,173.1,368.6
133,Daejeon,2006-12-01,111.9,4.1,-0.1,9.8,73.3,1007.9,15.2,1.72,149.9,483.9
133,Daejeon,2007-01-01,127.8,1.4,-2.0,7.1,60.2,1009.1,15.3,2.36,128.6,312.8
133,Daejeon,2007-02-01,22.3,1.5,-2.1,6.6,57.9,1008.4,16.2,2.82,135.5,364.6
133,Daejeon,2007-03-01,15.4,9.1,3.5,13.6,54.4,1010.2,18.0,2.96,142.9,242.2
133,Daejeon,2007-04-01,67.7,13.5,8.4,18.4,50.5,1001.7,18.7,2.74,119.1,296.9
133,Daejeon,2007-05-01,106.2,19.5,14.6,24.3,56.2,1003.0,26.2,2.07,128.8,448.6
133,Daejeon,2007-06-01,112.2,19.1,14.5,23.8,54.6,1012.2,22.7,2.43,179.5,492.5
133,Daejeon,2007-07-01,173.8,20.2,16.8,25.6,63.3,1006.6,27.5,2.85,201.9,568.7
133,Daejeon,2007-08-01,147.4,22.3,19.4,28.1,71.0,1004.4,25.7,3.01,258.1,618.7
133,Daejeon,2007-09-01,183.0,20.0,16.5,25.7,82.5,1004.8,26.4,1.17,227.1,622.0
133,Daejeon,2007-10-01,245.6,11.3,6.8,16.0,78.4,995.7,21.7,2.87,198.1,521.3
133,Daejeon,2007-11-01,170.9,7.4,4.5,13.4,69.6,996.0,18.5,2.32,186.8,361.0
133,Daejeon,2007-12-01,197.0,3.9,0.6,9.6,74.5,1005.8,17.5,2.69,104.4,202.8
133,Daejeon,2008-01-01,80.8,2.9,-2.6,7.7,67.0,998.6,15.8,1.86,137.7,131.4
133,Daejeon,2008-02-01,60.9,1.7,-2.6,7.0,59.8,997.1,14.5,1.8,77.6,227.1
133,Daejeon,2008-03-01,55.6,8.1,5.2,13.7,53.7,999.0,18.2,1.87,106.9,249.5
133,Daejeon,2008-04-01,44.6,16.9,12.6,22.9,48.0,1001.3,22.9,2.74,138.8,298.5
133,Daejeon,2008-05-01,68.4,16.1,11.2,20.8,54.9,1005.2,22.0,2.3,137.0,432.4
133,Daejeon,2008-06-01,106.6,22.3,18.3,27.9,55.4,1002.5,26.5,2.27,195.9,523.8
133,Daejeon,2008-07-01,195.9,22.2,17.6,27.4,62.3,1003.5,25.9,1.64,234.0,586.8
133,Daejeon,2008-08-01,235.6,22.0,16.4,26.8,72.4,997.8,24.2,2.49,257.0,550.7
133,Daejeon,2008-09-01,254.9,15.1,10.9,20.1,72.3,1009.0,25.2,2.49,216.0,542.6
133,Daejeon,2008-10-01,229.8,10.5,6.9,15.5,73.3,1000.2,19.8,2.51,194.4,494.6
133,Daejeon,2008-11-01,199.8,11.1,5.9,16.1,80.7,1001.0,18.1,2.5,206.9,421.7
133,Daejeon,2008-12-01,127.6,2.5,-3.1,7.0,66.7,1002.7,14.9,2.12,156.2,336.6
133,Daejeon,2009-01-01,98.6,1.2,-3.9,6.4,63.2,1011.0,18.0,3.2,104.5,278.3
133,Daejeon,2009-02-01,79.2,5.8,0.9,10.6,59.0,1004.0,15.0,2.66,113.5,247.9
133,Daejeon,2009-03-01,44.2,8.0,4.2,13.3,53.9,997.5,19.5,2.08,94.9,182.8
133,Daejeon,2009-04-01,58.6,12.0,8.1,17.8,57.1,1001.3,20.7,2.82,169.9,371.3
133,Daejeon,2009-05-01,0.0,19.9,17.0,25.8,51.9,995.7,24.9,2.29,196.3,464.5
133,Daejeon,2009-06-01,127.9,20.8,16.2,26.3,57.8,1006.8,27.0,2.83,205.8,361.6
133,Daejeon,2009-07-01,173.3,22.3,17.5,26.8,64.9,998.5,23.5,2.89,207.7,555.9
133,Daejeon,2009-08-01,246.7,22.4,18.2,28.1,73.5,1008.1,26.7,1.67,226.8,621.8
133,Daejeon,2009-09-01,204.1,20.3,15.6,25.6,79.3,1002.0,25.1,2.76,195.2,538.8
133,Daejeon,2009-10-01,242.3,13.3,8.9,18.1,71.1,1006.2,22.4,2.32,220.0,534.7
133,Daejeon,2009-11-01,150.0,6.0,2.7,11.9,71.3,1002.6,17.6,2.57,179.8,367.2
133,Daejeon,2009-12-01,174.7,3.9,-0.5,8.5,68.5,1005.6,16.7,2.64,163.8,435.3
133,Daejeon,2010-01-01,57.3,0.0,-3.8,5.4,61.6,1004.1,16.6,3.02,140.6,372.6
133,Daejeon,2010-02-01,36.3,1.6,-3.7,6.7,56.4,1005.7,15.2,2.32,90.5,219.4
133,Daejeon,2010-03-01,71.1,7.3,3.8,13.0,51.8,1004.9,19.0,2.08,72.8,269.3
133,Daejeon,2010-04-01,17.3,13.3,9.4,19.1,53.5,1012.5,22.7,2.45,159.0,204.9
133,Daejeon,2010-05-01,44.2,13.4,8.8,19.0,56.0,1003.6,19.2,2.31,224.8,407.9
133,Daejeon,2010-06-01,111.2,19.0,15.3,23.8,52.9,999.1,22.0,2.35,215.2,459.8
133,Daejeon,2010-07-01,205.7,23.3,17.8,28.1,75.7,1000.3,24.7,1.99,226.7,452.7
133,Daejeon,2010-08-01,223.6,18.5,13.4,23.6,69.7,1005.2,27.3,1.97,236.2,536.6
133,Daejeon,2010-09-01,195.6,16.6,12.0,21.9,83.3,1004.6,21.4,2.25,211.9,603.9
133,Daejeon,2010-10-01,155.9,10.2,6.5,15.9,81.3,1008.7,20.7,2.37,229.9,421.3
133,Daejeon,2010-11-01,113.9,8.4,4.7,13.7,75.8,1004.3,20.3,2.73,184.9,373.5
133,Daejeon,2010-12-01,134.8,2.9,-1.3,8.4,71.6,1005.4,15.1,2.81,169.0,356.0
133,Daejeon,2011-01-01,91.0,5.1,0.4,9.7,64.6,1007.1,15.5,2.11,126.7,139.6
133,Daejeon,2011-02-01,77.7,2.3,-1.2,7.8,59.1,1002.2,15.8,2.38,108.8,173.6
133,Daejeon,2011-03-01,73.9,5.1,-0.3,9.6,56.1,997.7,16.1,2.36,154.8,264.0
133,Daejeon,2011-04-01,7.3,12.1,7.5,17.2,52.7,1003.1,20.0,3.48,139.7,337.0
133,Daejeon,2011-05-01,56.7,18.7,14.7,23.8,54.4,999.2,22.2,2.81,166.1,255.2
133,Daejeon,2011-06-01,192.8,20.5,15.9,25.4,58.5,1002.1,22.8,1.75,205.8,511.8
133,Daejeon,2011-07-01,189.2,21.8,16.8,27.2,66.6,1003.3,28.6,2.4,208.4,552.8
133,Daejeon,2011-08-01,201.8,22.5,18.4,27.4,65.3,1003.7,27.8,2.43,260.3,640.8
133,Daejeon,2011-09-01,235.3,15.9,11.2,21.7,77.2,1005.9,22.2,2.32,229.0,552.8
133,Daejeon,2011-10-01,254.2,8.8,5.2,14.2,72.2,1006.0,18.0,2.26,256.2,550.6
133,Daejeon,2011-11-01,198.6,8.0,4.4,13.6,78.2,1000.3,16.7,2.63,178.6,314.3
133,Daejeon,2011-12-01,146.0,3.2,-0.7,8.9,68.9,1006.1,15.7,2.23,136.7,377.9
133,Daejeon,2012-01-01,73.7,4.3,-0.1,10.2,54.8,1007.7,16.6,2.05,113.3,219.2
133,Daejeon,2012-02-01,94.1,4.1,1.0,9.6,57.9,1002.0,17.6,2.73,144.9,204.3
133,Daejeon,2012-03-01,42.1,8.0,4.5,13.9,51.8,1002.3,20.0,2.9,94.1,208.3
133,Daejeon,2012-04-01,36.2,13.4,10.3,19.3,48.1,1005.0,21.4,2.14,143.5,377.6
133,Daejeon,2012-05-01,48.3,16.6,12.1,21.7,57.0,1004.5,22.8,2.26,200.8,469.7
133,Daejeon,2012-06-01,168.9,19.4,15.2,24.8,56.4,1002.1,25.6,2.62,203.6,540.3
133,Daejeon,2012-07-01,183.4,21.4,17.8,27.1,64.7,997.1,26.8,2.21,271.8,471.7
133,Daejeon,2012-08-01,206.9,20.9,15.4,25.5,77.2,1003.3,23.6,1.67,197.0,547.8
133,Daejeon,2012-09-01,203.8,17.0,12.6,22.6,79.0,1009.4,20.5,2.08,210.6,564.6
133,Daejeon,2012-10-01,170.6,14.9,11.9,20.7,82.6,1002.9,22.9,2.1,175.7,453.4
133,Daejeon,2012-11-01,255.0,8.2,4.4,14.0,78.6,997.9,16.7,2.18,228.9,513.9
133,Daejeon,2012-12-01,115.2,2.3,-1.5,8.3,71.6,1006.7,17.5,2.32,163.9,268.0
133,Daejeon,2013-01-01,102.3,1.5,-3.3,7.2,65.2,1006.8,13.2,1.97,121.3,157.5
133,Daejeon,2013-02-01,34.5,3.0,-0.0,8.7,62.6,1004.8,15.6,2.45,138.2,291.6
133,Daejeon,2013-03-01,31.4,4.4,0.3,10.4,46.4,1010.7,18.1,2.15,100.3,305.8
133,Daejeon,2013-04-01,9.8,11.4,6.4,16.4,55.2,1008.0,21.8,2.4,175.5,269.7
133,Daejeon,2013-05-01,19.8,16.2,11.7,21.9,51.2,1001.1,23.9,3.09,136.9,322.7
133,Daejeon,2013-06-01,103.3,22.2,19.2,27.9,61.5,1006.4,25.9,2.07,216.8,476.0
133,Daejeon,2013-07-01,170.1,22.4,17.6,27.2,68.6,1008.0,26.3,2.2,258.0,583.8
133,Daejeon,2013-08-01,304.4,21.7,18.1,27.2,70.7,1001.6,26.0,2.61,268.9,598.5
133,Daejeon,2013-09-01,209.8,16.5,12.0,22.5,73.5,1006.7,23.7,2.52,229.0,508.6
133,Daejeon,2013-10-01,179.4,15.9,11.3,20.8,81.8,1001.3,23.0,2.42,181.1,478.9
133,Daejeon,2013-11-01,199.1,6.5,2.7,12.2,82.8,996.1,18.9,2.3,164.0,383.3
133,Daejeon,2013-12-01,154.4,5.0,1.1,10.5,75.4,1006.7,16.4,2.6,162.5,261.1
133,Daejeon,2014-01-01,28.6,-0.7,-4.3,4.8,60.9,1007.9,14.6,2.94,137.3,180.1
133,Daejeon,2014-02-01,64.8,5.7,1.2,10.4,59.4,999.5,18.9,2.24,163.1,92.6
133,Daejeon,2014-03-01,40.7,9.7,6.5,15.3,53.2,1000.5,20.0,1.88,125.3,275.1
133,Daejeon,2014-04-01,41.2,11.6,7.3,16.4,49.4,998.0,18.8,2.62,156.9,357.4
133,Daejeon,2014-05-01,72.1,16.7,11.1,21.5,55.3,996.7,21.9,2.8,162.1,448.9
133,Daejeon,2014-06-01,49.4,20.9,16.6,25.8,54.9,1005.4,26.5,2.11,200.7,498.5
133,Daejeon,2014-07-01,126.6,21.9,17.9,27.3,64.5,1003.1,26.5,2.71,218.1,648.0
133,Daejeon,2014-08-01,259.3,23.1,17.8,27.7,69.9,1002.9,23.2,2.6,272.2,614.6
133,Daejeon,2014-09-01,202.3,16.0,12.2,21.7,76.9,1005.3,24.5,1.95,237.5,534.1
133,Daejeon,2014-10-01,209.8,13.9,9.9,19.4,78.5,1002.6,21.3,1.71,243.5,470.7
133,Daejeon,2014-11-01,196.2,8.5,3.6,14.1,80.8,1004.5,18.2,2.35,207.2,456.1
133,Daejeon,2014-12-01,79.7,7.0,1.9,12.0,66.8,1007.6,18.7,1.82,144.2,497.6
133,Daejeon,2015-01-01,84.1,1.9,-2.2,6.8,68.0,1009.3,15.8,2.9,106.8,253.9
133,Daejeon,2015-02-01,58.8,6.8,2.4,11.6,59.2,996.7,14.3,2.73,110.6,204.3
133,Daejeon,2015-03-01,65.1,9.7,5.5,15.2,56.4,1004.4,20.0,1.89,151.9,97.4
133,Daejeon,2015-04-01,28.2,12.7,8.2,18.0,59.4,1007.5,20.0,2.21,118.1,352.3
133,Daejeon,2015-05-01,74.8,15.0,9.8,19.9,58.0,1002.7,21.4,3.19,180.2,443.2
133,Daejeon,2015-06-01,112.1,22.6,18.4,27.8,54.8,1000.2,27.8,2.16,228.0,581.0
133,Daejeon,2015-07-01,177.5,24.5,19.6,29.6,67.6,1009.9,25.8,2.02,206.5,615.6
133,Daejeon,2015-08-01,252.8,19.9,15.9,25.8,72.9,1002.4,25.2,2.19,265.4,600.6
133,Daejeon,2015-09-01,246.5,17.4,14.0,23.3,72.1,1004.3,24.8,2.86,242.4,498.0
133,Daejeon,2015-10-01,184.9,12.6,8.5,17.3,73.1,998.6,17.5,1.15,206.7,629.2
133,Daejeon,2015-11-01,241.4,6.7,1.2,11.4,70.8,998.6,17.4,2.33,186.3,439.8
133,Daejeon,2015-12-01,119.2,3.4,-0.6,9.4,65.8,1006.1,16.2,1.65,148.4,235.1
133,Daejeon,2016-01-01,141.6,2.1,-3.4,7.1,61.7,1004.0,16.4,2.45,137.1,164.3
133,Daejeon,2016-02-01,68.1,2.9,-0.4,8.6,61.3,1005.0,17.2,2.68,157.4,218.0
133,Daejeon,2016-03-01,41.7,9.2,4.3,14.5,56.3,1002.5,17.4,2.6,163.8,146.3
133,Daejeon,2016-04-01,84.5,9.0,4.2,13.9,51.9,1003.7,20.1,1.71,151.8,313.9
133,Daejeon,2016-05-01,148.7,15.9,11.9,21.0,51.0,1007.5,22.6,2.18,167.1,366.2
133,Daejeon,2016-06-01,114.4,19.7,15.7,24.6,56.3,1003.4,24.7,2.18,206.4,619.5
133,Daejeon,2016-07-01,252.7,21.3,15.9,26.3,68.7,1001.1,25.5,3.2,231.7,598.3
133,Daejeon,2016-08-01,231.5,20.2,16.6,25.7,75.7,1000.4,24.1,1.96,216.9,554.4
133,Daejeon,2016-09-01,140.9,17.6,14.0,22.6,78.2,1004.6,22.3,2.22,226.1,645.0
133,Daejeon,2016-10-01,184.5,11.4,6.6,16.8,78.1,1004.0,22.3,2.82,269.9,485.6
133,Daejeon,2016-11-01,169.4,5.8,1.1,10.9,77.7,998.9,18.0,2.48,183.5,359.0
133,Daejeon,2016-12-01,172.6,6.7,3.5,12.6,60.9,1006.0,15.5,2.19,117.2,297.1
133,Daejeon,2017-01-01,112.9,-0.6,-5.3,5.0,70.5,1005.5,12.7,2.21,166.9,287.0
133,Daejeon,2017-02-01,16.6,4.2,-1.0,8.9,53.0,1000.8,18.5,2.25,117.4,228.4
133,Daejeon,2017-03-01,113.6,8.2,4.4,13.0,53.7,1003.4,17.3,2.32,150.2,196.1
133,Daejeon,2017-04-01,48.7,13.4,9.5,19.1,53.3,1002.4,18.6,2.25,159.3,414.7
133,Daejeon,2017-05-01,103.4,19.4,15.3,24.8,58.9,999.2,25.8,2.69,186.9,380.3
133,Daejeon,2017-06-01,96.5,24.9,20.2,29.5,57.6,1002.7,27.0,2.56,228.4,443.1
133,Daejeon,2017-07-01,127.2,22.7,19.6,28.1,63.2,1004.6,29.0,1.62,288.8,541.9
133,Daejeon,2017-08-01,225.4,19.7,14.9,24.4,70.8,995.0,24.3,2.74,234.1,650.5
133,Daejeon,2017-09-01,265.7,17.3,11.7,22.0,75.6,1003.3,23.1,1.35,227.3,474.0
133,Daejeon,2017-10-01,270.2,15.7,11.5,20.5,73.5,1000.3,25.2,2.12,151.1,551.8
133,Daejeon,2017-11-01,231.0,10.3,6.3,15.7,75.6,994.9,19.9,2.65,176.6,389.1
133,Daejeon,2017-12-01,97.3,2.9,-1.7,7.7,71.0,1004.7,14.4,2.66,194.0,218.2
133,Daejeon,2018-01-01,99.7,4.0,-0.3,8.9,72.1,1002.6,17.4,2.43,112.2,260.4
133,Daejeon,2018-02-01,72.2,4.3,-0.2,9.7,57.4,1000.1,17.3,2.57,144.5,168.5
133,Daejeon,2018-03-01,15.8,10.8,6.7,15.5,54.0,1007.8,21.5,2.85,128.7,191.8
133,Daejeon,2018-04-01,116.1,13.4,9.0,19.4,51.1,1008.7,23.9,2.03,164.5,356.9
133,Daejeon,2018-05-01,175.0,16.2,11.6,21.8,50.3,1002.4,22.9,1.98,187.8,457.5
133,Daejeon,2018-06-01,139.3,20.9,15.5,25.8,59.8,1007.1,25.3,1.84,195.9,500.0
133,Daejeon,2018-07-01,217.8,25.1,21.5,30.1,67.7,996.7,27.7,1.97,230.4,737.7
133,Daejeon,2018-08-01,223.9,19.7,16.7,25.3,67.6,1011.1,26.2,2.54,230.2,561.4
133,Daejeon,2018-09-01,280.0,18.6,14.0,23.5,76.0,1004.2,25.4,2.59,250.6,530.5
133,Daejeon,2018-10-01,170.2,12.8,9.8,18.4,74.5,1008.0,20.5,2.24,200.7,486.1
133,Daejeon,2018-11-01,123.4,6.9,1.8,12.1,79.4,1010.8,20.3,2.77,176.3,362.6
133,Daejeon,2018-12-01,131.6,5.5,0.2,10.3,70.6,1006.6,19.0,2.75,149.2,260.0
133,Daejeon,2019-01-01,53.5,1.1,-2.2,6.9,60.0,1001.6,15.8,2.04,138.9,225.7
133,Daejeon,2019-02-01,23.4,4.7,-0.5,9.4,58.2,1005.4,15.6,1.74,81.6,194.9
133,Daejeon,2019-03-01,0.0,6.7,2.5,12.4,53.6,1011.9,18.8,2.25,124.1,269.9
133,Daejeon,2019-04-01,108.1,11.6,7.9,17.2,53.4,997.5,19.9,2.04,176.9,279.5
133,Daejeon,2019-05-01,97.4,15.2,10.3,20.4,53.1,1011.8,23.6,2.35,260.0,345.1
133,Daejeon,2019-06-01,171.8,19.5,15.6,24.2,59.9,1003.0,23.6,2.84,195.8,509.6
133,Daejeon,2019-07-01,207.2,20.8,15.6,25.6,67.2,1008.4,24.5,2.27,210.1,575.7
133,Daejeon,2019-08-01,202.9,21.3,16.3,26.2,69.0,999.6,25.8,1.19,224.9,510.9
133,Daejeon,2019-09-01,268.1,16.4,13.8,22.3,73.3,1001.3,23.3,2.23,221.2,495.3
133,Daejeon,2019-10-01,172.9,13.0,8.9,18.1,79.7,1006.2,22.5,2.52,225.9,621.1
133,Daejeon,2019-11-01,167.9,5.9,1.6,11.3,81.6,999.7,16.6,2.27,210.6,322.8
133,Daejeon,2019-12-01,62.2,8.2,4.3,12.8,70.3,1005.2,16.1,2.06,152.6,173.7
133,Daejeon,2020-01-01,72.9,2.1,-2.1,7.4,61.5,996.3,15.9,2.28,93.7,247.9
133,Daejeon,2020-02-01,38.4,2.6,-1.1,8.6,54.7,1003.8,15.1,2.24,148.8,251.9
133,Daejeon,2020-03-01,75.6,8.9,3.3,13.5,53.5,1002.4,20.6,2.2,134.7,257.7
133,Daejeon,2020-04-01,89.2,13.2,7.8,17.8,47.4,994.0,22.1,2.67,172.4,269.4
133,Daejeon,2020-05-01,63.8,17.0,13.6,22.8,57.4,1004.2,25.4,2.3,170.2,392.3
133,Daejeon,2020-06-01,96.7,21.7,16.5,26.4,60.9,1008.4,22.7,3.16,170.7,418.1
133,Daejeon,2020-07-01,156.8,25.3,21.3,30.1,62.2,997.0,28.7,2.72,265.8,579.7
133,Daejeon,2020-08-01,120.8,18.8,14.6,24.7,69.0,998.4,25.8,2.58,252.5,542.0
133,Daejeon,2020-09-01,232.2,15.8,10.6,20.9,69.9,1001.7,26.0,1.68,200.9,568.9
133,Daejeon,2020-10-01,275.2,12.8,9.0,18.3,75.2,1003.4,20.2,2.69,169.8,543.4
133,Daejeon,2020-11-01,179.9,6.7,3.8,12.7,79.6,1002.5,18.7,2.05,179.3,317.7
133,Daejeon,2020-12-01,134.5,4.3,-0.3,9.9,69.8,1005.7,16.6,2.29,197.6,252.9
133,Daejeon,2021-01-01,121.3,0.6,-4.0,6.2,63.2,998.8,12.1,2.15,141.2,179.5
133,Daejeon,2021-02-01,52.1,2.3,-2.5,7.0,58.7,1001.6,13.7,2.14,96.6,141.2
133,Daejeon,2021-03-01,73.9,7.0,2.7,12.4,57.8,1000.3,20.5,2.06,140.6,306.3
133,Daejeon,2021-04-01,64.5,10.5,6.9,15.8,50.2,1007.1,19.3,2.46,115.3,273.5
133,Daejeon,2021-05-01,52.9,18.3,13.4,23.4,52.9,999.1,24.0,1.99,207.0,393.1
133,Daejeon,2021-06-01,119.6,22.9,18.5,27.4,55.3,1006.9,25.8,1.73,218.8,456.4
133,Daejeon,2021-07-01,147.9,20.4,16.0,26.2,62.1,1003.2,27.5,2.62,210.8,647.6
133,Daejeon,2021-08-01,165.8,22.1,16.9,27.1,73.4,1000.6,26.6,1.66,248.4,555.3
133,Daejeon,2021-09-01,266.2,18.3,13.6,22.9,74.9,1006.0,24.7,2.59,174.7,496.9
133,Daejeon,2021-10-01,261.7,10.2,5.8,16.0,74.5,995.2,19.1,3.23,188.4,442.3
133,Daejeon,2021-11-01,143.6,10.4,6.3,14.9,80.3,1005.6,18.1,1.91,209.0,401.0
133,Daejeon,2021-12-01,76.8,0.7,-3.8,6.5,67.1,998.7,12.2,1.96,127.0,282.2
133,Daejeon,2022-01-01,142.8,2.5,-2.7,7.6,64.2,1005.2,16.2,2.45,197.2,298.8
133,Daejeon,2022-02-01,10.9,4.4,0.1,9.9,54.2,999.1,17.5,2.8,132.6,271.2
133,Daejeon,2022-03-01,49.1,7.4,4.6,13.3,58.2,1003.1,18.5,3.04,127.5,248.7
133,Daejeon,2022-04-01,65.7,13.0,9.3,17.8,52.9,1010.5,22.1,2.16,168.2,328.5
133,Daejeon,2022-05-01,129.3,16.7,13.6,22.2,54.8,999.4,23.9,2.57,212.1,399.4
133,Daejeon,2022-06-01,116.6,22.4,17.9,27.9,62.8,1007.6,26.5,2.21,212.7,512.8
133,Daejeon,2022-07-01,158.9,24.6,20.3,30.1,71.6,1002.9,25.4,2.07,269.2,665.4
133,Daejeon,2022-08-01,248.6,23.5,18.8,28.8,72.2,1004.7,27.5,2.1,258.3,667.5
133,Daejeon,2022-09-01,218.8,17.0,13.4,22.5,70.8,1007.5,22.6,2.41,216.7,632.5
133,Daejeon,2022-10-01,243.1,11.8,8.1,17.6,79.0,1003.9,21.0,2.48,229.0,487.5
133,Daejeon,2022-11-01,194.3,6.2,1.4,11.4,76.1,1005.7,17.1,2.4,179.9,345.2
133,Daejeon,2022-12-01,146.4,1.7,-2.2,6.7,73.2,996.7,14.2,2.96,253.8,381.7
133,Daejeon,2023-01-01,119.8,3.2,-0.0,8.8,61.1,998.7,14.5,2.79,126.6,250.2
133,Daejeon,2023-02-01,48.2,3.0,-1.1,7.5,54.1,1001.6,14.1,2.63,136.5,142.4
133,Daejeon,2023-03-01,25.6,11.3,5.9,16.0,55.0,1007.6,20.4,2.23,129.7,249.0
133,Daejeon,2023-04-01,45.5,11.2,6.5,15.9,49.3,1002.0,19.6,1.94,103.3,269.8
133,Daejeon,2023-05-01,71.0,14.9,10.5,20.7,57.6,1002.5,19.6,2.69,183.7,425.5
133,Daejeon,2023-06-01,198.8,19.7,15.4,25.3,60.7,1002.8,22.8,1.83,201.1,415.2
133,Daejeon,2023-07-01,196.7,21.7,17.6,27.3,65.9,1002.8,26.0,2.47,230.2,493.9
133,Daejeon,2023-08-01,187.7,21.2,17.0,26.0,69.5,1003.1,24.6,2.83,232.3,565.9
133,Daejeon,2023-09-01,254.5,21.3,15.4,25.9,74.5,1002.2,24.9,2.42,235.6,505.0
133,Daejeon,2023-10-01,246.1,12.7,9.3,18.3,77.2,995.5,20.3,2.17,217.2,602.8
133,Daejeon,2023-11-01,198.5,9.4,6.2,15.3,81.9,1000.3,18.5,2.67,179.9,413.2
133,Daejeon,2023-12-01,122.3,3.2,-0.5,8.4,73.4,1005.7,13.8,2.07,133.4,343.9
133,Daejeon,2024-01-01,70.7,2.1,-1.4,7.9,65.2,1005.6,15.1,2.14,175.9,129.1
133,Daejeon,2024-02-01,58.5,2.8,-3.1,7.4,55.5,1003.8,11.8,2.27,117.7,138.4
133,Daejeon,2024-03-01,89.0,6.2,3.4,12.0,54.3,1008.6,21.7,2.7,155.2,347.1
133,Daejeon,2024-04-01,57.4,15.5,12.0,20.5,54.2,995.7,22.7,1.78,109.4,321.6
133,Daejeon,2024-05-01,44.5,17.3,14.2,23.0,51.4,1006.4,23.4,2.58,150.1,389.3
133,Daejeon,2024-06-01,169.4,22.3,19.6,28.2,55.5,1000.0,24.0,2.34,225.8,442.9
133,Daejeon,2024-07-01,175.3,23.0,18.3,27.6,63.0,999.2,24.1,2.61,228.6,559.2
133,Daejeon,2024-08-01,257.9,23.2,18.7,28.8,71.8,1000.7,26.9,1.71,276.6,610.9
133,Daejeon,2024-09-01,195.7,17.0,13.5,22.1,73.7,997.6,24.2,2.91,231.3,537.5
133,Daejeon,2024-10-01,228.5,13.0,8.1,18.0,76.0,1004.1,21.0,2.48,171.9,529.9
133,Daejeon,2024-11-01,178.6,12.1,7.8,17.1,85.3,1003.9,20.4,2.01,218.2,330.5
133,Daejeon,2024-12-01,145.9,3.5,-1.1,8.6,75.7,1002.5,14.5,2.9,137.4,330.1
133,Daejeon,2025-01-01,112.9,3.2,-0.1,8.8,64.6,1002.2,16.2,1.76,132.8,162.3
133,Daejeon,2025-02-01,38.7,3.7,-0.9,9.6,64.1,1007.3,16.2,1.96,83.9,236.3
133,Daejeon,2025-03-01,10.2,9.2,4.7,14.9,55.4,1000.5,19.5,2.79,131.0,251.4
133,Daejeon,2025-04-01,55.9,10.6,6.0,15.3,56.1,1005.7,19.3,2.81,142.7,324.8
133,Daejeon,2025-05-01,72.6,18.5,13.8,23.7,61.7,1006.3,26.2,1.78,144.5,380.7
133,Daejeon,2025-06-01,132.4,20.8,17.7,26.3,66.5,1007.8,26.8,2.49,188.9,494.4
133,Daejeon,2025-07-01,252.2,22.1,17.0,27.4,69.1,999.2,25.3,2.2,233.7,622.1
133,Daejeon,2025-08-01,185.1,23.0,18.7,28.4,72.1,1002.2,27.1,2.27,195.1,565.6
133,Daejeon,2025-09-01,217.0,15.4,11.5,20.5,74.2,1004.0,22.4,2.24,229.8,508.8
133,Daejeon,2025-10-01,213.7,12.2,8.6,18.1,77.9,1002.4,24.7,2.34,203.0,464.7
133,Daejeon,2025-11-01,144.5,8.9,5.5,14.1,73.5,999.4,16.4,2.21,201.8,411.8
133,Daejeon,2025-12-01,185.6,5.9,1.6,10.5,70.7,1003.7,17.3,3.02,150.1,271.1
143,Daegu,2001-01-01,93.6,0.8,-3.6,6.7,64.3,1005.9,13.1,2.47,116.5,415.9
143,Daegu,2001-02-01,43.7,2.6,-1.2,8.4,57.8,1000.4,16.7,2.66,135.8,221.2
143,Daegu,2001-03-01,31.1,8.8,3.1,13.4,58.4,1003.6,17.5,2.34,146.9,136.9
143,Daegu,2001-04-01,0.0,13.9,10.8,19.5,53.4,1001.4,21.3,2.52,117.7,243.6
143,Daegu,2001-05-01,62.5,17.2,13.4,22.8,53.1,1001.2,23.8,2.35,200.9,344.0
143,Daegu,2001-06-01,71.6,20.7,17.3,26.2,54.1,1003.4,23.9,1.82,234.1,452.1
143,Daegu,2001-07-01,208.2,22.6,18.0,28.0,55.7,998.1,25.8,2.55,187.2,552.7
143,Daegu,2001-08-01,163.5,22.0,17.9,27.0,74.7,1004.5,26.8,2.26,310.6,506.9
143,Daegu,2001-09-01,197.0,18.7,14.9,24.4,77.8,994.4,26.6,2.32,263.1,433.9
143,Daegu,2001-10-01,211.8,11.7,8.3,17.1,78.3,998.9,20.5,2.33,222.4,549.4
143,Daegu,2001-11-01,173.3,5.7,1.0,11.0,81.2,991.6,17.6,2.77,175.4,372.4
143,Daegu,2001-12-01,111.2,5.4,-0.0,10.2,70.8,999.7,18.8,1.78,136.1,275.7
143,Daegu,2002-01-01,148.0,0.9,-1.7,6.9,66.6,1006.8,18.9,2.96,132.7,190.6
143,Daegu,2002-02-01,95.1,3.9,-1.5,8.8,54.6,1001.7,16.0,2.69,110.3,144.0
143,Daegu,2002-03-01,0.0,8.5,3.3,13.3,53.0,1004.9,20.8,2.09,130.3,301.6
143,Daegu,2002-04-01,11.1,12.3,8.8,18.0,53.6,1003.2,21.8,1.93,150.2,392.9
143,Daegu,2002-05-01,145.7,19.5,15.0,25.0,52.9,1003.9,23.4,1.71,171.4,443.4
143,Daegu,2002-06-01,130.6,21.8,17.2,27.3,60.9,1001.5,25.8,3.1,213.6,492.6
143,Daegu,2002-07-01,171.6,22.7,18.6,27.7,63.2,1002.0,24.6,2.44,246.6,543.2
143,Daegu,2002-08-01,132.5,22.7,17.4,27.6,73.7,997.0,27.4,2.38,183.3,590.7
143,Daegu,2002-09-01,201.3,16.3,12.3,22.1,73.7,995.5,25.0,2.3,213.7,488.2
143,Daegu,2002-10-01,229.7,11.0,5.7,15.9,75.2,998.8,19.0,2.4,215.9,442.9
143,Daegu,2002-11-01,164.8,9.4,5.7,14.4,72.1,999.1,19.6,2.18,149.6,479.5
143,Daegu,2002-12-01,152.7,1.4,-2.7,6.2,70.0,1009.7,16.0,2.52,124.5,339.5
143,Daegu,2003-01-01,28.3,4.6,1.4,10.1,67.8,1012.5,16.7,2.62,117.2,249.2
143,Daegu,2003-02-01,0.0,4.5,-0.1,9.3,52.7,1002.4,18.6,2.3,115.7,170.0
143,Daegu,2003-03-01,0.0,5.5,1.1,10.1,55.0,1000.3,16.3,2.22,126.8,212.4
143,Daegu,2003-04-01,1.1,13.3,9.1,18.1,50.9,1002.6,18.0,2.34,140.0,254.0
143,Daegu,2003-05-01,46.7,17.0,12.0,22.3,51.4,1000.8,22.4,2.72,183.6,405.6
143,Daegu,2003-06-01,139.3,20.4,16.5,25.7,56.0,1001.8,26.7,2.23,233.7,452.5
143,Daegu,2003-07-01,141.2,23.7,20.4,29.1,66.2,999.1,26.4,2.18,240.7,669.2
143,Daegu,2003-08-01,189.8,22.4,17.8,27.5,70.4,999.2,26.3,2.28,217.4,640.9
143,Daegu,2003-09-01,219.0,17.6,12.6,22.6,79.8,999.3,23.6,2.16,208.9,634.7
143,Daegu,2003-10-01,267.7,11.8,7.9,17.6,83.1,994.7,21.4,2.11,151.1,468.4
143,Daegu,2003-11-01,232.7,7.2,2.2,12.0,75.3,1003.9,15.4,2.11,202.7,403.6
143,Daegu,2003-12-01,133.4,3.7,-0.5,9.6,76.6,1004.1,19.3,1.91,154.6,286.4
143,Daegu,2004-01-01,77.9,4.1,-0.4,10.0,62.7,1000.2,17.0,2.38,123.4,186.6
143,Daegu,2004-02-01,80.2,4.0,0.0,8.8,61.3,1005.8,15.1,2.55,168.2,235.1
143,Daegu,2004-03-01,57.0,8.4,4.1,14.1,56.5,1006.3,17.0,2.5,123.4,220.6
143,Daegu,2004-04-01,83.6,11.2,6.4,16.8,48.0,995.4,21.8,2.46,161.8,283.5
143,Daegu,2004-05-01,24.5,15.8,12.0,21.1,55.7,1001.1,22.8,2.46,189.7,430.0
143,Daegu,2004-06-01,108.5,21.3,18.2,27.0,61.3,1003.3,26.3,1.89,202.1,424.5
143,Daegu,2004-07-01,194.1,20.8,16.1,25.8,62.8,999.0,26.2,2.78,250.0,606.8
143,Daegu,2004-08-01,194.7,20.4,17.6,26.3,69.2,1001.0,26.1,2.87,250.0,687.7
143,Daegu,2004-09-01,190.8,15.1,11.5,20.1,74.4,995.9,20.7,1.8,221.1,532.2
143,Daegu,2004-10-01,205.9,14.6,9.6,20.0,79.1,1003.4,21.8,2.39,215.1,448.5
143,Daegu,2004-11-01,161.6,9.3,5.1,14.9,75.2,998.7,16.9,2.26,216.2,397.7
143,Daegu,2004-12-01,126.8,0.4,-3.6,5.9,68.7,1004.4,15.2,1.98,158.3,381.8
143,Daegu,2005-01-01,65.0,2.1,-3.8,6.6,60.7,1006.0,14.3,2.5,113.9,210.1
143,Daegu,2005-02-01,91.5,1.4,-3.4,7.1,61.4,998.3,13.6,2.1,123.9,233.6
143,Daegu,2005-03-01,0.0,5.8,2.9,11.6,61.6,999.7,16.3,1.95,143.9,241.6
143,Daegu,2005-04-01,6.9,11.5,7.3,17.4,62.4,1005.3,20.6,2.13,116.4,354.0
143,Daegu,2005-05-01,96.8,17.1,13.5,22.3,57.3,1004.1,22.9,2.02,176.4,450.5
143,Daegu,2005-06-01,102.7,22.8,18.2,27.4,60.1,997.8,25.3,2.77,178.5,425.7
143,Daegu,2005-07-01,165.6,26.4,21.5,31.4,65.9,1000.1,27.9,2.22,223.0,456.2
143,Daegu,2005-08-01,201.9,22.7,17.9,28.1,74.2,1004.9,26.0,2.15,227.8,491.8
143,Daegu,2005-09-01,206.2,18.4,12.9,23.2,72.4,997.1,23.3,2.72,226.4,588.4
143,Daegu,2005-10-01,196.4,14.1,8.7,19.1,73.1,1006.2,21.2,2.35,204.0,505.3
143,Daegu,2005-11-01,184.0,8.9,5.9,14.7,81.4,1003.6,21.0,2.57,166.3,410.9
143,Daegu,2005-12-01,138.1,3.4,0.2,9.3,70.9,991.8,19.2,2.28,129.4,242.6
143,Daegu,2006-01-01,61.2,2.0,-3.0,7.1,66.9,1011.8,16.8,2.85,118.6,250.4
143,Daegu,2006-02-01,53.2,2.6,-1.4,8.3,62.8,1003.9,14.3,2.28,84.0,224.5
143,Daegu,2006-03-01,34.4,7.8,3.7,12.6,55.5,998.6,17.9,2.56,167.5,227.8
143,Daegu,2006-04-01,57.5,13.9,10.3,19.4,57.2,1008.6,22.4,3.34,134.6,437.4
143,Daegu,2006-05-01,99.9,19.3,15.7,25.1,59.6,998.4,24.3,1.54,175.5,351.0
143,Daegu,2006-06-01,112.9,26.5,21.4,31.3,60.9,1005.6,27.2,2.47,216.9,409.2
143,Daegu,2006-07-01,131.9,23.0,19.2,28.3,62.2,1002.2,27.5,2.37,272.5,514.1
143,Daegu,2006-08-01,209.5,20.2,17.2,26.1,77.7,995.9,27.6,2.44,253.8,660.1
143,Daegu,2006-09-01,245.5,16.5,12.4,21.8,72.3,1011.4,23.5,2.23,209.6,542.5
143,Daegu,2006-10-01,134.3,12.2,7.6,17.3,79.6,1002.3,19.7,2.27,218.9,494.4
143,Daegu,2006-11-01,143.5,8.5,4.2,13.2,74.4,1005.7,19.5,2.31,196.9,341.2
143,Daegu,2006-12-01,87.3,3.5,-1.1,8.9,70.0,1009.7,16.0,3.29,137.2,249.3
143,Daegu,2007-01-01,67.2,1.9,-2.6,7.6,66.1,1005.5,15.1,2.17,153.7,143.6
143,Daegu,2007-02-01,0.0,3.4,-1.4,8.9,60.5,1003.7,18.4,1.77,138.4,208.1
143,Daegu,2007-03-01,57.9,6.6,1.4,11.7,51.1,998.3,17.0,2.45,109.1,224.3
143,Daegu,2007-04-01,0.0,12.0,7.7,17.4,52.7,1004.1,19.5,3.05,201.7,319.9
143,Daegu,2007-05-01,163.7,16.4,12.5,21.9,53.8,1012.2,22.5,2.06,157.5,468.4
143,Daegu,2007-06-01,155.4,20.8,16.4,25.9,65.0,1005.5,25.0,3.15,259.0,487.8
143,Daegu,2007-07-01,167.4,21.2,17.3,27.1,59.8,995.8,27.2,1.78,280.7,512.1
143,Daegu,2007-08-01,263.6,20.6,16.4,26.1,75.9,999.1,24.5,2.04,237.0,586.5
143,Daegu,2007-09-01,203.2,15.6,10.5,20.1,74.7,1001.7,20.6,2.16,267.2,487.5
143,Daegu,2007-10-01,228.0,12.4,7.9,18.1,75.8,1003.1,20.3,2.53,221.4,620.4
143,Daegu,2007-11-01,177.7,4.7,-0.1,9.9,82.4,1009.4,16.2,2.69,165.2,400.2
143,Daegu,2007-12-01,144.2,6.1,2.4,11.1,79.7,1002.0,15.1,1.83,186.9,305.4
143,Daegu,2008-01-01,78.6,2.5,-1.7,7.1,66.6,1003.3,16.2,2.54,117.4,156.6
143,Daegu,2008-02-01,0.0,8.4,5.0,14.2,56.6,1003.3,17.9,1.88,105.3,299.6
143,Daegu,2008-03-01,54.9,6.1,1.1,11.4,52.6,1003.7,18.3,2.56,134.4,204.9
143,Daegu,2008-04-01,18.9,10.8,6.4,16.2,55.9,997.7,20.5,2.71,104.1,293.8
143,Daegu,2008-05-01,130.6,19.2,15.0,23.9,52.0,1005.6,22.9,2.38,166.6,400.2
143,Daegu,2008-06-01,100.6,20.4,17.5,26.3,59.6,996.2,26.6,2.33,214.0,535.9
143,Daegu,2008-07-01,179.5,24.7,20.5,29.9,65.4,1004.5,27.5,2.9,250.0,529.3
143,Daegu,2008-08-01,180.3,21.8,17.5,26.6,63.6,996.5,28.3,2.14,287.6,604.2
143,Daegu,2008-09-01,213.8,15.3,11.4,20.6,80.8,1004.1,20.6,2.02,210.6,632.6
143,Daegu,2008-10-01,259.9,13.5,9.6,18.3,73.6,1003.3,21.9,2.05,194.1,447.2
143,Daegu,2008-11-01,217.6,11.5,6.7,16.1,73.3,1003.2,19.2,2.36,190.3,375.7
143,Daegu,2008-12-01,113.9,3.7,-1.3,9.0,73.7,996.5,18.9,2.45,165.3,353.5
143,Daegu,2009-01-01,48.2,1.1,-3.0,6.5,67.4,1001.3,16.2,1.45,118.4,314.1
143,Daegu,2009-02-01,32.2,3.2,-2.0,8.0,55.5,1007.8,15.1,2.21,61.7,122.1
143,Daegu,2009-03-01,67.2,9.1,5.3,14.0,54.5,998.5,16.0,2.34,142.4,279.6
143,Daegu,2009-04-01,68.9,9.7,6.7,15.5,52.7,1002.4,18.8,1.19,179.0,329.8
143,Daegu,2009-05-01,21.0,19.2,13.5,23.8,51.9,1005.0,22.7,1.96,208.3,389.3
143,Daegu,2009-06-01,115.3,22.6,17.7,27.8,60.1,996.4,26.2,2.1,231.4,522.8
143,Daegu,2009-07-01,182.5,20.5,15.8,25.4,60.9,1002.6,21.2,1.78,261.7,578.0
143,Daegu,2009-08-01,190.4,19.9,14.7,25.2,70.4,1003.5,24.1,3.02,235.4,583.5
143,Daegu,2009-09-01,166.9,17.2,12.6,22.4,73.7,1004.2,25.5,2.46,260.6,593.2
143,Daegu,2009-10-01,240.7,12.3,7.9,17.0,78.9,1006.3,20.7,2.75,195.9,543.1
143,Daegu,2009-11-01,203.6,8.4,5.5,14.1,72.3,1004.1,19.5,1.87,191.9,325.1
143,Daegu,2009-12-01,105.5,4.8,-0.1,9.4,71.2,1000.2,17.6,2.09,207.2,303.4
143,Daegu,2010-01-01,32.0,1.8,-2.3,6.4,60.2,1007.1,14.6,2.66,151.4,260.6
143,Daegu,2010-02-01,122.1,1.0,-3.7,6.6,66.9,1010.9,17.2,2.08,103.1,170.3
143,Daegu,2010-03-01,0.0,10.6,6.8,15.4,57.3,996.6,19.8,1.96,120.7,208.9
143,Daegu,2010-04-01,15.9,13.8,8.8,18.4,54.3,999.6,22.2,2.32,137.9,262.3
143,Daegu,2010-05-01,64.6,21.1,16.6,26.0,57.8,1000.8,25.4,2.16,212.0,364.6
143,Daegu,2010-06-01,169.4,19.3,14.7,25.0,59.6,1011.8,24.1,2.5,257.6,399.2
143,Daegu,2010-07-01,110.7,22.1,17.2,26.7,67.1,1004.8,28.4,2.82,241.1,637.4
143,Daegu,2010-08-01,221.6,21.1,16.8,25.9,70.9,1003.4,21.8,2.31,240.7,612.9
143,Daegu,2010-09-01,272.4,18.1,14.1,23.3,77.8,999.4,24.9,2.96,193.4,589.1
143,Daegu,2010-10-01,248.0,13.9,10.1,19.6,72.5,1005.1,22.4,1.32,202.5,538.0
143,Daegu,2010-11-01,173.2,8.3,2.8,13.2,75.3,1003.5,19.5,2.68,182.1,465.7
143,Daegu,2010-12-01,107.4,1.7,-1.7,7.0,72.7,998.6,18.2,2.68,142.8,253.9
143,Daegu,2011-01-01,110.7,0.6,-2.6,6.2,71.0,1003.0,17.5,2.11,128.5,292.4
143,Daegu,2011-02-01,61.4,5.6,1.1,11.1,63.4,1000.6,18.4,2.31,125.1,225.1
143,Daegu,2011-03-01,0.0,7.9,3.0,12.6,60.1,1007.4,18.7,2.09,107.4,362.5
143,Daegu,2011-04-01,2.9,13.0,9.5,18.2,49.5,1000.0,20.3,2.12,183.2,309.5
143,Daegu,2011-05-01,54.7,17.5,14.1,23.2,57.8,997.8,25.3,2.4,178.8,358.4
143,Daegu,2011-06-01,77.5,19.3,14.7,24.0,55.6,996.6,22.6,2.25,201.4,482.3
143,Daegu,2011-07-01,204.1,25.3,20.3,30.0,62.0,1005.3,26.3,2.74,237.1,650.6
143,Daegu,2011-08-01,239.3,22.5,19.3,28.4,69.9,996.6,28.4,2.7,231.4,658.3
143,Daegu,2011-09-01,193.4,15.1,10.9,20.1,74.7,1003.8,22.6,2.74,246.5,588.9
143,Daegu,2011-10-01,175.1,12.5,8.3,18.5,72.1,1001.7,19.3,2.11,210.3,458.3
143,Daegu,2011-11-01,208.0,8.6,4.1,13.4,79.7,1007.0,17.0,2.13,191.9,421.2
143,Daegu,2011-12-01,83.7,4.6,0.3,10.5,72.9,998.9,16.5,2.18,154.0,297.8
143,Daegu,2012-01-01,32.9,0.1,-4.0,5.8,65.4,1004.8,14.0,2.47,191.5,314.6
143,Daegu,2012-02-01,28.1,3.1,-1.2,8.5,61.8,1001.4,14.1,1.94,131.1,214.6
143,Daegu,2012-03-01,49.7,8.2,2.8,13.1,57.5,995.0,16.7,2.25,155.0,356.9
143,Daegu,2012-04-01,32.5,11.6,7.4,17.0,51.1,1015.0,19.4,3.24,168.7,248.3
143,Daegu,2012-05-01,81.1,19.5,14.0,24.2,57.5,1005.2,24.1,1.93,178.1,410.6
143,Daegu,2012-06-01,54.8,22.2,17.0,26.9,57.8,1001.4,28.4,2.49,235.9,482.9
143,Daegu,2012-07-01,102.4,23.4,20.0,29.1,61.3,1002.8,28.1,2.77,271.6,659.6
143,Daegu,2012-08-01,131.2,19.3,15.1,24.8,68.6,1000.8,24.1,2.55,202.9,504.5
143,Daegu,2012-09-01,215.5,19.1,14.6,24.9,67.9,1006.6,23.4,1.94,189.1,469.5
143,Daegu,2012-10-01,169.1,12.9,8.8,17.6,76.1,1012.0,18.3,2.46,214.4,428.2
143,Daegu,2012-11-01,171.3,9.7,4.4,14.2,67.8,999.9,21.3,2.76,193.5,474.0
143,Daegu,2012-12-01,53.4,4.8,1.5,10.6,80.2,1004.3,14.0,2.55,132.0,379.9
143,Daegu,2013-01-01,92.2,2.2,-2.7,7.0,62.1,1003.0,16.3,2.25,119.7,246.3
143,Daegu,2013-02-01,0.9,0.5,-3.2,5.8,55.5,996.6,12.4,2.57,114.4,204.5
143,Daegu,2013-03-01,0.0,6.8,1.9,12.0,57.5,1007.3,17.6,1.66,109.1,238.3
143,Daegu,2013-04-01,11.1,10.9,6.4,16.3,51.3,1003.2,18.2,2.9,171.9,358.3
143,Daegu,2013-05-01,120.6,16.5,13.6,22.3,56.8,994.0,23.8,2.17,202.5,424.5
143,Daegu,2013-06-01,59.6,22.2,18.0,27.1,61.0,1008.6,26.2,2.41,238.7,624.6
143,Daegu,2013-07-01,200.0,22.9,18.8,28.3,65.1,1011.2,25.0,2.86,228.8,467.1
143,Daegu,2013-08-01,196.2,20.2,17.3,25.8,67.4,1008.6,26.5,3.03,245.9,577.9
143,Daegu,2013-09-01,240.1,17.2,12.3,22.1,70.3,1003.4,22.4,2.3,241.1,632.2
143,Daegu,2013-10-01,173.1,12.8,7.8,17.5,74.9,1002.3,21.6,2.53,183.6,567.6
143,Daegu,2013-11-01,201.1,6.0,1.7,11.6,74.8,1004.9,17.7,2.62,184.7,379.8
143,Daegu,2013-12-01,49.6,5.2,-0.0,10.2,72.7,1002.1,18.6,2.48,154.1,301.7
143,Daegu,2014-01-01,131.9,1.7,-3.3,6.9,67.5,1001.3,14.7,2.19,129.6,169.1
143,Daegu,2014-02-01,0.0,4.7,0.1,10.1,64.5,1002.8,19.0,2.39,160.0,192.6
143,Daegu,2014-03-01,0.0,7.8,4.0,12.9,52.8,1004.7,19.9,2.37,193.7,213.1
143,Daegu,2014-04-01,73.3,14.1,10.4,19.2,56.6,1003.6,22.1,1.75,166.4,327.2
143,Daegu,2014-05-01,70.8,18.7,14.7,23.6,53.8,1001.0,27.1,2.76,155.8,522.2
143,Daegu,2014-06-01,105.4,21.4,16.2,26.7,58.2,1000.4,25.7,2.55,208.1,482.6
143,Daegu,2014-07-01,205.3,22.9,19.2,28.5,71.4,1003.3,25.5,1.64,196.1,527.9
143,Daegu,2014-08-01,199.0,19.9,16.4,25.8,67.8,1005.2,26.9,1.96,246.1,465.7
143,Daegu,2014-09-01,163.9,16.7,12.9,22.1,72.5,1003.0,23.1,2.09,281.6,540.0
143,Daegu,2014-10-01,206.7,12.4,7.4,17.4,82.8,1000.1,22.3,2.62,234.4,484.5
143,Daegu,2014-11-01,161.5,9.5,4.6,14.5,76.1,1002.8,15.6,1.76,170.1,333.9
143,Daegu,2014-12-01,149.0,2.7,-3.2,7.2,75.2,1001.2,16.3,2.48,172.6,361.0
143,Daegu,2015-01-01,71.8,0.2,-4.7,5.3,66.0,1000.8,16.4,2.41,105.0,216.6
143,Daegu,2015-02-01,105.7,4.9,1.4,10.4,56.6,1000.8,17.5,2.33,107.8,198.2
143,Daegu,2015-03-01,0.0,6.8,2.3,12.7,55.8,1008.9,18.1,2.19,151.1,185.1
143,Daegu,2015-04-01,37.4,10.3,6.2,16.3,51.7,998.1,20.2,2.85,196.4,315.6
143,Daegu,2015-05-01,108.7,18.5,14.6,23.6,60.3,998.6,25.9,2.61,155.6,418.7
143,Daegu,2015-06-01,195.2,23.1,18.7,29.1,59.4,1001.9,28.4,2.7,167.7,517.5
143,Daegu,2015-07-01,161.7,23.1,18.8,28.1,68.4,999.6,25.9,2.22,189.9,549.3
143,Daegu,2015-08-01,267.3,18.3,14.6,23.9,72.0,999.0,21.8,1.85,273.3,521.0
143,Daegu,2015-09-01,198.0,21.4,16.8,26.4,79.1,1006.7,23.2,2.11,239.5,671.6
143,Daegu,2015-10-01,176.1,12.6,8.1,17.2,79.4,999.8,19.8,2.49,241.6,475.7
143,Daegu,2015-11-01,167.2,6.7,2.6,11.4,79.2,1003.6,17.8,1.8,126.2,475.1
143,Daegu,2015-12-01,123.2,4.1,-0.3,9.7,74.7,1010.5,15.9,2.67,154.8,302.8
143,Daegu,2016-01-01,137.8,1.9,-2.2,7.3,61.8,1005.2,15.6,2.95,135.3,238.3
143,Daegu,2016-02-01,86.5,6.6,1.8,11.3,60.9,1001.6,18.3,2.48,119.1,256.6
143,Daegu,2016-03-01,34.6,8.8,5.4,14.1,57.3,1005.5,19.8,2.86,153.6,237.3
143,Daegu,2016-04-01,72.9,12.7,7.8,18.3,50.8,1012.4,18.0,2.65,132.6,422.9
143,Daegu,2016-05-01,81.8,16.8,12.3,21.7,53.5,1001.6,21.7,2.51,189.8,340.2
143,Daegu,2016-06-01,62.5,22.2,16.9,27.2,60.9,1008.9,27.1,3.47,287.5,384.5
143,Daegu,2016-07-01,91.1,22.3,18.5,28.0,67.5,1001.5,25.0,2.18,227.0,606.5
143,Daegu,2016-08-01,185.7,20.5,17.2,26.2,74.9,999.0,23.4,2.52,250.1,528.1
143,Daegu,2016-09-01,262.5,20.2,16.6,26.1,67.1,1007.0,23.8,2.79,207.9,551.8
143,Daegu,2016-10-01,174.4,11.9,8.6,17.7,84.4,1001.6,23.1,1.75,202.8,457.8
143,Daegu,2016-11-01,221.8,8.1,3.1,13.3,71.8,1007.1,19.9,2.28,166.3,443.0
143,Daegu,2016-12-01,81.0,4.5,-0.2,10.1,72.4,1003.9,17.8,1.87,165.4,371.6
143,Daegu,2017-01-01,84.2,3.2,-1.0,9.0,64.6,1007.1,16.6,1.94,148.5,146.1
143,Daegu,2017-02-01,48.1,4.1,-0.3,8.7,56.5,1005.6,16.4,2.15,153.5,232.3
143,Daegu,2017-03-01,47.6,9.5,4.9,15.3,53.5,997.5,19.9,2.84,136.9,37.4
143,Daegu,2017-04-01,68.7,13.8,10.6,19.5,55.2,1000.3,23.7,1.89,148.6,300.6
143,Daegu,2017-05-01,44.1,17.8,14.5,23.5,57.1,996.0,21.7,2.47,179.1,370.1
143,Daegu,2017-06-01,187.2,21.0,16.4,26.8,59.2,1013.0,24.0,2.16,186.4,583.8
143,Daegu,2017-07-01,196.1,21.6,17.4,27.1,66.3,1008.3,25.5,2.6,239.5,518.4
143,Daegu,2017-08-01,197.7,19.7,14.8,24.8,74.5,1005.4,24.2,3.02,262.3,663.3
143,Daegu,2017-09-01,266.3,18.1,13.2,22.8,71.4,998.4,21.5,2.36,223.6,469.7
143,Daegu,2017-10-01,208.0,12.8,9.2,17.8,78.6,1000.3,21.9,2.4,204.0,438.3
143,Daegu,2017-11-01,151.8,6.7,3.4,12.7,81.8,1006.1,19.0,2.28,154.1,365.8
143,Daegu,2017-12-01,96.0,-0.3,-4.5,5.2,72.3,1002.2,15.2,1.62,157.1,386.6
143,Daegu,2018-01-01,68.8,0.4,-5.3,5.2,65.9,998.1,18.1,1.9,122.0,181.9
143,Daegu,2018-02-01,2.0,2.9,-0.6,8.6,57.6,999.5,17.0,2.6,126.0,236.5
143,Daegu,2018-03-01,21.6,7.3,2.7,13.2,62.4,1004.1,18.6,2.5,111.6,290.0
143,Daegu,2018-04-01,53.7,11.4,8.6,17.3,49.6,1004.5,21.0,2.78,170.8,303.4
143,Daegu,2018-05-01,56.5,17.1,12.6,23.0,55.7,1002.5,25.0,2.13,242.0,445.8
143,Daegu,2018-06-01,81.0,21.5,16.6,27.0,53.8,998.5,26.3,1.7,173.8,522.2
143,Daegu,2018-07-01,160.2,21.8,17.7,26.9,66.7,999.4,24.6,2.54,225.5,513.6
143,Daegu,2018-08-01,133.1,22.5,18.4,27.2,67.4,1002.7,26.3,2.44,281.0,622.3
143,Daegu,2018-09-01,211.7,18.7,14.9,24.2,79.9,999.2,24.1,2.88,239.7,533.7
143,Daegu,2018-10-01,143.1,8.8,5.0,14.4,75.0,1004.7,17.8,2.27,186.5,405.2
143,Daegu,2018-11-01,94.3,5.8,1.1,10.4,79.0,999.5,18.0,2.78,180.4,382.1
143,Daegu,2018-12-01,125.2,3.1,-0.6,8.7,76.1,995.0,15.7,2.4,161.6,206.4
143,Daegu,2019-01-01,12.0,4.6,0.3,10.1,61.1,1005.1,15.8,2.5,103.6,139.5
143,Daegu,2019-02-01,88.1,5.1,0.3,10.0,64.1,1005.9,18.7,2.17,121.3,244.1
143,Daegu,2019-03-01,6.2,8.0,3.7,12.8,50.0,1005.6,18.9,2.32,139.3,222.2
143,Daegu,2019-04-01,14.8,13.1,10.3,18.9,50.9,1002.3,20.6,3.01,157.9,310.9
143,Daegu,2019-05-01,40.4,18.5,15.1,24.2,57.3,1004.3,20.3,2.34,183.1,379.6
143,Daegu,2019-06-01,126.1,18.9,14.3,23.8,60.0,989.9,22.6,1.63,203.9,607.5
143,Daegu,2019-07-01,160.4,23.2,18.1,27.8,64.2,1006.3,26.6,2.52,228.5,535.1
143,Daegu,2019-08-01,234.9,21.5,16.4,26.1,76.0,1004.6,23.6,2.6,223.7,582.0
143,Daegu,2019-09-01,198.5,18.0,14.0,22.8,71.5,998.6,23.8,2.54,215.1,651.4
143,Daegu,2019-10-01,231.2,11.1,6.9,17.0,75.8,1008.2,22.0,2.41,226.9,539.4
143,Daegu,2019-11-01,170.0,9.0,5.1,13.6,72.7,1000.6,18.4,2.12,143.2,440.6
143,Daegu,2019-12-01,132.6,2.5,-1.9,7.2,71.6,999.3,13.6,2.61,111.7,296.0
143,Daegu,2020-01-01,61.6,2.9,-2.7,7.8,59.4,1007.1,12.1,2.96,77.0,390.3
143,Daegu,2020-02-01,24.6,6.7,2.4,11.4,57.7,1000.1,18.9,2.23,99.5,252.2
143,Daegu,2020-03-01,0.0,7.0,3.1,12.5,52.9,1009.5,17.9,2.26,123.7,271.4
143,Daegu,2020-04-01,2.0,13.4,8.7,18.7,59.3,1008.9,20.1,1.95,155.7,224.4
143,Daegu,2020-05-01,120.7,16.6,11.8,22.3,54.2,1008.0,22.6,2.51,207.3,366.6
143,Daegu,2020-06-01,76.3,19.2,15.5,24.3,62.7,1001.7,22.0,1.46,281.7,521.6
143,Daegu,2020-07-01,172.8,22.9,19.0,28.4,71.1,1005.2,25.1,1.91,219.1,537.0
143,Daegu,2020-08-01,274.5,21.4,16.1,26.4,71.9,997.6,25.8,2.88,243.5,532.2
143,Daegu,2020-09-01,197.0,14.5,10.5,20.3,72.3,1010.7,23.4,1.68,187.7,496.8
143,Daegu,2020-10-01,257.8,14.4,10.4,19.4,76.3,998.0,22.2,2.32,204.1,587.1
143,Daegu,2020-11-01,163.6,10.5,6.2,15.1,74.1,1006.1,20.9,2.2,200.5,452.3
143,Daegu,2020-12-01,95.5,3.5,-1.6,8.2,75.9,1006.4,16.0,2.64,98.8,273.1
143,Daegu,2021-01-01,83.1,3.9,1.1,9.8,68.0,1001.6,16.7,2.56,116.8,336.0
143,Daegu,2021-02-01,0.0,3.9,0.0,9.8,57.1,1003.2,18.1,2.2,93.3,289.0
143,Daegu,2021-03-01,39.5,9.8,4.9,14.6,58.5,1000.4,20.0,2.18,116.7,159.4
143,Daegu,2021-04-01,28.2,13.1,9.9,18.9,47.7,1011.5,21.9,2.07,161.5,441.4
143,Daegu,2021-05-01,94.7,12.9,9.6,18.5,53.9,998.5,20.2,2.51,128.2,394.6
143,Daegu,2021-06-01,160.7,19.9,15.8,25.3,57.8,1000.4,22.9,2.61,224.9,426.1
143,Daegu,2021-07-01,135.5,23.4,19.2,28.2,70.1,1002.3,24.3,2.56,227.5,546.9
143,Daegu,2021-08-01,219.4,22.7,18.2,27.8,72.1,1010.9,27.7,2.73,243.3,519.7
143,Daegu,2021-09-01,255.0,17.7,13.8,23.2,72.0,1007.1,24.6,2.47,230.9,515.0
143,Daegu,2021-10-01,128.2,10.0,7.0,15.7,78.0,1006.5,19.7,2.96,190.4,481.9
143,Daegu,2021-11-01,166.2,9.6,4.9,14.7,69.6,999.7,21.0,1.57,213.6,430.0
143,Daegu,2021-12-01,94.3,2.6,-2.0,8.0,70.6,1004.1,15.0,2.45,133.2,305.3
143,Daegu,2022-01-01,136.4,3.2,-1.6,7.8,65.4,1000.6,16.3,1.75,145.3,180.5
143,Daegu,2022-02-01,39.8,3.6,-1.2,8.8,65.8,1005.8,18.5,2.32,128.6,293.1
143,Daegu,2022-03-01,57.2,8.0,4.6,13.8,58.6,1008.7,18.0,2.1,105.4,293.9
143,Daegu,2022-04-01,5.7,14.8,10.5,19.3,58.5,997.2,24.1,2.53,98.2,405.5
143,Daegu,2022-05-01,107.0,16.5,12.6,22.3,63.1,999.2,21.3,2.51,139.1,341.1
143,Daegu,2022-06-01,155.3,22.7,18.6,27.4,57.5,1002.4,24.6,2.17,194.7,446.4
143,Daegu,2022-07-01,204.5,24.1,19.3,29.2,64.4,1011.2,25.1,2.34,234.2,549.4
143,Daegu,2022-08-01,186.7,22.8,18.6,28.5,73.1,1006.2,28.6,2.93,298.1,653.0
143,Daegu,2022-09-01,192.1,19.2,14.1,24.4,73.7,998.9,25.0,2.13,244.8,543.0
143,Daegu,2022-10-01,219.6,10.7,6.0,15.7,77.5,1011.0,19.3,2.54,212.5,501.9
143,Daegu,2022-11-01,245.8,8.6,4.2,13.1,74.3,996.9,17.4,1.9,135.0,378.2
143,Daegu,2022-12-01,118.0,6.6,1.4,11.2,67.9,1007.0,19.7,2.56,160.6,234.1
143,Daegu,2023-01-01,109.9,5.0,2.3,10.8,64.4,1001.8,16.9,2.66,135.0,304.4
143,Daegu,2023-02-01,51.2,2.3,-1.4,8.0,58.3,1010.8,18.9,2.73,123.0,138.3
143,Daegu,2023-03-01,33.2,6.1,2.5,11.7,56.0,999.9,17.9,2.67,153.6,240.5
143,Daegu,2023-04-01,64.9,11.6,7.0,16.9,54.2,1001.0,20.1,2.81,122.7,253.3
143,Daegu,2023-05-01,94.1,17.7,12.3,22.3,50.9,998.5,22.8,2.15,172.6,346.9
143,Daegu,2023-06-01,145.5,21.0,16.7,26.8,66.5,995.0,23.0,3.1,221.9,510.5
143,Daegu,2023-07-01,183.1,23.3,18.7,28.9,67.1,998.7,27.7,2.66,267.7,661.7
143,Daegu,2023-08-01,214.3,19.5,15.9,24.7,72.2,1001.7,23.7,2.71,246.1,610.8
143,Daegu,2023-09-01,187.0,17.6,12.4,22.7,75.0,1010.2,23.0,1.55,266.8,582.8
143,Daegu,2023-10-01,198.2,11.6,7.4,17.3,77.2,996.2,21.1,2.88,213.9,435.9
143,Daegu,2023-11-01,133.3,5.8,3.0,11.5,69.5,1005.0,18.0,2.22,154.5,336.2
143,Daegu,2023-12-01,158.5,4.4,-0.5,9.7,72.1,1001.6,16.6,2.87,185.4,236.7
143,Daegu,2024-01-01,65.7,3.6,-0.9,9.3,62.2,1008.6,16.8,2.82,147.7,168.3
143,Daegu,2024-02-01,57.5,5.7,1.2,10.9,53.5,1006.2,17.8,2.03,111.9,229.3
143,Daegu,2024-03-01,5.9,7.7,3.1,13.0,54.7,999.0,14.8,2.81,142.0,256.8
143,Daegu,2024-04-01,68.5,14.7,9.3,19.4,51.5,1004.7,23.8,2.36,186.9,332.4
143,Daegu,2024-05-01,86.3,21.3,17.1,26.8,51.8,1011.4,25.3,2.31,126.0,419.6
143,Daegu,2024-06-01,82.6,22.1,18.3,27.3,60.9,1011.8,24.1,3.02,164.9,502.5
143,Daegu,2024-07-01,145.9,22.7,16.9,27.3,60.6,1000.9,25.8,2.87,239.3,625.9
143,Daegu,2024-08-01,151.0,20.2,17.1,26.0,68.0,1006.4,24.2,2.09,252.2,580.4
143,Daegu,2024-09-01,197.2,17.5,13.1,22.1,75.6,1001.3,24.7,2.5,255.9,586.8
143,Daegu,2024-10-01,181.3,9.4,4.9,15.4,74.4,1007.2,21.1,3.28,190.9,585.8
143,Daegu,2024-11-01,223.7,7.6,3.4,12.6,75.2,1002.8,17.4,1.46,181.8,357.4
143,Daegu,2024-12-01,82.9,5.4,0.2,10.0,72.7,1001.9,16.9,1.92,168.8,321.2
143,Daegu,2025-01-01,82.2,3.5,-0.1,8.8,68.4,1006.3,15.6,2.56,159.5,312.4
143,Daegu,2025-02-01,18.5,2.1,-1.9,7.0,64.1,1000.7,14.6,2.15,106.7,219.3
143,Daegu,2025-03-01,0.0,10.0,5.1,14.7,50.5,1009.6,21.5,2.24,118.2,188.8
143,Daegu,2025-04-01,6.4,12.4,9.0,18.0,61.0,1002.1,21.1,2.15,143.3,288.5
143,Daegu,2025-05-01,72.9,18.2,13.2,23.0,57.1,1002.8,23.8,2.3,205.1,419.4
143,Daegu,2025-06-01,115.0,20.5,17.3,26.4,58.8,1000.4,26.3,2.73,254.6,453.8
143,Daegu,2025-07-01,191.3,19.2,16.3,24.9,61.6,1004.1,23.5,2.1,219.8,599.7
143,Daegu,2025-08-01,170.1,21.8,16.3,26.6,78.4,1006.0,26.6,1.67,266.1,543.4
143,Daegu,2025-09-01,223.8,15.6,12.0,21.5,75.8,1001.1,22.4,1.81,268.2,574.7
143,Daegu,2025-10-01,166.1,10.7,7.7,16.4,73.0,1007.6,20.0,2.03,198.3,594.9
143,Daegu,2025-11-01,119.4,7.1,1.4,11.8,72.6,1007.3,19.4,2.53,164.7,372.5
143,Daegu,2025-12-01,130.5,2.6,-2.7,7.2,70.2,1005.1,17.4,3.18,188.9,205.9
146,Jeonju,2001-01-01,66.5,3.1,-0.2,8.8,70.7,1000.3,16.2,2.1,123.2,230.6
146,Jeonju,2001-02-01,76.1,2.9,-2.1,7.9,55.4,1001.0,16.2,1.97,89.7,164.2
146,Jeonju,2001-03-01,0.0,7.5,1.8,12.1,51.1,1002.0,17.2,2.72,124.2,307.2
146,Jeonju,2001-04-01,2.4,12.6,9.0,17.9,52.8,1010.0,19.7,2.35,117.2,222.4
146,Jeonju,2001-05-01,49.9,17.5,12.7,22.3,48.8,1000.4,23.9,1.86,171.1,417.6
146,Jeonju,2001-06-01,97.6,21.6,18.5,27.2,60.3,1002.9,27.3,2.27,194.6,572.4
146,Jeonju,2001-07-01,236.9,21.1,17.0,26.9,64.7,1005.0,26.6,2.18,242.4,555.5
146,Jeonju,2001-08-01,164.7,20.1,15.1,25.1,74.4,1005.7,25.2,2.57,246.9,604.5
146,Jeonju,2001-09-01,236.6,15.4,11.8,20.8,79.3,1009.6,19.1,3.03,234.1,616.6
146,Jeonju,2001-10-01,225.0,14.4,10.2,20.3,76.6,1005.0,21.8,2.66,208.4,454.3
146,Jeonju,2001-11-01,134.5,6.5,3.4,12.4,72.7,995.4,17.3,2.88,150.3,442.2
146,Jeonju,2001-12-01,224.7,7.0,2.3,11.7,66.2,997.1,17.9,2.56,177.4,275.9
146,Jeonju,2002-01-01,84.3,3.2,-2.0,8.3,62.0,1004.7,16.4,2.22,144.7,305.8
146,Jeonju,2002-02-01,66.4,2.6,-1.5,7.7,59.3,1000.0,17.8,2.71,148.8,283.1
146,Jeonju,2002-03-01,20.5,7.3,2.8,12.3,49.9,1007.4,18.4,3.0,134.1,242.9
146,Jeonju,2002-04-01,96.1,9.9,6.3,15.5,45.3,1006.7,18.9,2.76,159.7,346.4
146,Jeonju,2002-05-01,61.6,16.0,13.2,21.8,54.4,1000.1,21.1,2.48,166.1,395.7
146,Jeonju,2002-06-01,116.6,21.0,15.8,25.9,65.9,1005.7,27.4,2.07,170.0,489.1
146,Jeonju,2002-07-01,202.5,24.4,19.4,29.1,69.4,1003.9,24.2,2.69,236.2,578.8
146,Jeonju,2002-08-01,242.2,21.8,18.2,27.3,65.3,1005.2,27.8,1.9,223.2,527.1
146,Jeonju,2002-09-01,204.1,17.8,13.8,23.7,79.1,1007.2,22.2,2.95,268.6,649.0
146,Jeonju,2002-10-01,201.7,11.4,7.8,16.8,77.0,1006.6,22.4,2.21,209.0,483.7
146,Jeonju,2002-11-01,150.3,8.5,4.7,14.2,76.6,1005.8,20.0,2.06,202.4,415.3
146,Jeonju,2002-12-01,109.8,5.2,0.0,9.7,67.3,1008.8,16.9,2.2,136.6,249.9
146,Jeonju,2003-01-01,16.6,4.1,-0.9,9.1,61.7,1006.6,16.5,2.73,125.5,209.3
146,Jeonju,2003-02-01,34.8,0.7,-3.1,5.5,63.2,1009.3,15.4,1.5,104.1,299.5
146,Jeonju,2003-03-01,86.8,9.9,6.0,15.2,54.5,1003.3,21.9,2.49,128.5,248.5
146,Jeonju,2003-04-01,56.7,14.4,9.3,19.0,57.8,996.5,24.0,1.64,135.4,368.3
146,Jeonju,2003-05-01,77.5,16.0,12.1,20.9,53.9,1000.5,22.4,2.17,240.9,385.6
146,Jeonju,2003-06-01,111.9,20.8,15.9,25.8,60.3,1001.8,22.8,2.07,217.9,438.1
146,Jeonju,2003-07-01,181.6,25.5,21.8,30.8,62.0,1001.3,26.9,2.46,239.8,659.7
146,Jeonju,2003-08-01,207.1,20.0,15.9,24.8,71.8,1001.8,25.3,2.32,188.6,613.8
146,Jeonju,2003-09-01,251.2,19.9,15.3,25.3,72.8,1003.6,25.0,2.43,234.8,558.1
146,Jeonju,2003-10-01,214.7,14.3,9.8,19.2,76.4,1001.4,20.7,1.75,210.6,518.8
146,Jeonju,2003-11-01,167.1,7.3,3.3,13.0,73.9,998.7,18.4,3.15,151.0,439.0
146,Jeonju,2003-12-01,165.5,-0.1,-4.3,5.6,70.1,1001.1,13.9,2.27,142.4,280.6
146,Jeonju,2004-01-01,65.4,3.9,0.9,9.9,69.2,1002.7,16.4,2.36,133.3,212.7
146,Jeonju,2004-02-01,60.4,3.3,-2.2,7.8,63.1,1002.9,16.9,2.59,133.7,219.5
146,Jeonju,2004-03-01,43.6,6.5,2.5,11.5,52.2,1009.1,18.3,2.11,121.2,252.1
146,Jeonju,2004-04-01,40.3,13.9,8.7,18.4,45.5,1001.6,22.1,2.26,180.9,307.2
146,Jeonju,2004-05-01,125.0,18.9,15.7,24.8,54.7,1007.6,24.8,2.62,145.3,515.1
146,Jeonju,2004-06-01,97.3,17.7,14.0,23.5,55.2,1013.1,23.2,1.83,210.6,436.1
146,Jeonju,2004-07-01,202.8,21.1,16.2,26.6,74.1,1004.7,25.1,2.28,218.1,510.2
146,Jeonju,2004-08-01,179.7,23.4,20.6,29.3,66.9,1006.2,26.3,2.35,269.2,533.4
146,Jeonju,2004-09-01,242.1,16.4,12.4,21.9,74.5,1006.2,24.1,2.33,220.2,651.8
146,Jeonju,2004-10-01,227.9,12.4,6.9,17.4,77.4,1002.5,20.9,2.54,208.6,562.2
146,Jeonju,2004-11-01,216.6,7.9,5.3,13.9,77.8,1007.3,20.5,2.77,195.8,517.4
146,Jeonju,2004-12-01,106.1,4.6,-0.6,9.1,64.0,1009.0,15.0,2.47,114.5,347.2
146,Jeonju,2005-01-01,50.0,0.3,-4.2,6.2,63.0,1004.4,16.3,2.07,103.3,245.5
146,Jeonju,2005-02-01,61.6,6.3,2.3,11.7,63.1,1011.3,16.4,2.1,129.5,185.3
146,Jeonju,2005-03-01,3.4,8.0,4.2,13.4,59.9,1001.0,19.2,3.04,136.2,226.3
146,Jeonju,2005-04-01,67.9,12.7,8.2,17.7,56.0,997.5,19.3,1.84,148.6,218.2
146,Jeonju,2005-05-01,53.3,16.2,10.9,21.2,50.1,1003.9,25.1,2.35,179.0,477.4
146,Jeonju,2005-06-01,155.7,21.9,18.0,27.3,54.2,1000.1,27.8,2.92,220.9,374.2
146,Jeonju,2005-07-01,130.2,22.0,16.8,26.9,64.1,1009.7,26.1,2.49,206.5,457.5
146,Jeonju,2005-08-01,164.3,18.2,14.7,24.0,67.6,1003.4,26.2,3.18,259.3,569.5
146,Jeonju,2005-09-01,245.8,19.2,16.5,25.2,73.5,1000.6,24.0,2.53,204.2,538.8
146,Jeonju,2005-10-01,225.7,13.2,9.3,18.3,79.4,1007.3,22.7,2.57,233.5,542.3
146,Jeonju,2005-11-01,266.2,9.5,5.8,14.9,74.5,1001.9,20.2,2.12,209.8,316.6
146,Jeonju,2005-12-01,67.9,4.1,-1.1,9.1,68.8,1000.5,16.6,2.15,136.5,309.7
146,Jeonju,2006-01-01,113.0,4.9,1.3,10.4,64.4,1005.4,17.8,2.93,80.8,230.0
146,Jeonju,2006-02-01,54.6,3.7,0.6,9.3,61.8,1000.5,14.0,2.74,131.5,213.0
146,Jeonju,2006-03-01,0.0,7.6,4.2,12.8,49.1,1000.8,18.4,2.2,144.1,309.4
146,Jeonju,2006-04-01,52.5,13.4,9.9,18.9,48.5,998.9,19.4,2.34,155.8,223.0
146,Jeonju,2006-05-01,80.0,16.8,12.0,21.6,50.7,1005.3,22.5,2.73,168.9,375.7
146,Jeonju,2006-06-01,190.6,18.1,14.9,24.1,61.7,1001.5,26.2,2.27,192.4,466.7
146,Jeonju,2006-07-01,152.5,21.3,16.9,26.5,64.9,996.9,25.3,1.94,202.4,549.3
146,Jeonju,2006-08-01,244.3,22.7,18.3,27.4,69.8,1005.8,24.8,2.73,270.9,529.5
146,Jeonju,2006-09-01,195.7,16.7,12.7,22.1,79.9,998.7,25.1,2.23,284.8,515.0
146,Jeonju,2006-10-01,202.2,10.9,7.6,16.5,78.7,1007.3,18.3,2.66,185.7,409.8
146,Jeonju,2006-11-01,180.9,8.9,3.5,13.4,78.4,1009.2,16.9,3.0,227.1,378.0
146,Jeonju,2006-12-01,66.6,1.4,-3.4,7.1,71.1,1001.2,14.5,1.87,171.9,304.5
146,Jeonju,2007-01-01,151.0,4.0,-0.5,9.0,61.2,1000.1,14.4,2.76,118.4,301.3
146,Jeonju,2007-02-01,47.5,3.9,-1.4,8.9,58.2,1007.2,15.4,2.65,161.0,236.4
146,Jeonju,2007-03-01,57.5,8.3,3.9,13.9,57.1,1003.2,17.8,1.92,159.7,183.6
146,Jeonju,2007-04-01,68.8,12.9,9.6,18.7,50.2,1004.6,20.9,1.91,198.5,262.5
146,Jeonju,2007-05-01,42.7,17.6,13.9,22.6,58.7,999.2,23.7,2.13,229.8,407.5
146,Jeonju,2007-06-01,100.2,21.7,16.4,26.2,60.5,1002.7,23.0,2.26,225.2,449.8
146,Jeonju,2007-07-01,196.0,22.9,17.6,28.1,58.9,999.9,27.9,3.13,289.1,558.9
146,Jeonju,2007-08-01,223.3,22.2,17.7,28.0,74.2,1004.4,26.8,2.03,231.8,548.6
146,Jeonju,2007-09-01,178.4,14.5,10.3,20.4,75.8,1005.2,22.5,2.3,209.1,608.5
146,Jeonju,2007-10-01,203.7,12.2,7.9,17.3,75.1,1000.9,20.2,2.66,220.2,582.8
146,Jeonju,2007-11-01,214.9,11.4,5.7,16.1,73.7,1006.5,19.1,1.81,218.2,325.0
146,Jeonju,2007-12-01,140.4,3.1,-0.8,7.9,72.9,1008.6,16.0,3.29,168.7,256.0
146,Jeonju,2008-01-01,79.9,1.9,-2.7,7.8,66.4,998.1,12.1,2.26,109.1,192.4
146,Jeonju,2008-02-01,0.0,3.1,-2.4,8.0,60.4,1009.2,16.8,2.81,147.7,158.9
146,Jeonju,2008-03-01,45.4,9.7,4.2,14.6,56.5,997.3,17.7,2.13,139.3,257.3
146,Jeonju,2008-04-01,78.9,10.6,7.7,16.5,50.2,1000.8,17.5,2.52,188.5,248.2
146,Jeonju,2008-05-01,113.3,18.1,13.8,22.9,51.3,1001.6,24.1,3.14,144.2,370.9
146,Jeonju,2008-06-01,93.6,19.2,16.1,24.6,52.7,1002.8,22.5,2.4,241.7,517.8
146,Jeonju,2008-07-01,178.7,21.7,17.5,27.2,66.6,1002.2,25.9,1.87,213.6,598.3
146,Jeonju,2008-08-01,236.7,21.9,16.5,26.8,70.2,997.8,27.6,2.71,285.0,710.0
146,Jeonju,2008-09-01,175.0,16.3,10.5,20.9,77.7,1003.3,20.6,2.36,236.6,602.8
146,Jeonju,2008-10-01,216.8,14.0,8.9,19.1,79.2,998.3,23.6,2.89,221.6,506.8
146,Jeonju,2008-11-01,230.6,4.7,0.3,10.4,79.2,1004.0,15.3,2.2,205.5,387.4
146,Jeonju,2008-12-01,103.2,2.6,-1.8,8.3,63.5,1014.8,16.5,2.63,139.1,309.8
146,Jeonju,2009-01-01,84.2,0.8,-2.3,6.3,59.6,1005.4,14.6,2.02,177.3,186.8
146,Jeonju,2009-02-01,3.2,4.5,-0.5,9.0,59.5,1004.5,16.3,2.12,136.1,213.3
146,Jeonju,2009-03-01,12.7,10.3,6.5,15.4,58.9,1008.4,20.7,2.4,126.4,229.5
146,Jeonju,2009-04-01,0.0,13.2,9.2,19.2,52.6,1005.7,19.5,1.93,88.1,301.9
146,Jeonju,2009-05-01,50.5,15.8,11.7,21.6,49.6,1013.1,22.7,1.97,163.3,389.6
146,Jeonju,2009-06-01,118.9,23.9,19.0,28.7,57.5,1004.3,27.9,2.88,242.8,473.7
146,Jeonju,2009-07-01,172.3,18.7,14.2,24.0,68.1,1002.5,26.6,2.25,214.1,527.8
146,Jeonju,2009-08-01,168.0,23.1,18.2,27.7,69.5,1002.4,22.6,2.55,242.5,514.0
146,Jeonju,2009-09-01,216.3,17.8,13.5,22.6,76.6,998.5,22.5,2.51,226.7,555.5
146,Jeonju,2009-10-01,218.9,12.2,7.4,17.2,76.7,1004.6,20.9,2.66,217.9,518.1
146,Jeonju,2009-11-01,161.1,5.3,2.1,11.3,81.6,994.6,19.4,2.07,209.7,267.8
146,Jeonju,2009-12-01,116.8,5.9,1.4,11.7,64.2,998.1,19.9,2.26,148.2,327.0
146,Jeonju,2010-01-01,31.9,3.7,-1.5,8.7,63.0,997.3,15.7,2.66,137.9,246.0
146,Jeonju,2010-02-01,74.2,3.4,-0.8,9.0,62.3,1004.7,15.7,1.8,147.6,175.4
146,Jeonju,2010-03-01,32.5,11.2,7.0,16.8,52.7,1007.4,20.4,2.55,178.6,227.4
146,Jeonju,2010-04-01,43.4,10.8,6.2,16.6,56.6,996.6,21.1,2.14,168.3,309.2
146,Jeonju,2010-05-01,58.8,17.5,12.2,22.4,50.9,1001.8,23.7,3.05,179.8,385.4
146,Jeonju,2010-06-01,134.6,18.5,13.9,23.3,56.5,996.4,25.0,2.5,213.5,448.4
146,Jeonju,2010-07-01,175.3,24.1,20.2,28.8,62.2,1002.9,28.1,2.89,265.2,573.0
146,Jeonju,2010-08-01,208.4,21.1,15.5,25.9,70.4,1002.3,27.1,2.93,222.8,629.1
146,Jeonju,2010-09-01,203.3,18.7,15.2,24.1,73.7,1006.9,21.2,2.92,231.3,555.7
146,Jeonju,2010-10-01,136.0,12.1,7.5,17.4,79.5,1003.3,22.3,2.48,186.7,493.4
146,Jeonju,2010-11-01,228.5,9.1,3.8,13.8,79.4,1006.6,19.4,2.69,199.1,269.0
146,Jeonju,2010-12-01,138.8,4.1,-0.9,9.1,65.6,996.3,18.4,2.58,89.7,275.4
146,Jeonju,2011-01-01,108.3,1.8,-1.1,7.6,60.3,1003.0,15.1,1.84,91.7,195.8
146,Jeonju,2011-02-01,20.3,4.1,-0.5,9.8,61.6,1002.4,17.8,2.34,109.0,333.8
146,Jeonju,2011-03-01,0.0,4.2,-0.4,10.0,49.6,999.3,15.6,2.76,158.3,342.5
146,Jeonju,2011-04-01,0.0,11.2,6.9,15.8,54.5,1003.5,20.3,2.38,122.0,340.8
146,Jeonju,2011-05-01,71.0,15.6,12.3,21.1,55.4,1002.4,23.9,2.49,157.9,419.3
146,Jeonju,2011-06-01,137.4,22.5,18.9,27.5,61.3,995.7,25.6,2.29,246.2,480.6
146,Jeonju,2011-07-01,193.8,20.6,15.2,25.2,73.7,1000.1,24.7,2.45,192.2,524.3
146,Jeonju,2011-08-01,221.4,21.7,17.6,26.8,74.6,1005.0,27.2,2.01,272.0,577.3
146,Jeonju,2011-09-01,275.7,18.3,12.6,23.0,73.8,1001.3,21.3,3.05,218.9,650.4
146,Jeonju,2011-10-01,192.2,10.8,6.8,16.5,76.8,998.0,19.6,2.57,177.5,457.7
146,Jeonju,2011-11-01,157.8,7.6,4.1,13.1,73.0,1014.3,17.9,2.32,171.1,383.4
146,Jeonju,2011-12-01,127.7,5.7,0.4,10.8,74.7,1004.3,18.0,2.84,122.2,459.9
146,Jeonju,2012-01-01,59.6,2.4,-2.5,7.4,68.4,1012.7,14.9,2.54,133.5,304.1
146,Jeonju,2012-02-01,120.4,6.1,2.5,11.8,61.2,1003.3,16.2,2.08,148.7,295.1
146,Jeonju,2012-03-01,22.7,8.7,3.4,13.4,53.0,1011.4,19.2,1.95,131.0,305.4
146,Jeonju,2012-04-01,0.0,12.4,8.1,18.3,53.3,1002.5,21.1,2.26,124.5,222.7
146,Jeonju,2012-05-01,53.3,19.5,14.9,24.4,51.0,1001.3,25.3,2.6,168.1,243.3
146,Jeonju,2012-06-01,101.4,21.1,15.8,25.9,61.9,1002.6,26.4,1.8,202.4,373.7
146,Jeonju,2012-07-01,157.6,21.1,16.5,26.3,68.6,1001.0,23.6,1.98,238.6,664.5
146,Jeonju,2012-08-01,221.7,21.1,16.3,26.1,78.1,1007.6,25.4,2.44,247.5,609.7
146,Jeonju,2012-09-01,205.5,16.9,11.4,21.6,78.7,1009.5,23.6,2.54,312.0,568.3
146,Jeonju,2012-10-01,169.1,11.6,7.4,17.6,74.4,1007.5,20.4,2.36,236.8,447.0
146,Jeonju,2012-11-01,121.1,4.9,1.0,10.8,73.0,998.8,17.0,2.85,159.1,360.2
146,Jeonju,2012-12-01,83.3,3.6,-1.5,8.8,71.8,1003.3,17.7,2.68,135.6,448.1
146,Jeonju,2013-01-01,76.6,3.2,-0.4,8.4,70.3,1001.2,17.4,2.47,152.6,231.2
146,Jeonju,2013-02-01,30.5,5.2,1.9,10.5,63.7,1006.4,17.1,2.21,129.1,259.6
146,Jeonju,2013-03-01,0.0,8.0,4.6,13.6,55.3,1006.1,19.7,2.72,119.8,181.7
146,Jeonju,2013-04-01,0.0,14.6,10.3,19.7,50.5,1006.2,19.6,2.05,153.1,349.8
146,Jeonju,2013-05-01,136.3,17.6,12.3,22.6,52.2,1011.8,24.4,2.85,174.0,399.9
146,Jeonju,2013-06-01,149.5,20.4,16.7,25.9,57.4,1002.9,23.7,2.51,217.1,479.2
146,Jeonju,2013-07-01,143.5,22.6,19.4,28.2,68.8,997.6,29.3,2.37,242.3,510.7
146,Jeonju,2013-08-01,247.2,21.4,17.4,26.5,70.1,1004.4,25.5,2.38,222.2,533.8
146,Jeonju,2013-09-01,203.9,18.4,15.1,23.7,75.4,1004.3,23.6,1.7,226.6,533.4
146,Jeonju,2013-10-01,170.9,11.3,8.4,17.1,74.5,1009.3,18.1,2.33,180.8,444.9
146,Jeonju,2013-11-01,165.6,5.9,2.0,11.4,78.3,1007.5,15.6,2.3,191.7,452.3
146,Jeonju,2013-12-01,186.4,6.5,1.3,11.1,71.3,1002.3,17.8,2.03,151.7,206.4
146,Jeonju,2014-01-01,59.0,2.8,-1.4,7.8,61.6,1011.9,16.1,2.5,87.6,206.9
146,Jeonju,2014-02-01,79.5,5.1,0.0,9.6,53.9,1003.1,18.9,2.83,116.9,313.8
146,Jeonju,2014-03-01,0.0,6.4,2.1,11.4,53.6,1003.2,16.5,2.51,133.0,245.3
146,Jeonju,2014-04-01,2.1,12.9,8.3,18.4,57.4,1011.8,24.1,2.66,143.4,305.8
146,Jeonju,2014-05-01,91.7,17.7,13.1,22.3,53.6,1006.1,21.9,2.3,194.8,491.1
146,Jeonju,2014-06-01,79.7,19.1,15.5,24.5,53.9,998.9,26.1,2.28,210.8,432.7
146,Jeonju,2014-07-01,194.7,25.3,20.5,31.0,66.3,1002.5,28.1,2.56,278.4,587.1
146,Jeonju,2014-08-01,226.2,20.5,16.9,26.0,71.4,1014.2,21.2,2.49,246.8,566.3
146,Jeonju,2014-09-01,212.8,17.2,12.9,23.1,73.7,1010.9,23.2,2.63,215.2,611.9
146,Jeonju,2014-10-01,232.9,14.1,9.0,18.7,82.9,1000.0,22.3,2.02,235.2,448.8
146,Jeonju,2014-11-01,138.8,6.3,2.8,11.9,75.6,999.0,17.9,1.94,196.1,449.6
146,Jeonju,2014-12-01,124.2,3.8,0.3,9.8,67.7,1005.8,15.2,2.32,135.0,267.9
146,Jeonju,2015-01-01,68.7,4.0,-0.7,9.4,66.2,1002.5,13.2,2.55,71.1,128.7
146,Jeonju,2015-02-01,37.1,4.1,1.0,9.8,58.5,1005.4,16.5,2.95,159.1,250.8
146,Jeonju,2015-03-01,2.9,7.1,2.1,12.1,50.9,1002.1,18.5,1.61,96.4,213.7
146,Jeonju,2015-04-01,40.9,11.7,6.7,17.2,47.9,1001.0,20.3,2.28,152.8,335.1
146,Jeonju,2015-05-01,101.4,16.8,13.1,22.0,56.0,999.1,23.4,2.83,223.2,415.0
146,Jeonju,2015-06-01,162.1,18.9,15.6,24.7,60.2,1009.2,24.7,2.02,178.4,588.7
146,Jeonju,2015-07-01,190.5,23.6,19.1,28.7,61.5,1004.1,24.6,2.26,215.9,360.4
146,Jeonju,2015-08-01,195.1,19.4,16.0,25.2,77.2,1004.0,25.1,2.6,261.8,607.3
146,Jeonju,2015-09-01,229.9,18.3,14.2,24.1,81.0,1003.7,21.9,2.88,214.6,587.9
146,Jeonju,2015-10-01,162.4,17.0,12.1,21.6,69.6,1002.8,22.1,2.85,199.4,558.3
146,Jeonju,2015-11-01,136.7,7.6,2.4,12.5,76.7,1006.3,18.7,2.66,157.6,423.3
146,Jeonju,2015-12-01,181.3,1.7,-3.7,6.7,76.1,1006.6,15.5,2.57,131.6,286.7
146,Jeonju,2016-01-01,30.8,5.5,0.0,10.4,65.9,1008.1,18.7,2.03,49.7,267.8
146,Jeonju,2016-02-01,11.7,4.4,0.2,10.3,65.1,1008.4,19.8,2.95,156.7,217.5
146,Jeonju,2016-03-01,0.0,11.7,7.4,17.0,52.7,1007.0,16.8,2.24,125.6,271.9
146,Jeonju,2016-04-01,80.2,10.7,7.5,16.2,61.2,1006.0,19.4,1.89,195.7,354.2
146,Jeonju,2016-05-01,76.7,15.4,10.7,20.4,55.8,995.2,23.2,1.77,213.9,412.5
146,Jeonju,2016-06-01,108.8,22.3,19.5,28.2,59.3,1003.1,25.7,2.51,252.4,459.8
146,Jeonju,2016-07-01,195.2,21.7,17.3,26.6,66.3,1002.2,23.1,2.52,238.6,502.6
146,Jeonju,2016-08-01,159.9,21.6,16.0,26.3,65.7,1004.4,23.8,2.45,262.2,509.6
146,Jeonju,2016-09-01,222.2,19.4,16.5,25.1,81.1,1001.9,24.1,2.81,227.3,414.7
146,Jeonju,2016-10-01,203.8,13.4,8.4,18.8,76.1,1007.0,21.3,1.79,240.9,477.2
146,Jeonju,2016-11-01,210.7,5.5,1.6,10.8,75.1,998.7,13.8,3.01,186.2,470.0
146,Jeonju,2016-12-01,157.5,5.6,1.1,10.3,76.0,1003.8,20.0,1.8,109.8,369.3
146,Jeonju,2017-01-01,48.8,6.3,2.1,11.3,68.1,999.8,15.1,3.0,90.5,339.2
146,Jeonju,2017-02-01,66.2,4.3,-0.8,9.2,58.3,1009.2,18.7,2.46,105.0,298.4
146,Jeonju,2017-03-01,0.0,9.1,3.3,13.7,58.0,1003.2,18.0,2.79,100.9,296.3
146,Jeonju,2017-04-01,0.0,13.0,9.6,18.5,54.4,1002.8,22.8,2.62,161.3,327.5
146,Jeonju,2017-05-01,61.0,17.4,13.0,22.5,58.5,1003.2,23.8,1.84,203.6,365.1
146,Jeonju,2017-06-01,88.5,24.5,20.4,29.3,60.6,1002.2,26.2,2.71,238.3,485.9
146,Jeonju,2017-07-01,245.0,22.1,17.2,27.7,59.1,1001.0,25.5,2.67,231.2,606.5
146,Jeonju,2017-08-01,208.8,21.7,17.7,26.7,65.6,1003.9,25.1,2.71,239.5,580.5
146,Jeonju,2017-09-01,210.7,20.2,16.3,25.2,76.3,1002.8,24.4,2.63,217.3,564.6
146,Jeonju,2017-10-01,207.6,13.2,9.0,18.5,77.3,1009.3,21.9,3.44,211.2,547.5
146,Jeonju,2017-11-01,147.1,10.6,5.2,15.2,74.5,1005.0,19.3,2.08,173.2,492.5
146,Jeonju,2017-12-01,141.4,2.0,-2.1,7.3,73.6,1005.8,16.6,3.14,129.3,346.6
146,Jeonju,2018-01-01,121.6,1.3,-1.8,7.0,66.1,998.0,16.3,1.84,160.4,274.9
146,Jeonju,2018-02-01,109.7,5.9,0.8,10.4,59.8,1003.4,19.0,2.03,170.5,296.5
146,Jeonju,2018-03-01,22.9,11.0,6.8,15.9,50.1,1010.6,17.5,1.82,112.2,323.5
146,Jeonju,2018-04-01,76.1,13.3,8.4,18.2,54.5,1009.7,20.7,2.09,161.8,354.4
146,Jeonju,2018-05-01,81.4,20.1,14.3,24.6,55.9,1003.9,26.7,2.55,172.4,431.7
146,Jeonju,2018-06-01,160.3,23.0,17.7,27.9,50.3,1007.7,26.6,2.39,227.4,605.6
146,Jeonju,2018-07-01,222.0,23.8,20.2,29.5,56.6,1005.1,28.4,2.88,248.8,546.6
146,Jeonju,2018-08-01,187.5,20.4,15.0,25.3,77.1,997.5,24.4,1.63,247.4,579.9
146,Jeonju,2018-09-01,207.5,16.1,11.9,21.5,74.9,1010.8,23.0,2.61,220.3,508.8
146,Jeonju,2018-10-01,206.5,16.8,12.2,22.0,74.1,991.9,21.8,3.35,224.9,588.5
146,Jeonju,2018-11-01,160.3,3.3,0.7,9.2,76.2,1003.5,15.8,2.78,167.5,418.5
146,Jeonju,2018-12-01,131.8,2.9,-1.3,8.8,77.6,1008.0,17.9,2.09,114.1,375.8
146,Jeonju,2019-01-01,109.2,2.7,-0.8,8.2,68.0,1008.3,15.1,2.09,159.1,205.6
146,Jeonju,2019-02-01,105.0,3.8,0.6,9.2,57.6,1008.0,17.9,2.84,124.6,192.6
146,Jeonju,2019-03-01,29.7,7.3,2.5,12.3,54.3,999.7,20.5,2.45,124.8,337.1
146,Jeonju,2019-04-01,24.9,11.8,7.1,17.5,54.1,1000.1,19.9,2.12,135.3,259.7
146,Jeonju,2019-05-01,86.2,18.0,13.5,22.8,54.1,1005.3,24.5,2.37,186.8,401.2
146,Jeonju,2019-06-01,132.1,20.0,15.5,25.7,52.1,1008.7,28.1,2.47,226.6,554.9
146,Jeonju,2019-07-01,126.1,23.8,19.8,29.5,64.3,1006.2,26.5,3.28,219.2,625.8
146,Jeonju,2019-08-01,229.2,22.3,18.5,27.3,61.9,1006.9,24.9,2.87,248.8,652.0
146,Jeonju,2019-09-01,248.1,13.7,8.7,19.1,79.5,1005.4,22.4,2.29,209.1,529.9
146,Jeonju,2019-10-01,144.3,12.4,8.4,17.1,77.4,1005.3,20.5,2.2,186.3,471.0
146,Jeonju,2019-11-01,143.7,7.5,3.7,12.9,73.4,1004.9,19.8,2.53,200.0,276.0
146,Jeonju,2019-12-01,107.8,5.6,0.7,11.1,77.0,1004.6,17.2,2.02,138.1,285.5
146,Jeonju,2020-01-01,56.7,0.7,-4.0,6.5,63.2,1007.4,14.8,2.81,136.7,241.7
146,Jeonju,2020-02-01,39.1,4.2,-0.5,9.0,56.5,1000.4,17.0,2.57,112.2,152.1
146,Jeonju,2020-03-01,73.8,9.1,5.0,14.7,53.9,1004.0,21.0,3.06,153.1,258.6
146,Jeonju,2020-04-01,0.0,9.9,5.6,14.8,50.1,1002.2,18.5,2.17,176.9,323.1
146,Jeonju,2020-05-01,69.5,22.3,17.1,27.3,50.9,1002.0,25.8,2.74,173.5,378.0
146,Jeonju,2020-06-01,115.2,19.8,15.9,24.9,60.5,1002.5,24.2,2.87,235.5,574.9
146,Jeonju,2020-07-01,185.5,24.9,20.1,30.2,69.2,1005.9,26.6,1.98,226.9,514.8
146,Jeonju,2020-08-01,267.6,22.3,17.5,27.9,68.3,1000.4,25.7,2.85,215.8,717.4
146,Jeonju,2020-09-01,187.0,15.7,10.8,20.7,74.8,1004.5,23.0,2.45,199.5,407.0
146,Jeonju,2020-10-01,177.7,15.7,11.6,20.9,73.6,1004.1,23.1,2.64,146.8,679.5
146,Jeonju,2020-11-01,212.1,7.9,2.7,12.7,77.1,1003.7,19.0,2.35,190.0,443.6
146,Jeonju,2020-12-01,137.0,4.6,0.6,9.8,68.2,1003.6,15.8,2.24,182.2,301.1
146,Jeonju,2021-01-01,13.5,1.9,-2.2,7.3,66.9,1005.5,15.5,1.92,117.0,206.7
146,Jeonju,2021-02-01,32.7,4.6,1.1,10.4,57.7,1009.5,18.2,2.44,135.1,179.5
146,Jeonju,2021-03-01,0.0,7.2,1.7,12.0,54.1,1000.0,15.1,2.97,122.8,218.3
146,Jeonju,2021-04-01,19.2,14.2,11.4,20.0,57.1,1002.4,21.1,2.28,130.4,230.7
146,Jeonju,2021-05-01,104.7,17.3,12.5,22.6,56.5,994.7,22.0,2.63,148.1,422.4
146,Jeonju,2021-06-01,76.3,21.5,17.3,26.7,52.5,1006.1,28.1,3.52,221.9,408.1
146,Jeonju,2021-07-01,187.7,25.4,20.4,30.6,62.1,1004.0,23.5,2.02,231.8,534.1
146,Jeonju,2021-08-01,161.8,20.6,17.1,25.9,71.2,1005.6,24.4,2.94,215.3,695.7
146,Jeonju,2021-09-01,259.0,16.8,12.9,22.4,77.5,1007.3,21.2,2.57,179.0,545.2
146,Jeonju,2021-10-01,258.2,10.1,6.6,15.7,81.9,1004.5,17.0,1.73,212.4,419.2
146,Jeonju,2021-11-01,177.3,7.4,3.6,13.3,77.5,1008.2,20.0,2.34,175.1,382.1
146,Jeonju,2021-12-01,148.8,3.6,-0.4,8.3,71.8,1002.7,15.5,3.27,139.0,291.7
146,Jeonju,2022-01-01,54.3,3.0,-1.4,8.1,63.5,1006.0,17.6,2.41,129.5,222.5
146,Jeonju,2022-02-01,25.1,3.1,-2.5,7.9,62.2,1001.9,15.4,2.25,151.1,164.3
146,Jeonju,2022-03-01,39.7,7.4,3.1,12.9,54.8,1006.5,18.4,3.1,129.2,141.9
146,Jeonju,2022-04-01,65.1,13.4,9.3,18.6,45.6,995.3,23.8,2.17,174.1,213.8
146,Jeonju,2022-05-01,40.9,19.0,13.8,24.1,54.6,1002.0,23.0,1.92,215.1,494.0
146,Jeonju,2022-06-01,88.6,19.4,15.6,24.9,58.4,1004.8,24.4,2.35,270.3,458.5
146,Jeonju,2022-07-01,229.9,25.0,21.3,30.3,65.1,1000.4,27.2,1.97,250.9,615.0
146,Jeonju,2022-08-01,248.2,20.1,16.0,26.0,77.1,1003.0,25.7,2.31,227.4,619.5
146,Jeonju,2022-09-01,216.3,18.3,14.5,23.6,77.3,999.4,22.5,2.38,231.5,524.5
146,Jeonju,2022-10-01,215.7,13.5,9.2,19.5,81.6,997.8,20.0,2.28,212.0,475.7
146,Jeonju,2022-11-01,153.2,7.6,2.6,12.5,83.6,1003.5,19.8,2.17,194.4,406.0
146,Jeonju,2022-12-01,155.0,3.6,-1.2,9.0,74.3,1004.0,15.0,3.18,196.2,185.6
146,Jeonju,2023-01-01,83.7,4.0,0.4,9.1,69.6,1004.6,20.0,2.77,119.3,211.0
146,Jeonju,2023-02-01,86.2,3.0,-1.7,8.1,60.2,1002.8,14.1,2.86,109.9,341.2
146,Jeonju,2023-03-01,40.6,10.3,5.4,15.0,56.6,1004.2,21.2,3.39,121.3,291.8
146,Jeonju,2023-04-01,42.5,13.4,8.6,18.8,52.3,1007.1,20.3,2.77,154.6,298.5
146,Jeonju,2023-05-01,109.2,18.8,14.3,24.1,53.5,1006.9,24.3,1.74,170.5,291.7
146,Jeonju,2023-06-01,148.0,22.9,17.9,28.1,62.4,996.3,25.9,1.83,201.0,587.0
146,Jeonju,2023-07-01,210.8,23.8,18.7,29.1,65.7,1007.0,27.1,1.77,234.6,441.1
146,Jeonju,2023-08-01,235.4,20.3,16.6,25.6,73.0,1003.7,28.1,2.65,223.9,611.2
146,Jeonju,2023-09-01,210.0,19.2,15.7,25.0,70.3,1003.0,24.4,1.99,226.4,582.0
146,Jeonju,2023-10-01,207.1,10.4,5.7,15.7,77.7,1003.6,19.3,2.22,211.7,547.8
146,Jeonju,2023-11-01,182.3,10.1,5.6,15.3,80.2,1009.5,17.9,2.66,210.5,483.9
146,Jeonju,2023-12-01,98.0,5.7,1.2,10.4,66.1,1000.4,14.5,2.46,206.6,307.3
146,Jeonju,2024-01-01,81.0,4.0,-1.6,8.9,66.4,1000.2,16.3,2.7,151.3,322.0
146,Jeonju,2024-02-01,54.5,3.9,0.4,9.9,56.8,1003.0,15.0,2.56,146.2,177.4
146,Jeonju,2024-03-01,45.2,6.2,1.8,12.0,51.1,998.3,18.3,2.51,144.7,364.2
146,Jeonju,2024-04-01,15.5,11.5,6.6,17.1,55.8,1000.8,22.2,2.72,154.7,274.9
146,Jeonju,2024-05-01,81.2,20.1,15.5,25.6,52.4,1001.1,24.8,2.78,191.5,403.7
146,Jeonju,2024-06-01,134.7,22.5,17.5,27.7,56.1,1000.8,26.3,2.37,222.2,498.5
146,Jeonju,2024-07-01,162.4,25.1,20.9,30.4,67.4,999.7,30.5,1.96,234.8,538.7
146,Jeonju,2024-08-01,195.9,21.3,15.8,25.9,66.8,1006.6,25.9,2.25,253.3,570.5
146,Jeonju,2024-09-01,181.5,15.4,12.6,21.3,76.2,1001.4,22.3,2.27,188.3,559.6
146,Jeonju,2024-10-01,225.6,13.3,8.3,18.1,74.7,1003.6,21.4,1.64,225.1,504.9
146,Jeonju,2024-11-01,98.3,7.2,4.2,12.8,70.7,1005.0,21.0,2.51,126.0,417.1
146,Jeonju,2024-12-01,118.2,3.0,-1.8,7.6,68.7,997.0,12.8,2.13,146.1,279.0
146,Jeonju,2025-01-01,53.6,4.0,-0.1,8.9,67.9,1000.9,14.8,2.19,113.3,121.0
146,Jeonju,2025-02-01,23.6,5.5,1.2,11.1,59.5,1009.2,16.0,2.01,148.1,221.7
146,Jeonju,2025-03-01,6.5,8.4,5.2,13.9,51.6,1004.6,19.3,3.01,120.8,225.7
146,Jeonju,2025-04-01,93.1,14.7,10.9,19.6,50.2,998.8,21.8,2.2,190.1,215.7
146,Jeonju,2025-05-01,36.9,17.6,13.9,23.4,48.5,1001.8,25.7,3.16,169.6,389.8
146,Jeonju,2025-06-01,95.7,22.9,17.7,27.7,58.9,999.3,25.8,2.95,200.0,381.1
146,Jeonju,2025-07-01,159.9,22.7,18.5,27.6,66.8,1010.1,23.8,2.69,256.1,587.1
146,Jeonju,2025-08-01,172.0,20.4,14.7,25.0,69.0,1007.9,23.9,1.64,234.4,608.8
146,Jeonju,2025-09-01,232.0,18.5,14.9,23.5,73.9,1009.0,20.8,2.38,262.7,628.7
146,Jeonju,2025-10-01,230.4,13.9,9.9,19.1,72.8,998.5,22.1,2.2,215.2,515.8
146,Jeonju,2025-11-01,234.7,8.0,4.1,13.7,72.5,1007.0,18.9,2.56,135.5,265.0
146,Jeonju,2025-12-01,72.5,6.7,3.5,12.1,68.8,1002.4,18.0,3.06,164.6,333.1
156,Gwangju,2001-01-01,112.4,2.1,-3.4,7.0,68.1,1003.0,14.8,2.05,107.9,189.1
156,Gwangju,2001-02-01,45.1,4.4,-0.2,9.0,55.3,999.2,16.1,2.09,98.0,321.7
156,Gwangju,2001-03-01,0.0,11.4,7.3,16.2,58.1,1006.7,21.0,3.06,101.0,234.7
156,Gwangju,2001-04-01,2.4,10.1,6.6,15.3,52.4,1011.2,22.8,3.6,197.6,451.5
156,Gwangju,2001-05-01,78.4,18.8,13.9,23.4,55.1,1005.8,23.0,1.85,189.1,358.4
156,Gwangju,2001-06-01,93.9,20.9,17.7,26.4,58.4,1007.3,25.5,2.36,214.0,412.5
156,Gwangju,2001-07-01,173.8,23.6,19.6,29.4,59.7,1000.4,28.8,2.49,212.6,468.7
156,Gwangju,2001-08-01,172.8,19.7,16.8,25.5,67.3,1005.7,25.7,1.93,237.9,600.4
156,Gwangju,2001-09-01,215.2,14.4,9.9,20.3,80.9,1000.3,21.3,2.32,239.2,561.7
156,Gwangju,2001-10-01,217.9,10.5,6.7,16.2,76.5,1010.0,18.0,2.29,178.1,499.2
156,Gwangju,2001-11-01,198.7,7.8,4.3,13.3,76.5,1006.6,19.7,1.25,178.1,335.3
156,Gwangju,2001-12-01,85.5,6.0,2.5,11.7,66.1,999.1,19.0,2.26,157.7,303.3
156,Gwangju,2002-01-01,62.0,2.5,-2.4,7.5,70.7,1002.8,15.2,2.19,164.8,285.5
156,Gwangju,2002-02-01,0.0,0.7,-3.6,6.2,58.9,1005.7,14.9,2.96,139.3,224.7
156,Gwangju,2002-03-01,59.6,5.3,0.3,10.4,56.7,996.6,16.8,2.56,140.0,315.3
156,Gwangju,2002-04-01,58.9,12.6,8.6,17.9,53.5,1006.3,20.9,2.54,174.0,352.7
156,Gwangju,2002-05-01,110.2,21.7,18.1,26.7,56.4,1004.5,26.3,3.0,137.9,490.8
156,Gwangju,2002-06-01,179.3,21.8,17.8,27.6,59.0,1005.4,26.7,2.69,225.7,543.9
156,Gwangju,2002-07-01,189.5,20.6,16.2,26.4,64.9,1008.7,23.8,2.39,215.9,638.6
156,Gwangju,2002-08-01,254.2,21.1,16.8,26.5,70.9,1003.2,26.4,2.06,242.8,708.6
156,Gwangju,2002-09-01,192.0,19.0,14.8,24.4,76.2,1009.8,25.0,2.68,272.0,538.5
156,Gwangju,2002-10-01,160.1,15.7,11.7,20.8,74.3,1004.5,20.8,2.43,193.8,437.3
156,Gwangju,2002-11-01,151.4,4.7,0.7,9.3,76.6,999.2,17.5,2.05,198.0,393.1
156,Gwangju,2002-12-01,103.1,4.0,0.6,9.2,71.8,1006.7,15.2,1.76,135.0,355.6
156,Gwangju,2003-01-01,55.0,2.3,-1.5,7.6,64.7,997.6,16.3,2.49,147.9,175.4
156,Gwangju,2003-02-01,25.5,2.2,-1.9,7.3,57.9,998.2,14.6,1.76,87.6,260.3
156,Gwangju,2003-03-01,0.0,7.7,3.4,13.5,55.4,999.6,20.0,2.12,118.4,213.8
156,Gwangju,2003-04-01,56.4,13.5,9.6,18.9,46.9,1001.7,21.3,2.26,162.5,353.2
156,Gwangju,2003-05-01,39.9,15.9,12.0,21.7,52.9,1008.3,20.6,2.26,165.2,520.3
156,Gwangju,2003-06-01,95.7,20.9,16.4,25.9,59.9,999.2,26.4,2.51,231.3,470.3
156,Gwangju,2003-07-01,170.5,21.7,19.1,27.7,65.0,1000.8,25.1,2.5,252.5,514.8
156,Gwangju,2003-08-01,201.2,21.1,18.0,27.0,67.8,997.2,25.5,2.04,227.6,508.3
156,Gwangju,2003-09-01,195.4,16.0,11.1,21.2,75.9,1001.7,19.5,2.22,212.9,570.7
156,Gwangju,2003-10-01,218.5,13.9,9.2,18.5,74.9,1007.2,21.5,2.3,256.2,524.7
156,Gwangju,2003-11-01,155.3,6.5,1.6,11.9,75.5,1006.1,19.3,2.62,202.1,427.1
156,Gwangju,2003-12-01,133.9,3.5,-1.7,8.2,72.1,998.2,15.9,2.17,153.4,330.5
156,Gwangju,2004-01-01,33.5,3.1,-1.9,8.0,62.0,1007.0,16.1,2.46,153.6,196.5
156,Gwangju,2004-02-01,14.1,3.2,-0.9,8.3,53.0,998.8,14.1,2.96,104.6,200.4
156,Gwangju,2004-03-01,0.0,7.4,3.5,12.6,54.2,997.1,17.8,2.46,103.2,283.4
156,Gwangju,2004-04-01,63.2,12.3,6.9,17.2,57.0,1011.3,18.9,2.71,182.6,251.8
156,Gwangju,2004-05-01,46.9,17.3,13.0,22.1,53.9,1006.2,20.2,2.01,196.7,433.2
156,Gwangju,2004-06-01,77.5,22.0,19.0,27.6,55.5,1006.1,28.4,2.05,211.0,555.4
156,Gwangju,2004-07-01,166.0,20.4,16.0,25.2,60.6,995.8,26.4,2.07,240.3,590.6
156,Gwangju,2004-08-01,202.4,21.4,18.6,27.1,68.3,999.2,25.4,2.35,250.7,646.1
156,Gwangju,2004-09-01,221.5,16.1,13.0,21.7,70.7,1000.0,23.2,2.43,278.4,584.9
156,Gwangju,2004-10-01,263.6,13.8,9.8,19.1,73.2,1001.2,21.6,2.15,185.0,515.0
156,Gwangju,2004-11-01,126.8,5.9,1.0,10.5,71.9,1002.6,18.2,2.63,163.5,321.8
156,Gwangju,2004-12-01,94.4,4.6,0.1,10.4,75.2,1010.4,16.5,2.99,143.5,371.2
156,Gwangju,2005-01-01,91.8,-0.5,-5.6,4.8,58.8,1007.3,17.5,2.3,149.4,333.2
156,Gwangju,2005-02-01,39.5,4.6,-0.6,9.3,62.1,1005.4,17.3,2.38,80.2,273.9
156,Gwangju,2005-03-01,0.0,9.4,5.3,14.0,52.5,1011.8,18.9,1.91,148.1,197.8
156,Gwangju,2005-04-01,0.0,13.3,8.8,18.8,50.2,1005.9,21.7,1.36,159.6,292.6
156,Gwangju,2005-05-01,116.6,17.6,14.0,23.6,51.8,1002.7,23.3,2.94,176.2,326.5
156,Gwangju,2005-06-01,85.5,23.4,18.7,28.2,62.7,998.9,22.7,2.06,216.1,475.0
156,Gwangju,2005-07-01,107.4,25.1,20.3,29.6,66.5,997.3,27.3,2.76,260.5,599.2
156,Gwangju,2005-08-01,214.7,18.3,14.6,23.9,75.5,1007.3,22.5,2.38,246.2,634.0
156,Gwangju,2005-09-01,150.9,14.6,9.0,19.5,75.9,1005.4,23.6,2.15,236.0,595.0
156,Gwangju,2005-10-01,155.6,14.2,9.4,19.5,77.5,1002.5,22.9,2.26,215.7,452.7
156,Gwangju,2005-11-01,129.2,7.7,4.1,13.3,77.5,1000.3,19.0,2.09,139.9,364.2
156,Gwangju,2005-12-01,112.7,4.9,1.3,10.2,67.6,1002.0,19.6,1.63,138.7,245.7
156,Gwangju,2006-01-01,60.2,2.6,-2.6,7.3,65.9,998.4,14.8,2.4,146.5,390.1
156,Gwangju,2006-02-01,56.8,2.5,-1.1,7.7,57.2,1005.5,12.5,2.62,108.1,213.4
156,Gwangju,2006-03-01,70.8,5.5,1.2,11.0,55.2,997.0,19.5,2.32,114.8,225.5
156,Gwangju,2006-04-01,18.9,11.6,6.2,16.1,55.3,1005.3,22.5,2.32,129.9,221.8
156,Gwangju,2006-05-01,143.8,19.3,15.1,24.1,59.4,997.4,22.9,2.35,153.2,394.2
156,Gwangju,2006-06-01,139.4,19.9,14.3,24.5,60.4,1002.5,23.2,2.73,180.6,504.6
156,Gwangju,2006-07-01,162.9,24.4,19.8,29.8,63.0,1000.5,25.0,2.57,221.4,504.2
156,Gwangju,2006-08-01,169.9,22.5,17.9,27.5,74.1,1002.0,27.2,2.26,240.0,589.4
156,Gwangju,2006-09-01,258.1,20.1,16.0,25.1,71.9,1005.8,26.6,2.87,232.3,599.6
156,Gwangju,2006-10-01,222.9,12.4,8.7,18.2,74.2,1000.3,20.1,1.76,213.6,487.6
156,Gwangju,2006-11-01,188.7,10.4,5.8,15.0,72.7,997.5,20.9,2.95,218.9,429.1
156,Gwangju,2006-12-01,44.6,5.0,0.5,9.9,76.0,1007.1,16.1,1.99,163.3,262.5
156,Gwangju,2007-01-01,118.6,0.7,-3.8,5.3,64.3,1000.0,11.5,2.19,115.2,310.8
156,Gwangju,2007-02-01,4.8,4.3,1.2,10.1,51.2,1011.9,16.8,1.28,102.1,167.5
156,Gwangju,2007-03-01,0.0,6.9,3.3,12.4,50.6,1006.7,20.0,2.3,127.6,176.5
156,Gwangju,2007-04-01,34.7,13.5,8.5,18.4,54.1,998.9,23.0,2.32,191.9,335.2
156,Gwangju,2007-05-01,136.0,20.3,15.0,24.9,52.2,1004.9,24.7,2.16,200.8,402.3
156,Gwangju,2007-06-01,143.9,20.1,16.3,25.1,63.2,1006.7,24.4,2.33,254.6,472.6
156,Gwangju,2007-07-01,188.2,22.7,17.9,27.4,66.4,1005.4,26.3,2.86,241.7,509.4
156,Gwangju,2007-08-01,217.6,21.3,17.0,26.9,71.3,1000.2,25.2,2.97,274.5,591.3
156,Gwangju,2007-09-01,211.5,15.3,11.1,20.7,78.0,993.9,22.4,2.35,249.0,528.8
156,Gwangju,2007-10-01,188.7,13.1,9.4,19.0,77.7,1008.4,22.7,2.83,211.6,579.7
156,Gwangju,2007-11-01,101.1,10.6,6.7,16.2,78.3,1003.0,19.8,2.16,178.8,433.4
156,Gwangju,2007-12-01,129.2,6.9,3.5,12.5,76.8,998.5,17.4,2.51,160.4,223.3
156,Gwangju,2008-01-01,40.9,1.1,-3.6,5.6,60.7,1007.7,16.2,2.14,78.5,179.8
156,Gwangju,2008-02-01,11.4,6.2,2.2,11.8,59.5,998.2,18.7,2.01,99.2,242.5
156,Gwangju,2008-03-01,80.8,10.8,6.6,16.5,56.4,1007.8,17.0,2.43,115.9,128.7
156,Gwangju,2008-04-01,0.0,12.2,7.5,17.1,54.2,1006.9,20.6,2.12,145.4,351.7
156,Gwangju,2008-05-01,103.1,17.4,13.0,22.8,56.3,1007.8,22.4,2.13,198.9,375.6
156,Gwangju,2008-06-01,98.8,24.1,18.7,28.7,56.9,1006.0,26.2,2.51,203.4,541.4
156,Gwangju,2008-07-01,149.8,21.9,17.1,27.1,62.6,996.7,28.3,2.18,283.5,579.8
156,Gwangju,2008-08-01,201.8,21.2,17.2,26.9,71.8,1001.6,25.1,2.46,233.3,591.3
156,Gwangju,2008-09-01,208.7,15.0,10.7,20.9,73.5,1010.4,24.5,2.74,252.8,557.7
156,Gwangju,2008-10-01,236.7,14.8,10.4,20.5,76.9,1005.3,23.5,2.37,195.8,585.1
156,Gwangju,2008-11-01,124.5,6.3,1.8,11.5,79.8,1008.5,17.6,2.6,179.7,328.5
156,Gwangju,2008-12-01,192.1,6.1,1.6,11.5,70.2,1000.7,17.9,2.52,141.5,222.7
156,Gwangju,2009-01-01,141.6,3.1,-0.9,8.4,59.5,1003.2,15.7,2.68,150.7,290.0
156,Gwangju,2009-02-01,66.8,7.7,2.3,12.2,60.7,995.8,17.9,2.05,125.8,172.5
156,Gwangju,2009-03-01,40.7,8.6,4.8,14.6,48.7,998.5,23.7,2.8,133.6,246.0
156,Gwangju,2009-04-01,30.2,9.0,4.9,14.9,50.5,1000.9,23.3,2.3,157.0,324.6
156,Gwangju,2009-05-01,87.6,16.5,12.9,22.2,50.1,1002.5,22.9,2.31,192.7,438.1
156,Gwangju,2009-06-01,132.6,22.5,17.8,27.2,61.7,1004.6,24.1,2.51,226.2,560.3
156,Gwangju,2009-07-01,179.9,22.6,18.5,28.5,66.4,1000.1,27.9,1.76,252.4,556.9
156,Gwangju,2009-08-01,230.6,20.7,16.0,25.4,71.3,1003.0,25.4,1.98,255.9,469.2
156,Gwangju,2009-09-01,186.1,14.8,10.2,20.5,77.0,1008.9,21.8,2.64,233.6,550.7
156,Gwangju,2009-10-01,242.5,15.5,11.6,21.3,78.1,1004.3,23.0,2.27,120.4,582.1
156,Gwangju,2009-11-01,137.7,7.9,3.4,12.6,76.2,1003.2,17.2,2.46,179.2,455.7
156,Gwangju,2009-12-01,67.6,3.5,-1.9,8.1,67.8,1001.2,15.9,2.36,144.8,248.3
156,Gwangju,2010-01-01,94.1,4.4,0.7,10.1,68.5,1009.8,13.9,2.73,169.0,192.4
156,Gwangju,2010-02-01,87.5,3.4,-0.3,9.1,62.5,1006.9,19.1,2.98,119.8,406.5
156,Gwangju,2010-03-01,66.8,9.2,3.4,13.9,49.6,999.6,21.0,2.59,112.7,236.0
156,Gwangju,2010-04-01,23.2,13.6,10.2,19.3,54.1,999.6,24.0,2.28,125.2,361.2
156,Gwangju,2010-05-01,68.9,19.0,14.0,23.7,62.2,997.8,24.4,2.09,247.2,474.4
156,Gwangju,2010-06-01,124.4,19.7,15.4,24.7,54.2,997.4,24.4,2.45,219.5,463.6
156,Gwangju,2010-07-01,194.2,20.7,18.1,26.6,67.1,1007.4,24.6,2.14,189.8,434.7
156,Gwangju,2010-08-01,190.6,20.8,16.9,26.5,76.3,1006.2,23.4,2.22,250.2,542.4
156,Gwangju,2010-09-01,181.2,16.9,12.5,22.5,72.8,1004.7,23.2,2.0,224.5,480.0
156,Gwangju,2010-10-01,237.5,15.9,10.8,20.5,80.7,1007.8,20.6,2.34,208.5,443.8
156,Gwangju,2010-11-01,175.5,6.2,3.4,11.9,70.2,995.2,19.3,2.1,233.4,518.3
156,Gwangju,2010-12-01,96.8,7.7,2.8,13.1,62.0,1006.1,18.6,2.57,144.3,241.4
156,Gwangju,2011-01-01,52.1,4.2,0.0,9.1,59.7,1003.9,14.9,2.77,109.7,226.4
156,Gwangju,2011-02-01,108.0,3.9,-0.8,8.8,52.8,1008.6,17.9,2.61,35.6,204.4
156,Gwangju,2011-03-01,0.0,9.5,6.2,14.8,50.4,1009.2,19.0,3.12,134.7,274.5
156,Gwangju,2011-04-01,16.1,15.2,11.1,20.3,53.6,1002.8,23.0,2.98,175.4,318.3
156,Gwangju,2011-05-01,2.0,19.6,15.8,24.3,54.2,997.1,24.7,3.26,172.2,446.0
156,Gwangju,2011-06-01,196.9,23.3,18.0,28.0,60.7,1008.3,27.8,1.29,188.6,485.8
156,Gwangju,2011-07-01,126.5,16.6,11.8,22.1,63.2,998.9,23.1,2.54,220.2,638.2
156,Gwangju,2011-08-01,198.8,19.7,16.5,25.3,74.9,999.4,25.5,2.44,289.8,603.4
156,Gwangju,2011-09-01,185.1,18.3,15.1,24.2,71.3,1004.9,24.2,1.79,238.3,517.7
156,Gwangju,2011-10-01,143.7,12.0,7.8,17.4,80.3,1004.2,21.6,2.44,182.4,435.7
156,Gwangju,2011-11-01,140.7,10.0,5.9,15.2,75.6,1001.6,19.4,2.19,215.1,398.9
156,Gwangju,2011-12-01,122.1,4.2,1.2,9.7,74.7,1009.4,15.1,1.79,151.6,376.6
156,Gwangju,2012-01-01,79.6,4.1,-1.1,9.1,57.3,1003.0,13.3,2.93,166.9,252.6
156,Gwangju,2012-02-01,0.0,4.0,0.8,9.9,63.1,1001.6,15.7,2.37,71.8,355.8
156,Gwangju,2012-03-01,24.4,9.9,4.4,14.4,59.6,998.8,19.7,2.58,129.9,197.0
156,Gwangju,2012-04-01,27.0,11.5,7.4,16.5,52.9,1000.9,23.4,1.88,111.4,305.1
156,Gwangju,2012-05-01,58.0,19.8,14.7,24.8,56.4,1004.7,27.5,2.5,163.0,411.9
156,Gwangju,2012-06-01,22.8,21.1,17.0,26.6,60.0,1005.3,27.0,2.97,221.2,471.0
156,Gwangju,2012-07-01,81.0,23.9,21.0,29.6,62.6,1006.4,26.4,2.39,230.6,582.9
156,Gwangju,2012-08-01,156.6,22.9,18.7,27.6,74.1,998.6,27.1,2.44,198.8,661.9
156,Gwangju,2012-09-01,220.4,18.0,14.2,23.6,76.1,1005.3,24.4,2.26,192.4,568.8
156,Gwangju,2012-10-01,245.0,13.5,10.0,18.9,75.9,994.7,23.0,2.02,254.5,558.9
156,Gwangju,2012-11-01,154.0,9.0,4.3,13.7,76.2,1014.9,19.0,2.63,156.6,299.5
156,Gwangju,2012-12-01,104.4,3.7,-1.0,9.4,73.3,1000.2,17.6,2.77,140.1,252.2
156,Gwangju,2013-01-01,121.0,4.3,-0.8,9.4,65.5,1009.4,16.8,2.15,103.0,237.6
156,Gwangju,2013-02-01,59.2,6.3,2.4,11.6,58.3,1000.3,15.8,2.2,88.3,340.6
156,Gwangju,2013-03-01,34.9,7.3,2.9,12.8,54.1,1011.4,18.2,3.38,147.7,322.5
156,Gwangju,2013-04-01,78.9,12.1,9.0,18.0,49.5,1002.8,21.0,3.08,164.8,451.8
156,Gwangju,2013-05-01,0.0,15.2,11.4,21.1,54.2,997.1,22.2,1.92,145.2,519.9
156,Gwangju,2013-06-01,102.2,22.2,17.2,26.9,56.1,1001.4,26.0,2.97,233.7,416.9
156,Gwangju,2013-07-01,196.6,23.8,20.0,28.8,67.0,1002.8,27.1,2.05,281.8,440.1
156,Gwangju,2013-08-01,217.0,22.7,18.2,27.2,75.1,1002.2,23.8,1.96,243.1,484.2
156,Gwangju,2013-09-01,272.5,18.7,15.5,24.7,74.2,999.3,20.3,2.24,276.1,506.2
156,Gwangju,2013-10-01,189.4,12.5,6.7,17.1,71.6,997.8,22.8,2.69,203.5,592.4
156,Gwangju,2013-11-01,114.2,9.0,4.1,14.5,67.0,1002.2,20.4,2.37,211.4,473.3
156,Gwangju,2013-12-01,81.0,5.6,1.4,10.7,73.3,1000.1,18.5,2.2,135.5,352.4
156,Gwangju,2014-01-01,37.7,1.6,-3.7,6.6,59.9,1007.1,14.7,1.84,65.4,298.3
156,Gwangju,2014-02-01,2.1,2.8,-2.9,7.3,56.2,1007.3,18.8,2.94,149.8,238.8
156,Gwangju,2014-03-01,4.0,7.4,4.0,12.9,51.9,997.6,18.8,2.43,111.7,293.3
156,Gwangju,2014-04-01,0.0,11.3,7.7,16.9,50.2,1004.1,19.3,2.32,153.6,343.6
156,Gwangju,2014-05-01,78.1,18.1,14.1,23.4,56.5,1005.6,22.6,2.77,147.1,374.2
156,Gwangju,2014-06-01,104.9,19.1,15.9,24.6,52.6,1001.2,21.7,3.22,215.3,497.5
156,Gwangju,2014-07-01,170.1,24.4,19.6,29.0,69.6,1007.5,26.4,2.35,154.4,481.2
156,Gwangju,2014-08-01,214.9,23.2,18.3,28.6,77.7,1006.6,25.7,3.27,212.6,491.7
156,Gwangju,2014-09-01,194.8,16.9,12.9,21.8,75.3,1002.9,23.0,1.48,194.1,532.8
156,Gwangju,2014-10-01,167.3,12.6,7.4,17.6,72.4,999.9,23.4,3.01,224.9,396.3
156,Gwangju,2014-11-01,172.7,8.2,4.5,13.6,74.1,1000.8,17.1,2.95,202.1,382.9
156,Gwangju,2014-12-01,126.8,4.0,-0.2,10.0,73.9,1003.7,16.3,2.95,166.3,260.2
156,Gwangju,2015-01-01,82.9,4.5,-1.1,9.3,72.2,999.8,17.2,1.63,83.9,227.9
156,Gwangju,2015-02-01,49.4,4.6,0.4,10.2,57.7,998.3,16.5,2.68,138.8,235.9
156,Gwangju,2015-03-01,38.6,9.4,5.0,15.0,52.1,1003.0,18.8,2.72,102.7,224.8
156,Gwangju,2015-04-01,0.0,14.3,8.5,19.0,55.8,1006.4,22.5,2.65,167.0,270.7
156,Gwangju,2015-05-01,60.0,17.3,13.9,23.1,50.3,1003.8,24.9,2.4,249.1,344.8
156,Gwangju,2015-06-01,130.1,23.7,18.3,28.7,62.7,1002.8,28.9,2.91,188.7,509.3
156,Gwangju,2015-07-01,107.8,24.9,20.3,30.4,64.6,995.1,31.2,2.45,207.0,624.6
156,Gwangju,2015-08-01,268.0,21.8,16.7,26.3,67.1,999.9,27.8,2.35,219.1,552.9
156,Gwangju,2015-09-01,247.0,14.7,9.6,19.8,82.5,1005.3,23.9,2.92,228.8,611.4
156,Gwangju,2015-10-01,259.4,11.4,6.6,16.0,77.4,1003.3,20.3,2.53,238.0,518.6
156,Gwangju,2015-11-01,155.8,5.7,1.8,11.7,72.9,1007.2,18.5,2.86,164.0,350.1
156,Gwangju,2015-12-01,154.3,3.9,-0.7,9.5,70.3,1006.3,17.8,1.9,184.6,285.4
156,Gwangju,2016-01-01,126.5,0.3,-4.0,5.9,58.1,1006.3,12.0,2.28,155.6,212.3
156,Gwangju,2016-02-01,0.6,5.9,0.3,10.6,63.5,998.8,16.6,2.75,89.2,326.5
156,Gwangju,2016-03-01,11.9,8.9,5.8,14.4,52.9,1003.1,20.3,2.01,98.0,333.2
156,Gwangju,2016-04-01,6.5,12.9,9.3,18.6,58.0,1002.7,20.7,2.29,137.4,269.8
156,Gwangju,2016-05-01,49.5,19.9,15.9,25.7,58.0,996.4,26.9,2.92,235.9,460.7
156,Gwangju,2016-06-01,129.8,24.0,20.0,28.7,58.8,1008.0,25.1,2.02,215.9,533.1
156,Gwangju,2016-07-01,137.4,23.2,19.9,29.1,66.2,1002.2,29.1,2.41,255.5,673.4
156,Gwangju,2016-08-01,226.0,20.4,16.0,25.1,73.5,1004.5,27.8,2.57,231.8,512.0
156,Gwangju,2016-09-01,250.8,17.4,14.5,23.0,71.9,1001.1,23.5,2.04,219.8,511.2
156,Gwangju,2016-10-01,171.7,11.1,6.5,16.4,79.1,1004.0,22.0,3.15,226.9,517.0
156,Gwangju,2016-11-01,187.9,8.3,4.5,13.7,71.8,1006.7,18.8,2.98,202.9,362.4
156,Gwangju,2016-12-01,158.1,-0.7,-4.7,5.2,72.7,1005.4,16.3,2.27,96.4,290.4
156,Gwangju,2017-01-01,59.3,-0.4,-5.7,4.7,67.3,1002.8,17.3,2.3,138.8,231.3
156,Gwangju,2017-02-01,0.0,3.8,-1.3,9.0,58.0,997.7,17.5,2.57,141.1,203.6
156,Gwangju,2017-03-01,0.0,9.0,5.1,13.9,54.7,1003.1,19.6,2.16,111.9,238.2
156,Gwangju,2017-04-01,0.0,12.8,7.4,17.6,54.1,1009.3,19.6,3.4,138.5,430.2
156,Gwangju,2017-05-01,137.0,15.6,11.6,20.2,52.6,1005.1,20.6,2.6,156.5,410.6
156,Gwangju,2017-06-01,161.2,22.5,18.2,27.3,54.1,999.3,25.0,2.71,220.1,522.1
156,Gwangju,2017-07-01,161.0,21.5,16.9,26.7,66.5,1002.2,26.2,2.16,258.3,638.6
156,Gwangju,2017-08-01,231.5,21.1,17.4,26.9,67.5,1006.2,26.0,2.37,244.6,549.4
156,Gwangju,2017-09-01,224.4,18.1,13.1,23.5,77.2,1005.1,26.5,2.01,227.4,441.5
156,Gwangju,2017-10-01,216.3,14.0,9.4,19.4,74.5,1001.7,21.9,3.04,188.5,507.5
156,Gwangju,2017-11-01,189.1,8.0,4.8,13.9,73.5,1010.1,18.8,2.3,213.7,362.2
156,Gwangju,2017-12-01,125.7,2.4,-1.6,8.2,70.6,1005.7,16.1,2.26,153.0,307.6
156,Gwangju,2018-01-01,13.8,3.4,-0.1,8.4,64.7,1002.1,17.5,2.61,162.9,273.8
156,Gwangju,2018-02-01,25.3,4.6,1.1,10.3,60.0,1012.2,15.9,1.95,129.1,241.8
156,Gwangju,2018-03-01,31.3,7.6,3.1,13.3,55.6,998.2,16.6,2.25,138.8,363.4
156,Gwangju,2018-04-01,66.5,14.4,11.7,20.3,61.8,997.7,21.5,2.27,172.3,251.3
156,Gwangju,2018-05-01,93.7,18.7,14.1,23.9,57.5,1006.0,26.3,2.38,193.3,355.8
156,Gwangju,2018-06-01,80.7,24.1,19.8,29.5,60.9,1007.2,24.3,2.76,208.5,454.0
156,Gwangju,2018-07-01,153.2,24.8,20.6,29.7,61.0,998.2,28.0,1.89,229.0,716.7
156,Gwangju,2018-08-01,212.9,22.1,18.7,27.8,73.8,1001.5,27.7,2.46,328.9,551.7
156,Gwangju,2018-09-01,223.1,15.8,11.9,21.7,72.4,1002.0,25.1,2.94,199.1,533.9
156,Gwangju,2018-10-01,264.0,12.8,7.4,17.9,72.7,999.7,20.6,2.92,238.0,539.2
156,Gwangju,2018-11-01,160.6,9.7,6.4,15.0,78.9,1010.4,19.5,2.29,214.9,488.3
156,Gwangju,2018-12-01,99.0,2.2,-2.8,7.7,65.4,1002.9,16.0,1.98,155.5,326.0
156,Gwangju,2019-01-01,50.2,5.8,2.1,11.3,59.9,997.6,18.3,3.14,102.8,252.7
156,Gwangju,2019-02-01,0.0,2.7,-2.2,8.2,54.4,998.3,13.3,2.59,134.9,255.6
156,Gwangju,2019-03-01,0.0,10.0,5.4,14.6,54.1,1000.7,19.6,3.05,156.5,228.7
156,Gwangju,2019-04-01,51.1,11.7,7.7,16.2,55.4,1015.1,19.3,3.57,162.3,265.0
156,Gwangju,2019-05-01,39.2,21.1,17.2,26.8,53.9,1004.4,25.4,2.54,224.3,332.3
156,Gwangju,2019-06-01,137.1,21.9,16.2,26.5,53.9,993.2,25.6,2.34,176.2,387.4
156,Gwangju,2019-07-01,229.6,22.9,19.3,28.7,68.6,1009.6,24.6,1.91,247.4,580.8
156,Gwangju,2019-08-01,240.5,18.4,13.7,24.1,74.3,1001.2,24.8,2.09,232.7,517.4
156,Gwangju,2019-09-01,182.9,17.3,12.4,22.6,70.8,1010.7,22.6,2.53,188.0,637.3
156,Gwangju,2019-10-01,202.6,12.8,8.4,17.3,66.7,999.8,20.5,2.35,272.6,469.7
156,Gwangju,2019-11-01,196.7,10.4,6.7,15.9,70.9,1006.2,22.4,2.62,210.8,555.5
156,Gwangju,2019-12-01,143.8,2.5,-2.3,7.6,70.1,1009.6,15.7,2.53,141.2,319.6
156,Gwangju,2020-01-01,74.4,0.5,-4.3,5.4,63.6,1000.5,16.2,2.81,142.0,168.1
156,Gwangju,2020-02-01,28.8,2.4,-1.9,7.2,62.5,1005.5,17.5,2.5,114.2,272.4
156,Gwangju,2020-03-01,51.2,6.2,2.6,12.2,47.6,1005.2,16.1,2.53,89.7,200.9
156,Gwangju,2020-04-01,17.1,14.8,10.5,19.9,54.3,1002.1,23.1,2.0,155.3,458.2
156,Gwangju,2020-05-01,58.6,18.1,14.4,23.3,56.2,1001.5,24.6,2.57,147.0,460.9
156,Gwangju,2020-06-01,71.0,20.5,15.3,25.4,55.5,1003.3,25.0,2.66,239.6,465.8
156,Gwangju,2020-07-01,197.4,24.1,21.3,30.1,65.6,1000.6,24.9,2.29,234.8,549.3
156,Gwangju,2020-08-01,217.7,19.8,14.6,24.3,74.5,1005.2,24.8,2.25,196.1,607.4
156,Gwangju,2020-09-01,123.8,17.6,12.2,22.5,83.0,1010.2,24.8,2.03,280.0,593.0
156,Gwangju,2020-10-01,163.8,12.4,7.7,18.1,77.5,1004.4,19.4,2.29,184.4,542.1
156,Gwangju,2020-11-01,130.2,7.5,4.0,13.5,71.3,1002.2,19.0,2.55,135.7,389.9
156,Gwangju,2020-12-01,88.2,4.4,0.2,10.2,68.4,1010.4,15.2,2.24,152.7,294.9
156,Gwangju,2021-01-01,40.3,-0.8,-4.9,5.1,70.9,1012.8,14.5,1.84,146.5,185.3
156,Gwangju,2021-02-01,13.0,3.6,-0.8,8.3,54.4,1000.8,17.7,2.39,123.1,86.1
156,Gwangju,2021-03-01,52.7,6.7,2.9,11.9,52.6,996.7,21.2,2.72,149.6,353.2
156,Gwangju,2021-04-01,40.1,15.5,10.2,20.2,50.8,1001.0,22.2,1.89,158.2,291.3
156,Gwangju,2021-05-01,0.0,17.2,12.4,22.3,55.6,1008.7,23.9,2.18,178.5,379.1
156,Gwangju,2021-06-01,131.6,21.2,17.2,26.8,60.6,998.6,25.9,1.77,237.6,521.6
156,Gwangju,2021-07-01,219.0,21.5,17.2,26.2,68.3,1002.0,24.5,1.97,198.3,510.8
156,Gwangju,2021-08-01,152.8,23.9,19.9,29.2,72.5,1004.0,27.3,2.78,228.9,585.3
156,Gwangju,2021-09-01,199.2,19.9,15.9,25.1,68.3,1005.0,26.1,3.18,250.4,639.6
156,Gwangju,2021-10-01,254.9,15.1,10.6,20.3,77.0,1004.2,22.0,2.38,249.2,444.6
156,Gwangju,2021-11-01,190.0,7.8,3.3,13.5,69.4,1005.3,18.7,2.07,133.1,426.0
156,Gwangju,2021-12-01,108.4,2.4,-0.4,8.2,72.6,1002.3,14.3,2.38,176.1,312.4
156,Gwangju,2022-01-01,69.4,2.3,-2.1,7.5,59.2,1008.4,16.4,2.43,135.4,264.5
156,Gwangju,2022-02-01,6.5,4.1,-1.6,8.8,62.6,1004.2,18.5,2.9,85.5,206.6
156,Gwangju,2022-03-01,18.9,8.7,4.0,14.0,53.0,1007.5,16.8,2.23,81.9,182.3
156,Gwangju,2022-04-01,43.3,13.9,9.1,18.5,57.7,1002.8,21.6,2.22,165.7,238.4
156,Gwangju,2022-05-01,129.9,19.4,15.4,24.8,56.1,1001.4,25.2,2.26,218.1,400.5
156,Gwangju,2022-06-01,199.2,23.0,17.9,27.6,62.8,1004.1,26.8,1.92,164.9,487.5
156,Gwangju,2022-07-01,210.3,23.0,19.7,28.6,65.1,1007.3,28.6,2.37,226.6,564.3
156,Gwangju,2022-08-01,112.4,21.2,17.0,27.1,72.2,1002.5,22.6,3.07,230.8,542.9
156,Gwangju,2022-09-01,257.0,19.6,14.2,24.6,71.3,1002.4,26.2,2.13,207.0,560.6
156,Gwangju,2022-10-01,200.3,13.9,8.8,19.0,80.2,998.7,20.6,1.53,235.6,511.0
156,Gwangju,2022-11-01,172.9,7.9,3.0,13.5,73.8,1000.3,18.3,2.5,205.2,311.2
156,Gwangju,2022-12-01,114.2,5.3,0.9,10.5,72.6,1003.5,18.3,2.44,142.2,239.6
156,Gwangju,2023-01-01,75.7,3.4,-1.4,8.2,69.4,1001.0,15.0,2.09,86.1,364.4
156,Gwangju,2023-02-01,16.5,3.3,-2.4,8.0,56.6,1009.4,14.1,1.78,133.8,213.6
156,Gwangju,2023-03-01,11.7,8.4,3.6,13.9,49.7,996.6,17.9,1.97,134.8,136.2
156,Gwangju,2023-04-01,16.6,12.5,8.4,17.7,51.9,1000.4,22.7,2.27,185.5,290.5
156,Gwangju,2023-05-01,66.4,16.9,12.3,22.8,54.9,1009.0,25.0,2.82,146.5,329.2
156,Gwangju,2023-06-01,122.1,23.2,18.6,27.9,63.9,1005.3,27.5,2.22,197.0,546.9
156,Gwangju,2023-07-01,152.8,21.6,17.8,27.0,68.1,996.6,26.5,2.12,226.7,547.1
156,Gwangju,2023-08-01,189.0,21.0,15.8,26.2,75.6,1002.8,24.9,2.14,229.8,541.5
156,Gwangju,2023-09-01,236.3,16.4,11.8,21.8,74.4,1000.6,24.3,1.31,271.4,619.2
156,Gwangju,2023-10-01,174.8,12.2,7.2,17.3,74.8,996.7,23.8,2.78,213.9,500.5
156,Gwangju,2023-11-01,183.7,9.3,4.6,14.2,73.8,1002.6,20.2,1.68,146.3,359.1
156,Gwangju,2023-12-01,119.9,6.0,1.9,10.7,73.9,1006.3,18.1,2.39,140.0,246.1
156,Gwangju,2024-01-01,27.4,2.7,-0.0,8.6,67.3,1002.8,14.9,2.29,148.6,182.7
156,Gwangju,2024-02-01,39.6,4.6,-0.3,9.3,53.5,1004.0,14.6,2.83,117.7,185.7
156,Gwangju,2024-03-01,60.1,6.2,2.4,11.3,59.2,1010.9,15.2,2.07,129.8,213.2
156,Gwangju,2024-04-01,31.1,12.5,7.4,17.8,53.7,998.6,20.3,1.71,139.9,275.6
156,Gwangju,2024-05-01,100.0,18.4,13.2,22.9,47.2,994.9,23.0,2.51,174.1,348.2
156,Gwangju,2024-06-01,106.1,20.2,16.0,26.1,57.1,1002.5,25.5,2.57,251.3,488.3
156,Gwangju,2024-07-01,202.9,21.0,16.7,26.1,65.5,1005.3,21.2,2.48,247.1,588.7
156,Gwangju,2024-08-01,154.9,22.8,18.3,27.9,70.6,1004.1,27.6,2.32,247.1,655.0
156,Gwangju,2024-09-01,204.8,16.1,11.6,21.2,79.9,1005.8,19.1,2.15,217.3,558.6
156,Gwangju,2024-10-01,255.9,11.0,6.9,16.3,74.3,1006.6,21.5,2.66,190.8,520.1
156,Gwangju,2024-11-01,125.8,6.6,1.5,11.7,79.1,1001.1,17.5,2.05,205.9,360.0
156,Gwangju,2024-12-01,154.5,5.4,2.3,11.0,69.3,1005.6,17.2,2.23,151.2,215.1
156,Gwangju,2025-01-01,64.3,3.6,-0.8,9.0,63.7,1001.7,14.8,2.24,177.2,260.6
156,Gwangju,2025-02-01,11.7,2.3,-1.2,7.7,61.7,1001.9,14.4,2.06,136.2,215.1
156,Gwangju,2025-03-01,0.0,6.7,2.6,12.5,59.7,996.4,18.0,2.14,141.6,307.7
156,Gwangju,2025-04-01,43.7,11.5,6.5,16.6,55.5,1003.7,20.5,2.42,156.7,353.0
156,Gwangju,2025-05-01,89.1,17.2,13.5,23.0,51.9,999.7,24.3,2.11,200.3,396.9
156,Gwangju,2025-06-01,143.2,22.4,18.0,27.7,60.4,1005.6,23.5,3.08,266.6,546.8
156,Gwangju,2025-07-01,190.2,24.4,18.7,28.9,68.4,998.7,24.9,2.24,248.4,503.9
156,Gwangju,2025-08-01,188.9,20.7,17.3,26.5,67.4,1003.7,26.0,2.6,255.2,542.4
156,Gwangju,2025-09-01,180.1,18.1,13.1,23.6,76.7,1008.0,23.1,2.83,282.8,559.1
156,Gwangju,2025-10-01,214.2,10.8,6.6,16.5,75.3,1005.5,20.7,2.56,230.3,521.1
156,Gwangju,2025-11-01,157.1,9.7,5.2,14.3,75.4,996.2,20.0,2.89,173.6,408.0
156,Gwangju,2025-12-01,106.8,3.5,-1.7,8.7,70.2,999.9,17.2,2.5,139.2,312.2
159,Busan,2001-01-01,63.8,4.3,-0.2,9.8,62.5,1006.8,18.5,2.83,164.8,261.7
159,Busan,2001-02-01,80.1,7.3,1.8,11.9,53.8,1007.6,15.7,1.69,92.6,115.7
159,Busan,2001-03-01,33.5,6.0,2.5,11.3,54.7,996.0,16.6,2.37,119.1,224.3
159,Busan,2001-04-01,78.0,16.7,11.7,21.4,52.2,1003.7,22.6,2.64,205.3,207.2
159,Busan,2001-05-01,53.8,19.9,15.0,25.5,56.8,1007.7,27.6,2.53,136.4,358.0
159,Busan,2001-06-01,195.5,18.7,14.2,24.4,54.3,1006.3,24.3,2.25,189.6,370.2
159,Busan,2001-07-01,190.8,21.9,18.8,27.5,67.0,1001.8,25.9,2.42,214.3,559.1
159,Busan,2001-08-01,227.0,23.6,18.0,28.3,73.2,1004.4,25.1,2.21,257.0,662.6
159,Busan,2001-09-01,150.6,20.0,16.1,25.6,74.5,1004.3,23.9,2.33,195.1,451.4
159,Busan,2001-10-01,282.9,12.5,7.8,18.1,74.1,1001.9,21.2,2.32,191.2,518.8
159,Busan,2001-11-01,173.1,8.7,3.4,13.6,74.8,1009.2,17.4,1.65,193.9,362.2
159,Busan,2001-12-01,81.3,5.1,1.1,10.8,77.8,997.0,17.2,1.64,156.8,271.5
159,Busan,2002-01-01,100.2,3.4,-0.6,8.0,59.4,1004.6,15.6,1.67,101.7,199.9
159,Busan,2002-02-01,91.2,5.4,0.9,10.5,51.9,1001.2,17.8,2.47,106.5,217.7
159,Busan,2002-03-01,35.8,7.5,3.2,13.0,58.7,1005.4,21.1,2.73,171.6,203.8
159,Busan,2002-04-01,0.0,12.3,7.5,17.8,49.0,1002.8,21.5,2.44,145.7,331.5
159,Busan,2002-05-01,109.3,20.0,16.8,25.5,60.0,998.4,27.4,2.94,217.2,441.1
159,Busan,2002-06-01,45.1,19.2,15.4,25.0,56.6,1001.5,25.4,2.33,179.5,543.1
159,Busan,2002-07-01,184.5,22.2,17.3,27.6,69.7,1003.2,27.8,1.65,243.4,532.0
159,Busan,2002-08-01,171.2,23.3,19.1,28.5,73.5,1005.0,25.2,2.07,200.2,559.7
159,Busan,2002-09-01,207.8,18.8,15.1,24.3,76.2,1001.8,22.7,1.76,247.6,582.7
159,Busan,2002-10-01,220.8,11.5,8.1,16.8,73.5,1003.3,20.8,1.75,183.6,468.1
159,Busan,2002-11-01,200.0,5.9,2.1,11.7,74.5,1004.5,15.8,2.14,215.9,490.3
159,Busan,2002-12-01,148.5,5.9,0.9,11.1,69.9,1013.1,17.1,2.7,159.5,331.4
159,Busan,2003-01-01,70.7,0.9,-4.4,6.1,62.8,996.2,15.7,2.57,147.2,311.1
159,Busan,2003-02-01,4.6,2.9,-1.4,7.9,51.6,1004.1,17.4,2.76,137.7,283.8
159,Busan,2003-03-01,0.0,10.7,5.4,15.6,50.5,996.2,22.5,2.03,120.3,275.8
159,Busan,2003-04-01,63.8,15.0,10.2,19.7,55.5,1005.9,19.1,2.97,87.8,372.1
159,Busan,2003-05-01,49.3,19.4,14.1,24.1,56.2,1002.4,25.1,3.27,146.5,208.7
159,Busan,2003-06-01,104.5,20.2,15.8,25.9,62.1,997.2,25.6,2.66,217.9,519.2
159,Busan,2003-07-01,199.7,22.2,18.8,28.1,67.1,1006.2,23.5,2.33,205.3,589.5
159,Busan,2003-08-01,226.7,20.9,16.1,26.2,70.5,1008.4,27.8,2.8,245.8,689.5
159,Busan,2003-09-01,222.4,17.1,12.3,22.2,75.4,1004.7,21.0,2.22,237.3,594.5
159,Busan,2003-10-01,200.4,12.5,8.9,18.4,76.8,1005.1,21.5,2.06,204.1,580.7
159,Busan,2003-11-01,185.5,7.7,2.4,12.7,75.4,1004.5,19.2,2.56,170.7,369.3
159,Busan,2003-12-01,190.6,2.5,-0.7,8.4,69.8,1007.3,15.4,2.99,149.8,376.6
159,Busan,2004-01-01,45.0,1.5,-2.6,6.8,64.4,1004.8,16.3,1.83,119.5,213.0
159,Busan,2004-02-01,20.3,4.7,0.5,10.0,58.2,999.2,17.7,2.72,65.6,173.5
159,Busan,2004-03-01,36.4,5.4,0.8,10.7,54.0,1000.4,13.9,2.73,178.1,351.9
159,Busan,2004-04-01,29.9,10.6,7.6,16.3,54.7,1004.4,20.3,2.81,176.6,278.6
159,Busan,2004-05-01,39.2,14.5,9.4,19.0,56.1,1001.7,21.2,2.72,189.9,393.0
159,Busan,2004-06-01,178.0,23.3,17.5,27.8,61.8,1003.4,24.2,2.76,241.4,560.9
159,Busan,2004-07-01,220.5,25.7,20.8,31.3,68.0,1001.6,24.9,2.4,244.9,558.5
159,Busan,2004-08-01,135.2,20.3,16.3,26.2,71.6,1004.4,26.8,3.09,230.6,591.0
159,Busan,2004-09-01,221.5,18.6,13.8,24.0,67.2,1004.5,24.8,2.31,175.4,552.2
159,Busan,2004-10-01,176.4,15.0,10.3,20.7,69.8,1005.3,23.4,2.31,225.1,469.1
159,Busan,2004-11-01,203.9,9.0,5.4,14.6,82.5,1007.0,17.4,1.77,185.2,331.5
159,Busan,2004-12-01,107.9,4.6,-0.9,9.3,77.4,1001.6,14.9,2.56,190.8,285.8
159,Busan,2005-01-01,101.3,2.0,-2.2,6.7,65.0,1003.2,16.2,3.11,118.3,124.1
159,Busan,2005-02-01,29.7,4.4,0.0,9.8,64.2,1004.1,16.8,2.09,76.3,239.8
159,Busan,2005-03-01,32.6,6.4,2.3,11.3,52.4,1000.3,18.3,2.31,113.3,192.4
159,Busan,2005-04-01,32.2,14.4,9.9,19.5,54.1,1008.5,22.5,2.5,166.0,300.5
159,Busan,2005-05-01,77.9,16.8,12.7,22.2,55.8,1001.7,24.7,2.11,135.7,358.2
159,Busan,2005-06-01,65.1,22.4,18.1,27.2,62.4,998.9,24.4,2.61,234.5,369.2
159,Busan,2005-07-01,176.4,19.6,14.1,24.5,75.5,1001.8,22.4,2.19,233.6,515.7
159,Busan,2005-08-01,168.9,20.8,17.2,26.0,67.9,1000.0,24.4,2.0,222.3,618.6
159,Busan,2005-09-01,205.9,15.0,10.9,20.2,70.6,1001.5,20.9,2.67,222.7,551.5
159,Busan,2005-10-01,194.7,11.0,6.9,15.6,74.4,1004.0,21.3,2.42,248.9,665.1
159,Busan,2005-11-01,162.1,6.8,2.9,12.1,79.8,1002.0,19.3,2.83,153.0,344.2
159,Busan,2005-12-01,180.1,4.1,-0.2,9.2,70.5,1009.6,17.6,2.47,189.7,393.7
159,Busan,2006-01-01,83.2,7.9,3.8,12.4,63.6,1007.0,17.8,2.58,187.8,301.2
159,Busan,2006-02-01,53.4,2.4,-1.1,8.1,62.1,1007.0,15.8,3.07,158.1,229.0
159,Busan,2006-03-01,43.8,7.0,2.9,12.1,52.9,1003.0,15.5,2.63,153.6,243.6
159,Busan,2006-04-01,0.0,11.9,8.5,17.6,58.1,993.4,19.6,2.73,132.5,263.3
159,Busan,2006-05-01,142.6,18.6,14.5,23.6,55.2,1007.9,26.7,1.73,179.1,397.4
159,Busan,2006-06-01,104.0,23.1,19.5,28.2,62.9,1008.0,24.3,2.08,191.9,569.4
159,Busan,2006-07-01,132.6,20.9,17.8,26.5,64.5,1004.8,23.5,2.78,187.6,497.1
159,Busan,2006-08-01,175.7,21.1,16.9,27.0,72.8,999.9,27.0,2.24,225.2,633.7
159,Busan,2006-09-01,128.2,19.6,13.8,24.2,82.2,1000.7,25.5,2.51,241.5,540.9
159,Busan,2006-10-01,190.7,14.8,11.9,20.4,73.3,1000.6,23.7,2.87,223.9,393.0
159,Busan,2006-11-01,192.9,9.3,4.9,15.1,70.8,1006.0,18.0,2.82,195.3,508.1
159,Busan,2006-12-01,136.5,3.6,-0.7,8.7,69.2,1009.0,18.3,1.8,151.0,313.7
159,Busan,2007-01-01,44.2,2.9,-1.7,8.7,69.7,1000.7,16.4,2.09,134.0,263.9
159,Busan,2007-02-01,70.3,5.7,2.3,11.4,54.3,1005.5,20.0,2.39,81.8,345.1
159,Busan,2007-03-01,41.1,7.9,4.5,13.3,57.0,1005.3,17.6,2.38,112.6,344.0
159,Busan,2007-04-01,68.0,11.7,6.8,17.2,51.3,1001.5,18.9,2.0,154.1,294.0
159,Busan,2007-05-01,158.9,18.6,14.0,24.0,56.0,1001.2,26.0,2.51,130.4,338.8
159,Busan,2007-06-01,95.4,22.5,18.9,27.4,54.3,1002.7,26.2,2.98,216.1,441.0
159,Busan,2007-07-01,218.8,21.8,18.9,27.7,65.3,999.4,26.3,2.72,219.6,522.8
159,Busan,2007-08-01,213.8,19.6,16.5,25.3,70.6,1002.2,25.5,2.66,236.0,512.6
159,Busan,2007-09-01,191.6,18.5,15.3,23.9,72.6,1005.3,23.6,2.7,253.9,537.1
159,Busan,2007-10-01,234.5,13.1,8.0,18.2,73.6,999.4,20.6,2.45,213.9,507.1
159,Busan,2007-11-01,142.5,8.7,5.3,14.1,73.1,1000.6,19.2,2.19,136.7,312.6
159,Busan,2007-12-01,154.7,5.6,1.6,11.4,67.5,1001.7,15.5,1.79,156.4,342.3
159,Busan,2008-01-01,140.0,1.9,-2.2,7.9,64.0,1001.6,16.4,1.91,131.3,283.2
159,Busan,2008-02-01,86.4,5.1,0.9,9.8,57.9,1008.9,14.9,2.24,148.2,207.3
159,Busan,2008-03-01,14.0,7.1,3.4,12.6,57.8,1003.4,19.9,2.54,149.5,182.4
159,Busan,2008-04-01,97.6,13.1,8.2,18.4,53.0,1001.5,20.3,2.58,127.8,275.4
159,Busan,2008-05-01,52.1,17.5,13.9,22.5,55.6,1004.4,24.2,2.36,154.5,508.3
159,Busan,2008-06-01,151.5,23.7,20.2,29.2,50.8,997.6,27.6,2.36,199.5,340.3
159,Busan,2008-07-01,166.0,21.1,16.4,26.3,61.4,999.0,25.4,2.75,221.9,643.9
159,Busan,2008-08-01,156.5,19.2,15.6,24.3,72.2,998.9,22.1,2.55,260.6,643.1
159,Busan,2008-09-01,244.6,16.8,11.9,21.5,73.7,1003.6,20.9,2.15,241.3,646.3
159,Busan,2008-10-01,241.6,13.8,8.8,19.1,71.9,999.7,20.3,2.63,233.6,534.2
159,Busan,2008-11-01,207.9,8.4,4.4,13.1,72.9,1006.0,18.0,2.36,197.3,355.5
159,Busan,2008-12-01,152.7,2.1,-1.8,7.2,73.9,998.1,13.3,2.7,140.2,304.6
159,Busan,2009-01-01,48.4,4.5,-0.8,9.5,62.9,1004.5,15.0,2.6,103.2,204.6
159,Busan,2009-02-01,0.0,3.9,-0.5,9.1,57.5,1004.0,16.7,2.43,124.4,157.6
159,Busan,2009-03-01,27.7,5.0,0.1,10.2,58.7,993.7,19.6,1.74,98.0,262.1
159,Busan,2009-04-01,58.4,12.1,8.2,17.5,51.6,1001.9,20.0,1.63,149.4,303.1
159,Busan,2009-05-01,109.2,15.8,10.7,20.9,55.6,1005.2,23.2,2.58,225.5,405.5
159,Busan,2009-06-01,83.6,23.1,17.4,27.7,60.3,999.3,25.1,2.59,196.3,548.4
159,Busan,2009-07-01,132.0,21.6,17.2,26.4,64.9,1010.1,25.2,2.94,248.3,555.5
159,Busan,2009-08-01,196.7,17.8,13.5,23.3,71.8,1012.7,24.1,2.65,269.1,612.4
159,Busan,2009-09-01,211.0,17.9,13.6,22.9,74.8,1005.4,21.9,2.46,270.8,542.4
159,Busan,2009-10-01,265.8,13.2,8.5,18.3,75.9,995.2,22.5,3.28,222.0,522.5
159,Busan,2009-11-01,160.1,10.3,4.8,14.9,69.9,1001.1,20.0,2.76,203.4,305.2
159,Busan,2009-12-01,67.3,5.5,1.6,10.3,65.3,1003.1,17.1,2.59,124.2,192.0
159,Busan,2010-01-01,77.5,2.9,-0.5,8.8,67.7,1005.5,18.4,2.38,84.8,240.1
159,Busan,2010-02-01,39.8,4.2,0.4,10.2,62.0,1003.1,16.6,3.16,93.2,294.0
159,Busan,2010-03-01,59.7,7.0,2.6,12.6,55.2,1001.0,17.7,2.26,120.0,225.5
159,Busan,2010-04-01,0.0,12.5,8.4,18.2,51.8,1001.6,23.0,2.18,166.7,393.0
159,Busan,2010-05-01,49.5,17.5,13.4,22.9,55.9,1001.2,24.5,2.38,134.2,378.7
159,Busan,2010-06-01,77.6,21.6,17.5,26.8,59.2,997.7,24.7,2.65,238.7,435.9
159,Busan,2010-07-01,128.1,26.1,22.3,31.1,62.4,1003.3,30.1,2.5,258.6,557.6
159,Busan,2010-08-01,165.4,19.8,15.2,25.6,75.3,1003.4,24.3,2.08,248.9,505.7
159,Busan,2010-09-01,174.3,19.2,15.9,24.4,74.4,1002.1,25.3,2.47,213.4,513.5
159,Busan,2010-10-01,194.4,13.0,9.2,18.5,77.2,1002.9,20.1,2.84,197.9,497.8
159,Busan,2010-11-01,94.4,8.0,3.3,12.7,83.9,1004.4,20.2,2.74,204.6,388.1
159,Busan,2010-12-01,175.2,6.2,1.9,10.7,70.5,1003.7,17.3,2.55,193.5,237.7
159,Busan,2011-01-01,111.5,1.7,-1.7,7.4,66.4,1003.0,13.1,3.1,104.5,249.1
159,Busan,2011-02-01,0.0,2.1,-2.2,7.2,54.9,1003.5,13.4,2.45,116.8,71.2
159,Busan,2011-03-01,5.7,8.8,3.9,13.7,56.1,999.2,18.9,2.73,106.1,231.8
159,Busan,2011-04-01,77.0,11.3,6.5,16.6,52.4,1005.0,16.7,2.19,160.7,323.6
159,Busan,2011-05-01,53.2,16.1,12.4,21.2,56.5,1004.5,21.9,2.83,165.1,471.4
159,Busan,2011-06-01,165.2,23.2,18.9,28.3,59.5,1003.5,26.1,1.95,242.4,455.7
159,Busan,2011-07-01,198.7,24.3,20.0,29.9,63.8,991.8,26.8,2.72,226.0,520.5
159,Busan,2011-08-01,190.9,23.2,18.6,28.6,69.0,1003.4,25.7,3.23,244.5,707.7
159,Busan,2011-09-01,199.3,20.4,15.6,25.4,71.1,1004.1,23.1,2.5,194.0,550.2
159,Busan,2011-10-01,239.6,13.6,8.5,18.9,78.7,1009.4,20.0,3.24,209.8,372.5
159,Busan,2011-11-01,111.9,9.1,3.8,14.2,71.2,1003.8,19.1,2.34,170.4,378.2
159,Busan,2011-12-01,125.1,4.6,0.4,9.8,66.8,996.3,18.4,2.02,140.5,273.3
159,Busan,2012-01-01,49.3,0.3,-3.5,5.7,65.0,1005.7,14.1,2.76,115.3,117.6
159,Busan,2012-02-01,47.8,4.6,1.2,10.6,56.0,1006.2,19.9,2.41,114.3,213.7
159,Busan,2012-03-01,81.0,8.2,4.8,13.6,52.3,1001.0,18.9,1.58,116.2,216.9
159,Busan,2012-04-01,45.1,16.0,11.2,21.1,49.8,1004.0,22.7,3.05,174.0,365.8
159,Busan,2012-05-01,63.9,19.2,15.8,24.8,53.6,997.0,25.3,2.96,169.8,493.8
159,Busan,2012-06-01,61.0,18.9,15.7,24.7,56.7,1003.3,23.6,2.26,217.0,449.9
159,Busan,2012-07-01,162.8,21.8,17.0,27.0,71.0,1006.9,26.0,2.14,224.8,619.3
159,Busan,2012-08-01,121.4,21.5,16.6,26.1,72.5,1004.2,22.9,2.43,224.6,605.0
159,Busan,2012-09-01,237.4,19.1,14.1,23.6,71.3,1002.7,22.6,2.81,249.0,596.7
159,Busan,2012-10-01,261.2,11.7,7.9,17.5,71.4,997.0,21.7,1.84,183.1,483.9
159,Busan,2012-11-01,152.1,8.8,5.2,14.4,78.8,1006.2,17.1,2.5,162.1,355.5
159,Busan,2012-12-01,184.4,4.0,-0.5,9.5,74.1,1000.7,16.0,2.66,112.1,369.4
159,Busan,2013-01-01,15.3,1.6,-1.8,7.6,69.5,1007.8,17.5,1.82,101.8,264.5
159,Busan,2013-02-01,61.8,2.3,-1.1,8.1,64.8,1001.7,16.1,2.43,147.6,162.9
159,Busan,2013-03-01,64.9,6.3,1.5,11.0,54.2,1010.0,18.5,2.57,101.8,200.0
159,Busan,2013-04-01,83.8,13.8,9.5,18.8,52.0,1006.1,21.8,2.33,114.6,367.2
159,Busan,2013-05-01,86.9,17.4,13.2,22.0,55.5,1006.4,24.0,2.52,175.3,519.0
159,Busan,2013-06-01,93.3,22.8,18.3,27.9,63.3,1001.4,26.8,2.51,194.0,565.5
159,Busan,2013-07-01,191.4,21.8,18.7,27.3,64.9,1000.9,26.8,2.21,250.9,591.6
159,Busan,2013-08-01,188.1,24.2,19.4,29.6,74.0,993.9,29.0,2.44,204.3,523.1
159,Busan,2013-09-01,156.8,18.6,13.3,23.6,74.3,1000.9,24.6,2.65,260.6,517.9
159,Busan,2013-10-01,200.2,12.5,7.6,17.0,75.5,1001.5,20.9,2.4,222.7,483.6
159,Busan,2013-11-01,146.2,8.7,4.8,13.3,74.4,1004.2,19.0,3.04,189.5,404.4
159,Busan,2013-12-01,94.8,5.5,1.4,10.6,70.3,1004.2,16.1,2.35,148.2,306.6
159,Busan,2014-01-01,114.7,0.3,-4.4,5.9,67.0,1004.2,12.4,1.98,114.9,303.7
159,Busan,2014-02-01,0.0,2.1,-1.0,8.0,60.5,999.7,13.6,2.62,155.8,199.3
159,Busan,2014-03-01,0.0,7.4,2.3,12.3,59.5,1007.1,18.4,1.62,110.7,211.2
159,Busan,2014-04-01,10.6,13.4,7.9,18.3,55.8,1003.1,21.7,2.7,130.8,385.5
159,Busan,2014-05-01,66.5,20.3,16.5,25.4,51.4,1012.9,23.3,2.82,170.9,442.9
159,Busan,2014-06-01,117.6,19.9,15.7,24.9,67.8,1003.0,20.0,2.52,227.2,447.1
159,Busan,2014-07-01,141.7,22.2,18.7,28.0,70.1,1007.1,25.6,1.77,226.3,587.5
159,Busan,2014-08-01,203.4,21.8,18.5,27.7,70.0,1004.7,29.2,1.8,252.2,689.9
159,Busan,2014-09-01,172.9,19.5,15.4,24.6,77.9,1001.7,24.2,2.27,264.8,549.2
159,Busan,2014-10-01,185.1,12.2,8.7,17.3,75.3,1003.6,21.2,2.88,216.0,461.5
159,Busan,2014-11-01,131.1,8.0,3.5,13.5,76.3,1005.4,19.1,2.33,160.0,363.2
159,Busan,2014-12-01,148.7,3.6,-1.2,8.7,67.7,1003.7,17.1,2.4,88.0,333.4
159,Busan,2015-01-01,117.9,4.6,-0.7,9.3,60.4,999.2,17.8,2.58,130.0,210.0
159,Busan,2015-02-01,83.3,3.7,-0.6,9.3,59.8,1008.0,17.5,3.36,112.3,221.0
159,Busan,2015-03-01,49.2,6.8,3.8,12.5,54.4,1003.0,18.0,2.05,150.7,213.8
159,Busan,2015-04-01,43.7,12.3,7.7,17.9,53.7,1006.5,21.2,2.2,146.5,293.0
159,Busan,2015-05-01,91.4,18.2,14.1,23.2,49.3,1002.1,23.6,3.12,213.7,338.0
159,Busan,2015-06-01,126.1,21.5,16.7,27.0,57.8,1010.1,24.9,2.54,146.8,539.4
159,Busan,2015-07-01,207.9,20.8,17.2,26.3,65.1,1004.5,24.7,3.15,215.2,717.4
159,Busan,2015-08-01,244.7,23.0,19.1,28.0,73.1,994.1,23.9,2.54,236.7,549.0
159,Busan,2015-09-01,251.8,16.4,11.4,21.6,77.2,996.0,22.0,1.71,224.1,599.3
159,Busan,2015-10-01,227.2,11.9,6.6,16.8,81.8,1002.6,16.0,2.76,198.5,473.5
159,Busan,2015-11-01,178.3,5.8,1.6,10.7,76.7,1001.1,18.8,2.0,164.4,391.8
159,Busan,2015-12-01,129.3,3.1,-1.1,8.8,71.3,1004.6,17.5,2.5,104.8,375.4
159,Busan,2016-01-01,75.7,3.4,-1.1,9.1,57.0,999.8,17.3,2.92,135.6,181.0
159,Busan,2016-02-01,9.3,6.5,1.3,11.5,65.6,1012.0,18.3,2.26,128.9,274.5
159,Busan,2016-03-01,1.2,6.0,1.7,11.2,59.0,1001.0,17.8,2.79,160.0,256.6
159,Busan,2016-04-01,50.2,10.6,6.4,16.4,46.5,1010.2,19.1,2.64,151.9,306.4
159,Busan,2016-05-01,64.3,16.8,12.6,21.4,50.0,998.8,20.8,2.19,192.1,357.3
159,Busan,2016-06-01,153.1,21.4,17.5,26.5,63.9,997.2,27.7,2.78,209.5,561.0
159,Busan,2016-07-01,155.2,23.2,18.8,28.5,62.5,1002.4,27.2,2.82,211.4,601.1
159,Busan,2016-08-01,166.9,18.2,13.6,23.2,71.0,1000.7,23.7,2.41,255.5,483.3
159,Busan,2016-09-01,210.4,17.2,14.5,23.2,74.1,1002.9,23.6,2.18,217.0,532.2
159,Busan,2016-10-01,211.7,14.3,11.4,20.0,76.6,1005.1,23.8,2.1,233.6,414.8
159,Busan,2016-11-01,171.0,7.9,2.2,12.6,76.9,1009.7,16.8,2.48,201.4,382.2
159,Busan,2016-12-01,166.6,3.2,-1.0,8.7,71.4,1003.6,17.3,2.15,133.0,337.7
159,Busan,2017-01-01,120.4,3.1,-0.4,9.0,66.8,1006.3,18.7,2.9,100.9,292.2
159,Busan,2017-02-01,46.0,3.2,-0.2,9.0,57.7,997.7,16.0,2.69,105.5,225.0
159,Busan,2017-03-01,0.0,8.0,4.3,13.5,52.0,998.3,19.5,2.47,126.8,236.4
159,Busan,2017-04-01,48.0,13.4,8.8,18.5,52.8,1002.3,24.4,2.25,157.2,338.0
159,Busan,2017-05-01,120.5,16.1,12.4,21.7,63.4,1004.4,21.0,2.32,213.4,404.9
159,Busan,2017-06-01,116.9,23.2,18.2,27.8,55.7,1009.5,24.1,2.47,222.0,489.2
159,Busan,2017-07-01,122.6,21.7,17.9,26.4,62.3,994.4,25.8,2.05,247.7,543.8
159,Busan,2017-08-01,192.5,22.1,17.5,26.7,70.1,998.1,26.4,2.28,203.8,546.5
159,Busan,2017-09-01,217.5,17.3,12.9,22.3,83.8,1007.5,20.7,2.26,225.3,590.4
159,Busan,2017-10-01,168.6,12.0,7.2,17.1,75.0,1001.9,18.8,2.79,221.8,403.1
159,Busan,2017-11-01,167.4,5.3,0.3,10.5,75.2,1000.1,16.3,2.22,177.3,482.2
159,Busan,2017-12-01,152.4,6.0,0.7,10.9,68.3,1003.7,15.6,2.52,170.1,342.7
159,Busan,2018-01-01,89.2,-0.4,-3.7,5.0,64.5,1006.2,15.0,1.89,100.6,261.3
159,Busan,2018-02-01,54.6,2.4,-2.3,7.6,61.2,1000.1,15.9,2.37,149.0,234.5
159,Busan,2018-03-01,3.0,8.3,3.4,13.6,54.4,1000.0,17.9,2.67,105.9,244.3
159,Busan,2018-04-01,87.0,13.1,8.5,18.2,59.2,1005.1,23.0,2.29,168.1,284.6
159,Busan,2018-05-01,24.1,21.9,17.3,27.1,55.6,1004.7,25.4,2.37,183.5,428.8
159,Busan,2018-06-01,118.9,21.0,16.1,26.6,60.9,1003.5,24.3,2.0,231.5,480.4
159,Busan,2018-07-01,188.2,20.8,16.9,25.8,64.7,1004.6,26.0,1.87,273.9,584.9
159,Busan,2018-08-01,176.6,19.9,15.8,24.9,72.7,1002.9,22.9,2.6,235.1,578.7
159,Busan,2018-09-01,297.2,19.6,13.9,24.4,76.7,1003.3,23.2,2.22,180.8,603.3
159,Busan,2018-10-01,156.9,14.2,10.9,19.4,76.9,1008.6,23.5,2.39,187.5,545.4
159,Busan,2018-11-01,132.4,5.4,0.8,10.5,74.0,1005.1,16.6,2.69,207.4,384.2
159,Busan,2018-12-01,83.0,1.9,-3.4,7.0,72.3,1006.8,14.8,2.33,175.0,261.5
159,Busan,2019-01-01,39.7,1.7,-1.3,7.6,64.7,1000.8,17.4,1.73,134.2,241.5
159,Busan,2019-02-01,82.0,6.8,2.8,11.6,57.0,1002.2,18.7,2.27,124.8,277.4
159,Busan,2019-03-01,77.0,8.4,3.5,13.5,60.2,1005.3,18.9,2.43,137.1,290.4
159,Busan,2019-04-01,68.1,16.0,10.1,20.6,56.7,1002.7,19.8,2.43,189.0,263.5
159,Busan,2019-05-01,74.4,17.9,13.0,23.3,51.6,1005.1,22.5,1.67,226.0,455.6
159,Busan,2019-06-01,184.9,22.9,19.5,28.1,58.3,1004.6,25.2,1.97,201.7,567.5
159,Busan,2019-07-01,123.4,20.1,16.5,26.1,66.7,1006.7,25.7,2.15,264.0,600.4
159,Busan,2019-08-01,202.2,21.1,17.7,26.6,65.3,1005.7,26.3,1.48,252.8,685.4
159,Busan,2019-09-01,174.5,17.3,13.2,22.9,79.3,999.3,24.0,3.32,216.3,555.2
159,Busan,2019-10-01,219.2,12.3,7.0,17.0,72.1,1001.0,21.5,2.08,217.6,523.8
159,Busan,2019-11-01,124.2,7.2,3.5,12.1,73.5,1004.0,17.6,2.69,193.0,377.6
159,Busan,2019-12-01,135.7,2.7,-0.2,8.7,79.3,1002.2,16.1,2.14,124.2,282.6
159,Busan,2020-01-01,94.8,4.1,-0.7,9.2,63.3,999.9,15.8,1.88,162.0,354.3
159,Busan,2020-02-01,0.0,4.5,-0.0,9.8,56.9,1007.6,17.5,2.81,101.6,137.0
159,Busan,2020-03-01,39.2,6.0,1.2,11.5,53.0,1001.0,17.2,2.5,137.9,282.5
159,Busan,2020-04-01,63.2,12.9,7.6,17.7,51.9,1002.6,20.4,2.55,125.7,262.6
159,Busan,2020-05-01,0.0,17.7,13.8,22.4,54.3,1004.0,21.7,2.41,202.3,418.4
159,Busan,2020-06-01,153.2,23.3,18.9,28.7,57.8,1010.3,26.8,2.47,188.5,484.5
159,Busan,2020-07-01,191.6,23.0,18.2,28.0,69.2,1005.3,26.8,2.58,202.4,572.2
159,Busan,2020-08-01,238.7,21.2,17.1,26.2,73.9,1002.9,26.5,1.81,240.8,622.8
159,Busan,2020-09-01,224.4,19.5,16.2,24.8,69.7,1001.7,25.2,2.7,197.0,626.4
159,Busan,2020-10-01,167.2,11.9,8.1,17.8,77.3,1005.8,23.7,2.56,195.6,517.7
159,Busan,2020-11-01,234.6,8.7,4.6,14.1,76.7,1002.2,18.0,2.39,182.7,362.5
159,Busan,2020-12-01,125.6,4.4,-0.6,9.1,68.8,1005.1,18.0,2.62,149.8,184.8
159,Busan,2021-01-01,89.5,2.0,-2.8,6.5,69.7,1011.0,13.9,1.87,136.2,258.7
159,Busan,2021-02-01,0.0,3.3,-0.6,9.3,55.5,1001.0,16.3,2.68,111.8,223.3
159,Busan,2021-03-01,102.6,6.3,1.2,11.5,58.1,1005.1,20.4,2.53,78.6,249.9
159,Busan,2021-04-01,16.7,15.0,10.5,20.2,57.7,1006.7,21.6,2.37,184.8,191.7
159,Busan,2021-05-01,87.1,19.5,14.3,24.7,55.0,999.6,23.2,2.68,164.1,308.5
159,Busan,2021-06-01,123.3,21.0,15.8,25.8,61.7,1002.8,23.3,2.59,235.9,622.8
159,Busan,2021-07-01,217.0,20.4,17.3,26.4,61.0,1003.8,28.1,2.88,206.6,556.7
159,Busan,2021-08-01,218.5,18.5,13.8,23.9,71.6,995.5,24.5,2.83,234.5,583.6
159,Busan,2021-09-01,234.0,18.5,13.8,23.7,74.0,999.4,26.1,2.65,204.2,543.0
159,Busan,2021-10-01,240.8,12.3,8.1,17.0,81.3,1003.9,22.4,2.19,272.1,504.5
159,Busan,2021-11-01,206.6,7.5,3.1,12.4,72.1,999.5,17.9,2.84,134.2,378.2
159,Busan,2021-12-01,164.8,1.8,-2.1,7.4,67.8,1003.0,18.5,2.14,106.7,225.9
159,Busan,2022-01-01,104.1,1.2,-4.4,5.8,64.9,1004.9,13.7,2.46,98.2,325.0
159,Busan,2022-02-01,0.8,5.0,-0.1,10.0,57.7,1015.4,17.0,2.07,108.9,129.7
159,Busan,2022-03-01,18.3,10.3,6.8,16.0,51.4,1002.4,20.3,2.11,138.0,281.0
159,Busan,2022-04-01,55.7,12.0,8.7,17.8,51.8,1008.9,19.2,1.72,128.3,333.2
159,Busan,2022-05-01,116.4,17.1,12.9,21.9,54.2,999.5,25.9,2.34,146.7,547.5
159,Busan,2022-06-01,132.8,22.5,18.6,27.9,62.4,1002.8,27.1,2.39,209.5,497.2
159,Busan,2022-07-01,152.6,23.1,18.6,28.8,67.2,1010.6,28.0,2.32,243.3,640.6
159,Busan,2022-08-01,168.0,25.3,20.7,29.9,71.0,1002.3,25.0,2.76,207.8,493.4
159,Busan,2022-09-01,254.6,21.3,16.4,25.9,78.2,1002.3,26.9,2.33,244.9,480.7
159,Busan,2022-10-01,158.9,15.1,11.4,19.9,83.7,1010.6,22.6,1.82,207.2,440.0
159,Busan,2022-11-01,169.6,6.7,2.0,11.5,76.0,994.2,17.3,2.68,161.9,334.9
159,Busan,2022-12-01,116.6,2.4,-0.9,8.0,70.6,1002.2,16.0,3.05,155.0,340.3
159,Busan,2023-01-01,49.6,3.3,-1.6,8.4,67.3,1001.6,15.6,2.21,115.4,254.5
159,Busan,2023-02-01,24.0,6.7,1.9,11.7,60.0,1007.6,17.5,2.0,163.5,261.2
159,Busan,2023-03-01,35.2,9.8,6.1,15.3,51.2,1001.3,21.5,2.67,123.4,350.1
159,Busan,2023-04-01,31.2,14.8,10.6,19.6,55.6,1003.2,21.5,2.39,131.9,228.0
159,Busan,2023-05-01,82.3,16.4,13.1,22.1,54.8,1002.9,25.7,2.66,232.7,373.7
159,Busan,2023-06-01,146.4,20.7,17.1,26.0,56.3,993.8,24.0,1.6,186.2,438.5
159,Busan,2023-07-01,167.7,19.9,15.0,24.7,64.6,1001.5,25.6,2.54,261.6,534.2
159,Busan,2023-08-01,185.0,21.7,18.4,27.3,72.1,1003.6,25.6,2.56,290.9,565.4
159,Busan,2023-09-01,201.2,16.8,11.8,22.3,74.9,1006.4,22.4,2.47,284.7,575.8
159,Busan,2023-10-01,122.9,10.3,5.4,15.7,77.4,1002.0,21.6,1.96,204.8,503.0
159,Busan,2023-11-01,178.4,7.4,4.7,13.2,74.9,1006.8,19.7,2.5,187.8,481.1
159,Busan,2023-12-01,159.3,5.0,0.8,9.8,66.9,1003.5,16.3,1.41,133.7,330.6
159,Busan,2024-01-01,69.5,2.3,-3.0,6.8,67.5,1001.1,16.7,1.96,115.5,346.1
159,Busan,2024-02-01,0.9,3.7,-1.6,8.3,59.5,1006.4,16.1,2.27,88.9,176.4
159,Busan,2024-03-01,0.0,8.7,5.2,14.2,56.2,1006.8,19.2,2.96,102.4,223.2
159,Busan,2024-04-01,20.4,13.7,10.1,19.0,55.0,1010.0,21.5,2.18,166.4,371.8
159,Busan,2024-05-01,46.5,15.0,11.2,19.8,60.0,997.8,21.5,2.26,228.0,535.5
159,Busan,2024-06-01,133.9,23.0,18.5,28.1,61.4,998.5,25.8,2.86,212.0,556.1
159,Busan,2024-07-01,212.0,19.2,16.2,25.2,69.2,1003.8,25.2,2.76,253.8,537.6
159,Busan,2024-08-01,234.7,20.3,17.3,26.1,68.0,999.7,28.4,2.04,249.2,614.8
159,Busan,2024-09-01,212.1,19.3,14.1,24.1,77.3,1000.6,26.6,2.57,214.5,576.4
159,Busan,2024-10-01,168.9,12.6,8.8,18.4,74.1,1012.8,21.3,2.23,194.9,518.3
159,Busan,2024-11-01,144.2,6.4,2.2,11.2,73.9,999.9,17.0,2.21,164.8,416.6
159,Busan,2024-12-01,196.9,6.1,2.8,11.5,76.9,1004.3,19.2,2.58,141.4,353.2
159,Busan,2025-01-01,88.5,-0.1,-5.2,5.2,66.0,1005.6,13.5,2.5,125.6,231.9
159,Busan,2025-02-01,13.0,5.1,1.5,10.8,66.2,1005.4,19.2,2.51,111.2,156.5
159,Busan,2025-03-01,32.4,3.3,-1.4,8.7,53.8,1003.2,14.5,2.95,119.6,185.8
159,Busan,2025-04-01,55.8,13.5,9.2,18.2,52.9,1003.1,23.1,2.59,149.1,361.1
159,Busan,2025-05-01,72.5,18.4,15.0,23.6,53.1,998.3,25.2,3.0,152.7,410.8
159,Busan,2025-06-01,103.3,23.1,19.4,28.1,57.9,1008.7,28.5,2.61,210.9,495.7
159,Busan,2025-07-01,166.9,23.9,21.3,29.8,64.0,995.6,28.2,2.83,216.1,617.7
159,Busan,2025-08-01,145.8,21.2,17.4,26.7,71.3,1002.4,24.8,2.36,274.1,545.3
159,Busan,2025-09-01,292.9,16.1,11.6,22.0,74.4,1008.4,23.8,2.32,266.2,495.0
159,Busan,2025-10-01,181.5,13.7,10.1,18.9,76.6,1002.0,23.1,2.5,188.2,434.2
159,Busan,2025-11-01,219.5,6.8,2.9,11.8,77.3,1000.4,16.4,3.15,154.0,366.8
159,Busan,2025-12-01,132.0,3.1,-1.2,9.0,70.3,1006.3,17.5,2.17,124.5,322.8
