STN_NM,TM,MAX_TA,AVG_PA,AVG_RHM,AVG_WS,SUM_SS,SUM_SR
Gangneung,2001-01-01,6.3,998.5,58.2,2.27,127.6,192.9
Gangneung,2001-02-01,10.6,1000.0,60.6,2.02,142.0,217.0
Gangneung,2001-03-01,11.9,1002.0,53.1,2.55,138.4,270.0
Gangneung,2001-04-01,17.3,1007.6,55.2,2.06,129.4,349.0
Gangneung,2001-05-01,23.9,1003.7,55.0,2.49,197.0,404.1
Gangneung,2001-06-01,27.7,1000.1,57.4,3.0,188.4,548.1
Gangneung,2001-07-01,27.5,1005.8,67.5,2.22,253.4,544.4
Gangneung,2001-08-01,24.8,1005.5,71.5,2.46,255.6,561.4
Gangneung,2001-09-01,21.9,1004.9,71.2,2.4,244.0,582.7
Gangneung,2001-10-01,17.8,997.3,71.1,2.0,220.0,435.7
Gangneung,2001-11-01,15.1,1002.4,72.1,2.26,201.0,296.4
Gangneung,2001-12-01,9.7,1001.4,71.3,2.41,190.0,295.6
Gangneung,2002-01-01,8.3,1005.0,67.9,1.92,112.0,188.5
Gangneung,2002-02-01,7.1,999.6,53.9,2.74,169.9,394.8
Gangneung,2002-03-01,11.4,1001.8,51.8,2.34,154.7,253.5
Gangneung,2002-04-01,16.3,1010.3,52.8,2.79,137.5,238.9
Gangneung,2002-05-01,21.8,999.3,57.5,2.55,176.1,397.6
Gangneung,2002-06-01,27.4,1003.3,54.5,2.46,207.0,507.1
Gangneung,2002-07-01,28.4,1008.7,66.5,1.91,197.8,654.9
Gangneung,2002-08-01,26.4,999.1,67.1,2.24,239.9,570.2
Gangneung,2002-09-01,25.3,1002.5,68.2,1.91,210.0,535.8
Gangneung,2002-10-01,15.9,1001.3,78.7,2.8,223.5,570.2
Gangneung,2002-11-01,11.9,999.1,76.0,2.49,242.9,512.6
Gangneung,2002-12-01,8.9,1008.4,72.1,2.14,96.3,300.2
Gangneung,2003-01-01,7.2,996.6,64.7,3.25,95.9,178.3
Gangneung,2003-02-01,14.0,1010.2,60.2,2.3,139.4,246.1
Gangneung,2003-03-01,12.8,1004.3,53.7,2.59,153.4,253.4
Gangneung,2003-04-01,18.1,1002.7,54.1,3.03,159.6,264.2
Gangneung,2003-05-01,24.9,1006.5,48.5,1.96,168.2,415.8
Gangneung,2003-06-01,26.2,1008.6,59.5,2.31,214.4,507.8
Gangneung,2003-07-01,25.2,1006.2,59.6,2.38,205.6,535.8
Gangneung,2003-08-01,27.6,1009.6,72.5,2.73,232.6,584.0
Gangneung,2003-09-01,24.6,1007.5,74.7,3.13,250.2,461.6
Gangneung,2003-10-01,16.1,1000.4,79.2,2.41,179.6,449.7
Gangneung,2003-11-01,14.8,1003.5,76.5,3.05,128.4,364.5
Gangneung,2003-12-01,6.8,1001.4,74.0,2.83,155.8,324.1
Gangneung,2004-01-01,6.6,1007.7,66.3,2.35,165.1,199.5
Gangneung,2004-02-01,9.7,1006.9,63.7,2.62,178.2,207.7
Gangneung,2004-03-01,15.6,996.8,59.2,1.76,108.2,270.5
Gangneung,2004-04-01,18.4,1001.2,53.2,2.68,153.5,355.6
Gangneung,2004-05-01,23.8,1006.1,55.3,2.61,173.4,392.9
Gangneung,2004-06-01,23.5,1000.1,50.8,2.29,214.9,555.4
Gangneung,2004-07-01,27.9,1003.0,69.7,2.16,194.9,502.6
Gangneung,2004-08-01,27.9,998.4,72.4,2.35,194.2,635.7
Gangneung,2004-09-01,22.1,1002.1,76.9,2.54,265.0,535.3
Gangneung,2004-10-01,19.7,1002.5,78.3,3.18,261.9,494.2
Gangneung,2004-11-01,14.7,1004.5,75.3,1.76,128.2,333.0
Gangneung,2004-12-01,8.9,1004.9,67.6,2.29,154.6,347.2
Gangneung,2005-01-01,9.7,1004.4,74.1,2.44,142.6,240.7
Gangneung,2005-02-01,8.1,1007.9,61.3,2.29,131.3,201.5
Gangneung,2005-03-01,10.1,1009.0,49.4,2.11,90.5,66.2
Gangneung,2005-04-01,21.9,996.7,54.6,2.44,147.8,357.4
Gangneung,2005-05-01,24.1,998.9,60.3,2.93,175.2,484.2
Gangneung,2005-06-01,29.0,1001.1,64.5,2.22,221.3,396.1
Gangneung,2005-07-01,27.1,995.9,62.2,2.5,227.5,540.7
Gangneung,2005-08-01,27.0,1004.2,73.3,2.52,290.9,574.8
Gangneung,2005-09-01,21.8,1002.6,72.3,2.42,212.8,609.9
Gangneung,2005-10-01,17.7,997.3,77.7,2.5,187.5,501.4
Gangneung,2005-11-01,15.1,993.6,76.7,2.28,153.2,442.9
Gangneung,2005-12-01,7.5,998.7,76.6,3.13,108.7,233.1
Gangneung,2006-01-01,7.2,1005.7,58.8,2.91,112.3,205.9
Gangneung,2006-02-01,10.6,999.3,60.9,1.83,131.2,171.6
Gangneung,2006-03-01,14.1,1001.5,59.7,2.51,112.5,272.4
Gangneung,2006-04-01,17.3,1009.6,44.6,2.24,101.6,291.4
Gangneung,2006-05-01,22.7,996.9,56.4,3.22,184.3,379.8
Gangneung,2006-06-01,27.6,1003.3,52.9,3.14,205.6,590.1
Gangneung,2006-07-01,28.9,1007.4,65.6,1.72,231.5,501.7
Gangneung,2006-08-01,26.5,1000.6,72.7,2.71,246.8,537.2
Gangneung,2006-09-01,24.3,1004.5,76.7,2.33,252.4,593.4
Gangneung,2006-10-01,17.2,1001.2,75.5,3.0,198.5,464.5
Gangneung,2006-11-01,12.6,1000.2,72.5,2.01,157.1,387.9
Gangneung,2006-12-01,8.9,999.6,74.7,2.62,144.5,348.8
Gangneung,2007-01-01,9.1,998.7,64.3,2.67,119.3,182.8
Gangneung,2007-02-01,11.1,1009.3,55.8,2.71,91.5,152.8
Gangneung,2007-03-01,13.1,1004.0,55.6,2.72,87.5,109.3
Gangneung,2007-04-01,19.9,1006.7,53.3,2.61,140.7,256.4
Gangneung,2007-05-01,22.5,1007.4,60.9,2.74,196.0,426.6
Gangneung,2007-06-01,27.7,995.5,60.2,2.18,178.0,590.9
Gangneung,2007-07-01,30.2,1003.3,65.0,2.56,233.5,477.7
Gangneung,2007-08-01,26.5,1003.7,71.0,2.32,212.9,570.9
Gangneung,2007-09-01,21.0,1002.5,69.1,2.82,257.6,558.2
Gangneung,2007-10-01,16.3,1007.6,81.5,1.9,202.0,503.0
Gangneung,2007-11-01,12.1,1004.6,73.2,2.5,186.8,331.6
Gangneung,2007-12-01,11.6,995.0,66.9,2.41,150.8,302.9
Gangneung,2008-01-01,3.7,1002.3,61.1,2.04,119.9,329.8
Gangneung,2008-02-01,8.8,1003.2,65.1,2.55,199.5,271.1
Gangneung,2008-03-01,14.6,1003.4,57.8,2.41,136.5,269.6
Gangneung,2008-04-01,19.1,1003.4,52.8,2.73,116.4,285.6
Gangneung,2008-05-01,22.9,1003.1,57.1,1.62,179.7,386.7
Gangneung,2008-06-01,26.6,998.0,55.1,2.52,241.1,464.1
Gangneung,2008-07-01,25.3,1002.9,63.6,2.82,215.1,504.1
Gangneung,2008-08-01,24.2,1009.1,70.5,3.22,234.4,503.4
Gangneung,2008-09-01,21.3,1000.4,77.3,2.86,267.9,587.6
Gangneung,2008-10-01,15.0,1001.0,77.4,3.15,205.8,514.8
Gangneung,2008-11-01,13.1,1009.9,79.5,2.64,151.2,394.7
Gangneung,2008-12-01,10.7,1008.3,72.7,2.26,158.4,134.2
Gangneung,2009-01-01,2.2,999.2,66.7,2.95,115.9,378.7
Gangneung,2009-02-01,10.0,1003.1,55.5,1.85,113.6,175.5
Gangneung,2009-03-01,13.1,1005.8,55.4,1.98,155.7,219.4
Gangneung,2009-04-01,18.7,1006.0,53.8,2.65,114.9,329.9
Gangneung,2009-05-01,22.2,1008.1,60.9,2.54,199.2,407.3
Gangneung,2009-06-01,28.0,1005.1,57.5,2.54,226.8,467.5
Gangneung,2009-07-01,28.6,995.9,63.2,1.99,233.3,539.5
Gangneung,2009-08-01,27.7,1005.1,72.4,2.25,185.5,582.2
Gangneung,2009-09-01,24.7,1004.7,73.6,2.4,256.6,522.4
Gangneung,2009-10-01,19.1,1003.5,79.4,2.06,196.6,522.6
Gangneung,2009-11-01,13.7,1013.1,75.8,2.99,183.7,424.7
Gangneung,2009-12-01,10.1,1008.0,69.4,2.38,123.2,337.3
Gangneung,2010-01-01,7.9,997.2,64.2,2.49,161.0,412.7
Gangneung,2010-02-01,11.6,1003.7,60.5,2.24,85.0,127.4
Gangneung,2010-03-01,12.6,1004.1,57.4,2.89,167.5,273.8
Gangneung,2010-04-01,20.0,1005.1,55.1,2.68,116.1,262.3
Gangneung,2010-05-01,24.3,1001.8,50.6,2.43,208.3,378.3
Gangneung,2010-06-01,25.1,1001.8,56.4,2.29,254.3,484.1
Gangneung,2010-07-01,24.6,1008.3,62.6,2.92,233.5,558.1
Gangneung,2010-08-01,26.7,1000.5,64.0,2.68,251.8,556.9
Gangneung,2010-09-01,24.6,1000.5,76.3,2.44,232.0,644.3
Gangneung,2010-10-01,15.7,997.2,76.1,2.06,271.4,598.1
Gangneung,2010-11-01,12.4,999.4,75.0,1.76,161.0,408.9
Gangneung,2010-12-01,10.0,1006.0,68.2,1.85,142.1,331.9
Gangneung,2011-01-01,7.8,1006.6,64.1,3.18,97.3,188.5
Gangneung,2011-02-01,7.6,1003.2,60.5,2.13,102.2,167.2
Gangneung,2011-03-01,13.5,1000.5,54.0,1.85,82.8,109.1
Gangneung,2011-04-01,20.1,1006.1,54.4,2.61,168.2,275.4
Gangneung,2011-05-01,23.9,1003.2,50.5,2.08,180.7,434.2
Gangneung,2011-06-01,29.1,1000.4,64.9,2.43,199.7,381.5
Gangneung,2011-07-01,25.5,1003.9,62.2,2.15,251.3,553.6
Gangneung,2011-08-01,25.9,1000.9,73.8,2.35,219.1,619.7
Gangneung,2011-09-01,23.9,1004.3,74.1,2.41,217.0,653.1
Gangneung,2011-10-01,17.7,1006.3,70.0,2.5,176.8,488.6
Gangneung,2011-11-01,14.3,994.8,74.0,2.74,140.6,360.3
Gangneung,2011-12-01,7.8,1006.1,62.1,2.3,88.0,250.2
Gangneung,2012-01-01,3.6,1001.1,67.8,2.63,173.9,231.9
Gangneung,2012-02-01,7.0,1003.6,57.0,2.49,144.2,237.6
Gangneung,2012-03-01,12.8,1006.9,50.8,2.56,174.5,272.2
Gangneung,2012-04-01,22.3,1004.6,54.5,1.99,207.7,329.6
Gangneung,2012-05-01,24.5,997.6,56.6,3.17,191.7,377.4
Gangneung,2012-06-01,26.0,995.8,62.2,2.25,219.4,422.4
Gangneung,2012-07-01,30.0,1004.1,67.9,2.39,241.1,589.2
Gangneung,2012-08-01,27.1,1001.4,61.0,1.7,242.4,654.9
Gangneung,2012-09-01,23.5,1000.7,80.6,1.65,278.5,592.0
Gangneung,2012-10-01,18.9,1002.2,75.9,2.17,227.4,505.4
Gangneung,2012-11-01,13.0,997.1,83.2,2.95,158.7,533.8
Gangneung,2012-12-01,10.9,1005.0,70.3,2.47,127.2,359.5
Gangneung,2013-01-01,9.0,1000.1,61.7,2.49,126.0,217.7
Gangneung,2013-02-01,7.3,998.1,60.3,2.34,127.3,359.5
Gangneung,2013-03-01,12.5,1003.0,56.4,2.99,125.2,382.1
Gangneung,2013-04-01,20.9,999.5,50.5,2.8,151.0,232.8
Gangneung,2013-05-01,20.7,1002.9,58.5,2.32,175.9,525.8
Gangneung,2013-06-01,26.0,1003.2,61.0,2.71,189.8,542.7
Gangneung,2013-07-01,28.5,1000.1,64.9,2.26,204.4,575.3
Gangneung,2013-08-01,27.8,1007.9,68.8,2.32,252.5,453.6
Gangneung,2013-09-01,26.2,1006.3,77.3,1.73,237.2,513.0
Gangneung,2013-10-01,17.5,1002.2,67.4,2.23,237.0,561.9
Gangneung,2013-11-01,9.6,1007.4,76.5,3.2,156.0,445.0
Gangneung,2013-12-01,7.9,1004.6,73.9,2.95,144.1,203.2
Gangneung,2014-01-01,8.9,1001.2,62.5,1.85,112.3,200.4
Gangneung,2014-02-01,10.6,1000.2,59.5,2.02,104.1,150.2
Gangneung,2014-03-01,14.2,1004.7,53.8,1.82,96.5,245.9
Gangneung,2014-04-01,14.5,1005.5,52.5,2.35,109.5,169.3
Gangneung,2014-05-01,21.4,1002.2,49.7,2.55,191.3,419.3
Gangneung,2014-06-01,29.2,1007.6,63.0,2.28,244.0,520.5
Gangneung,2014-07-01,27.7,1002.4,64.1,2.13,245.3,730.7
Gangneung,2014-08-01,27.2,1005.7,71.2,2.48,268.3,439.3
Gangneung,2014-09-01,23.6,1003.4,72.5,2.51,259.1,450.0
Gangneung,2014-10-01,18.0,993.4,78.8,1.8,211.3,482.8
Gangneung,2014-11-01,12.7,1005.5,79.8,2.31,140.8,423.3
Gangneung,2014-12-01,10.5,1003.1,67.1,2.88,132.6,323.4
Gangneung,2015-01-01,8.5,1004.1,59.4,2.31,87.7,303.4
Gangneung,2015-02-01,8.2,1001.4,55.4,2.14,136.0,187.7
Gangneung,2015-03-01,12.8,997.8,49.1,1.9,138.3,216.2
Gangneung,2015-04-01,15.2,1003.8,51.3,2.49,197.6,282.8
Gangneung,2015-05-01,24.6,1005.3,46.6,1.99,183.2,365.0
Gangneung,2015-06-01,27.6,1000.0,54.1,2.85,212.4,433.6
Gangneung,2015-07-01,28.1,1001.7,64.9,2.19,254.8,473.8
Gangneung,2015-08-01,25.3,1004.8,76.2,2.67,220.6,545.4
Gangneung,2015-09-01,22.2,1000.3,73.2,2.84,247.7,658.5
Gangneung,2015-10-01,16.4,1000.7,74.3,1.98,206.4,417.0
Gangneung,2015-11-01,11.5,1001.6,74.3,1.88,222.7,467.2
Gangneung,2015-12-01,7.2,1006.9,76.1,1.43,125.4,351.3
Gangneung,2016-01-01,9.8,996.9,68.6,2.51,120.5,133.0
Gangneung,2016-02-01,8.8,1003.4,57.4,2.28,109.8,225.5
Gangneung,2016-03-01,13.8,995.5,58.0,2.51,127.9,254.3
Gangneung,2016-04-01,19.1,994.6,52.1,2.89,166.1,257.2
Gangneung,2016-05-01,24.4,1005.8,53.8,1.95,190.4,434.7
Gangneung,2016-06-01,27.0,1000.3,55.8,2.75,172.6,411.4
Gangneung,2016-07-01,28.1,1000.0,67.3,2.28,248.8,584.4
Gangneung,2016-08-01,26.4,1005.3,66.1,2.97,265.6,597.4
Gangneung,2016-09-01,22.7,1006.4,76.2,2.15,202.1,492.0
Gangneung,2016-10-01,19.2,1005.9,71.3,2.22,212.5,369.5
Gangneung,2016-11-01,11.3,1007.5,77.3,1.95,126.1,384.0
Gangneung,2016-12-01,6.9,1001.4,67.2,2.64,146.7,347.1
Gangneung,2017-01-01,8.1,1000.5,66.5,2.62,55.1,315.5
Gangneung,2017-02-01,8.4,999.2,53.9,1.63,148.2,216.7
Gangneung,2017-03-01,12.1,996.5,57.2,2.05,160.4,163.1
Gangneung,2017-04-01,17.9,998.0,50.2,1.91,95.5,287.2
Gangneung,2017-05-01,21.8,1003.1,61.6,1.69,163.7,412.9
Gangneung,2017-06-01,28.1,1003.3,56.9,2.29,204.1,445.9
Gangneung,2017-07-01,28.4,1001.6,67.8,2.44,274.4,475.5
Gangneung,2017-08-01,23.6,1003.5,72.7,2.41,233.7,532.8
Gangneung,2017-09-01,23.3,1004.4,70.6,2.49,256.1,561.2
Gangneung,2017-10-01,18.5,1001.3,84.7,2.57,216.3,405.7
Gangneung,2017-11-01,12.8,998.3,77.6,2.66,179.7,495.4
Gangneung,2017-12-01,9.3,1003.6,72.7,2.45,148.3,230.0
Gangneung,2018-01-01,8.9,1008.8,63.3,2.66,118.1,250.9
Gangneung,2018-02-01,8.6,1007.3,60.0,3.17,100.9,137.3
Gangneung,2018-03-01,14.1,1006.4,50.7,2.86,199.5,266.1
Gangneung,2018-04-01,17.2,997.4,49.2,2.51,159.5,291.5
Gangneung,2018-05-01,24.5,1001.4,53.9,1.61,173.5,403.4
Gangneung,2018-06-01,26.6,1004.3,55.8,1.94,214.0,551.3
Gangneung,2018-07-01,27.8,1003.4,66.6,2.45,252.4,561.6
Gangneung,2018-08-01,28.1,1003.6,76.4,2.11,259.3,563.2
Gangneung,2018-09-01,25.2,1004.3,76.1,2.76,236.9,585.2
Gangneung,2018-10-01,18.1,1005.3,79.7,2.08,211.7,488.3
Gangneung,2018-11-01,16.5,1003.6,79.1,2.25,188.1,352.1
Gangneung,2018-12-01,9.7,1003.1,75.4,3.48,159.9,266.8
Gangneung,2019-01-01,6.5,1003.4,65.4,2.06,101.1,257.6
Gangneung,2019-02-01,9.9,1001.4,56.4,2.92,135.8,256.3
Gangneung,2019-03-01,17.5,999.7,52.5,2.28,97.6,264.2
Gangneung,2019-04-01,18.8,1011.5,51.7,1.66,124.9,205.6
Gangneung,2019-05-01,22.8,1005.8,56.5,2.0,180.9,410.4
Gangneung,2019-06-01,26.4,1000.5,56.2,2.44,225.1,554.9
Gangneung,2019-07-01,27.3,1005.8,63.5,2.92,276.4,503.9
Gangneung,2019-08-01,26.7,1003.0,65.8,2.43,220.1,514.0
Gangneung,2019-09-01,23.2,1004.8,76.4,1.89,271.5,500.5
Gangneung,2019-10-01,17.9,1008.0,75.9,1.84,233.6,519.5
Gangneung,2019-11-01,10.5,999.3,79.5,2.67,120.5,462.0
Gangneung,2019-12-01,9.9,994.0,72.9,2.46,145.1,338.7
Gangneung,2020-01-01,9.0,1005.2,63.4,2.65,150.7,251.7
Gangneung,2020-02-01,7.3,1008.6,52.1,2.84,126.9,247.5
Gangneung,2020-03-01,14.1,1005.1,49.1,2.88,117.4,314.0
Gangneung,2020-04-01,22.1,1000.9,51.9,1.29,139.1,332.2
Gangneung,2020-05-01,26.1,1006.0,55.5,2.95,181.4,429.8
Gangneung,2020-06-01,26.2,1004.4,58.1,2.86,210.3,347.0
Gangneung,2020-07-01,24.4,999.2,68.5,2.5,231.1,526.4
Gangneung,2020-08-01,31.1,1008.4,74.0,1.58,235.3,628.7
Gangneung,2020-09-01,22.7,1005.5,78.0,2.39,236.9,484.8
Gangneung,2020-10-01,18.2,1009.4,82.5,2.26,222.0,641.9
Gangneung,2020-11-01,14.8,998.9,78.2,2.35,219.8,378.7
Gangneung,2020-12-01,10.1,1002.4,70.7,1.79,137.1,351.0
Gangneung,2021-01-01,5.4,995.9,64.8,1.74,135.8,190.9
Gangneung,2021-02-01,8.6,1001.8,61.1,2.51,102.6,168.0
Gangneung,2021-03-01,13.5,999.7,52.7,1.72,92.0,310.7
Gangneung,2021-04-01,16.8,995.7,44.9,3.02,139.1,316.1
Gangneung,2021-05-01,26.4,996.6,61.0,1.99,182.6,385.4
Gangneung,2021-06-01,25.1,1003.0,58.5,2.01,228.5,539.2
Gangneung,2021-07-01,27.4,1000.5,67.9,2.62,211.3,531.3
Gangneung,2021-08-01,28.3,997.5,64.3,2.34,210.3,537.8
Gangneung,2021-09-01,22.3,1001.0,75.4,2.53,246.6,501.4
Gangneung,2021-10-01,14.7,1010.5,76.0,2.49,209.1,484.0
Gangneung,2021-11-01,13.2,1006.6,75.4,2.71,161.0,465.4
Gangneung,2021-12-01,9.1,1005.8,75.3,2.8,162.1,383.1
Gangneung,2022-01-01,10.4,1001.1,63.9,2.49,148.2,251.5
Gangneung,2022-02-01,9.4,1002.7,53.0,2.31,75.0,333.6
Gangneung,2022-03-01,12.9,1007.9,52.7,2.5,131.7,233.6
Gangneung,2022-04-01,16.6,1005.1,55.2,2.27,169.7,307.3
Gangneung,2022-05-01,22.5,996.2,56.4,2.23,127.9,423.3
Gangneung,2022-06-01,23.3,1004.3,64.2,2.93,252.1,558.0
Gangneung,2022-07-01,28.3,1011.7,66.6,2.99,236.5,551.5
Gangneung,2022-08-01,25.4,998.8,75.8,2.37,248.5,607.6
Gangneung,2022-09-01,23.1,999.5,77.6,2.59,249.8,459.4
Gangneung,2022-10-01,20.0,1000.8,80.6,2.36,215.1,560.7
Gangneung,2022-11-01,11.4,996.8,70.7,2.16,170.2,288.6
Gangneung,2022-12-01,9.3,1000.8,76.8,3.01,155.3,276.9
Gangneung,2023-01-01,10.2,1003.9,64.9,2.38,128.2,312.5
Gangneung,2023-02-01,8.8,1005.9,57.0,2.01,96.1,306.8
Gangneung,2023-03-01,15.6,999.0,63.0,2.91,107.4,242.9
Gangneung,2023-04-01,18.4,999.0,54.6,2.26,114.3,284.6
Gangneung,2023-05-01,22.4,1005.6,52.3,2.21,192.1,385.6
Gangneung,2023-06-01,29.2,1007.5,60.6,2.8,192.7,400.9
Gangneung,2023-07-01,25.2,997.6,58.3,2.37,222.8,639.8
Gangneung,2023-08-01,27.5,1006.1,68.0,2.73,269.7,592.7
Gangneung,2023-09-01,23.6,1002.6,75.0,2.37,203.5,547.4
Gangneung,2023-10-01,18.2,1003.8,73.2,1.71,214.5,454.9
Gangneung,2023-11-01,11.6,998.7,71.0,3.09,168.4,398.5
Gangneung,2023-12-01,7.8,1000.2,75.9,2.07,105.6,371.2
Gangneung,2024-01-01,9.7,1005.1,67.6,1.75,130.9,308.9
Gangneung,2024-02-01,10.4,1000.7,62.1,2.19,142.2,187.5
Gangneung,2024-03-01,10.1,1007.4,57.3,2.3,123.9,218.5
Gangneung,2024-04-01,18.9,1009.1,49.5,2.6,176.6,333.1
Gangneung,2024-05-01,23.0,1008.8,53.0,2.09,167.1,466.0
Gangneung,2024-06-01,27.6,1001.6,56.7,2.75,185.5,438.7
Gangneung,2024-07-01,30.8,999.9,60.2,2.23,218.6,556.3
Gangneung,2024-08-01,24.3,996.6,74.0,2.67,214.2,580.6
Gangneung,2024-09-01,25.9,999.0,84.1,2.79,207.1,585.5
Gangneung,2024-10-01,18.9,1002.4,77.3,2.63,228.3,450.1
Gangneung,2024-11-01,12.1,1002.8,78.8,2.95,186.1,350.7
Gangneung,2024-12-01,9.2,997.7,67.9,2.09,226.5,244.8
Gangneung,2025-01-01,8.8,996.2,67.0,1.97,80.7,251.1
Gangneung,2025-02-01,7.2,1004.9,60.4,2.7,148.5,219.9
Gangneung,2025-03-01,13.8,1000.0,53.4,2.36,111.5,204.4
Gangneung,2025-04-01,19.6,1000.8,55.8,2.81,136.6,285.5
Gangneung,2025-05-01,24.8,1000.8,56.5,2.4,124.1,421.4
Gangneung,2025-06-01,29.2,999.7,62.2,1.89,193.9,449.4
Gangneung,2025-07-01,29.3,999.6,63.9,2.87,258.4,510.6
Gangneung,2025-08-01,23.8,1009.4,68.4,2.41,232.7,572.1
Gangneung,2025-09-01,25.6,998.0,79.5,2.28,169.1,428.2
Gangneung,2025-10-01,18.8,998.0,83.8,2.52,191.6,491.7
Gangneung,2025-11-01,15.3,1007.3,75.3,2.39,165.4,407.1
Gangneung,2025-12-01,8.1,1003.2,79.0,2.32,156.5,230.7
Seoul,2001-01-01,8.3,1006.1,69.8,2.38,187.8,215.0
Seoul,2001-02-01,7.4,1008.6,57.8,3.19,81.3,204.1
Seoul,2001-03-01,9.8,1012.9,57.2,2.23,131.0,303.4
Seoul,2001-04-01,17.0,998.2,45.8,2.56,130.9,299.8
Seoul,2001-05-01,24.2,1002.4,55.6,1.91,188.9,465.5
Seoul,2001-06-01,26.9,1007.7,58.7,2.04,197.7,502.1
Seoul,2001-07-01,28.8,1006.5,70.0,2.04,230.1,528.8
Seoul,2001-08-01,26.0,1007.4,69.9,3.39,244.3,562.6
Seoul,2001-09-01,23.4,1006.3,72.4,1.77,251.2,631.9
Seoul,2001-10-01,18.0,1001.2,80.7,2.49,196.9,461.8
Seoul,2001-11-01,11.1,1008.4,78.8,2.77,160.4,509.6
Seoul,2001-12-01,11.5,999.4,73.1,2.71,176.3,305.8
Seoul,2002-01-01,9.2,1004.5,62.2,3.05,147.5,261.4
Seoul,2002-02-01,8.3,1004.9,54.6,2.68,133.7,234.6
Seoul,2002-03-01,12.9,1006.0,55.9,2.42,112.4,212.5
Seoul,2002-04-01,20.0,1002.2,59.9,2.31,156.4,286.1
Seoul,2002-05-01,24.3,1003.9,55.4,2.57,176.6,363.5
Seoul,2002-06-01,30.9,1002.2,56.6,2.62,226.9,451.3
Seoul,2002-07-01,26.6,1006.9,60.8,2.79,232.9,602.5
Seoul,2002-08-01,28.0,998.6,72.3,2.12,254.1,621.4
Seoul,2002-09-01,21.4,997.2,70.6,2.43,202.4,548.9
Seoul,2002-10-01,15.9,1000.9,75.5,2.28,237.6,515.7
Seoul,2002-11-01,13.8,1003.5,73.5,2.68,154.4,461.0
Seoul,2002-12-01,7.2,1009.3,74.5,1.74,103.9,325.3
Seoul,2003-01-01,6.5,1006.1,60.5,2.22,165.8,179.6
Seoul,2003-02-01,8.6,1007.2,61.6,2.85,98.7,235.6
Seoul,2003-03-01,13.8,1006.8,49.9,2.86,126.9,159.8
Seoul,2003-04-01,17.4,999.6,58.8,2.44,122.7,329.8
Seoul,2003-05-01,22.2,1001.6,54.5,2.83,171.8,389.4
Seoul,2003-06-01,23.6,999.8,51.6,3.1,229.2,456.6
Seoul,2003-07-01,26.8,1001.0,68.8,2.31,238.9,526.2
Seoul,2003-08-01,25.7,1000.9,70.8,2.62,291.5,636.4
Seoul,2003-09-01,27.9,998.6,77.9,2.2,248.2,545.4
Seoul,2003-10-01,19.7,1007.6,74.7,1.76,202.2,499.9
Seoul,2003-11-01,14.5,1000.6,75.6,2.41,179.1,286.9
Seoul,2003-12-01,9.4,999.2,72.7,2.26,169.1,411.3
Seoul,2004-01-01,5.7,1005.9,65.6,2.43,138.5,293.7
Seoul,2004-02-01,8.8,1001.5,63.4,2.47,118.6,84.4
Seoul,2004-03-01,11.5,1002.3,54.7,2.45,121.7,151.9
Seoul,2004-04-01,17.1,1002.0,55.2,2.29,155.6,329.5
Seoul,2004-05-01,21.9,1000.9,54.5,2.2,153.2,296.4
Seoul,2004-06-01,25.0,1001.7,55.8,2.2,220.0,539.5
Seoul,2004-07-01,29.7,1009.2,67.5,2.38,177.1,434.5
Seoul,2004-08-01,26.1,1006.5,71.4,2.89,240.2,573.1
Seoul,2004-09-01,21.4,1005.0,76.7,2.72,191.8,640.1
Seoul,2004-10-01,18.2,1003.5,74.7,3.17,259.6,492.8
Seoul,2004-11-01,12.4,1007.3,73.9,2.38,140.5,442.3
Seoul,2004-12-01,10.5,999.7,71.8,2.71,152.5,225.2
Seoul,2005-01-01,5.8,996.1,69.8,2.77,89.4,225.9
Seoul,2005-02-01,10.2,1002.6,51.5,2.41,107.5,273.4
Seoul,2005-03-01,15.1,1004.3,57.2,2.31,97.7,186.8
Seoul,2005-04-01,18.4,1007.4,56.5,2.64,143.9,389.3
Seoul,2005-05-01,21.1,1004.7,54.0,1.99,192.8,316.4
Seoul,2005-06-01,28.4,1001.4,60.2,2.38,210.3,529.4
Seoul,2005-07-01,28.1,1008.9,61.8,1.87,193.5,549.2
Seoul,2005-08-01,26.4,997.3,72.6,2.27,261.6,531.1
Seoul,2005-09-01,23.6,1000.2,74.5,2.82,212.9,590.0
Seoul,2005-10-01,16.1,1002.2,80.2,2.56,224.5,440.4
Seoul,2005-11-01,13.2,1010.0,80.2,1.92,192.3,451.1
Seoul,2005-12-01,10.6,1001.0,70.8,2.54,154.7,343.5
Seoul,2006-01-01,9.0,1004.8,64.8,1.99,133.1,196.1
Seoul,2006-02-01,9.3,1002.0,60.6,2.23,105.7,113.5
Seoul,2006-03-01,14.5,1003.6,59.7,1.74,164.7,291.3
Seoul,2006-04-01,19.0,995.6,51.4,2.88,132.5,330.9
Seoul,2006-05-01,23.5,1002.6,58.3,2.42,156.8,473.6
Seoul,2006-06-01,27.8,1001.9,58.6,2.29,243.4,504.2
Seoul,2006-07-01,25.5,1001.6,62.7,2.97,222.1,637.9
Seoul,2006-08-01,28.9,1005.0,73.5,2.31,287.9,525.6
Seoul,2006-09-01,23.0,1002.2,76.5,2.4,204.4,451.8
Seoul,2006-10-01,18.8,997.6,70.2,1.98,225.3,448.8
Seoul,2006-11-01,12.0,999.2,73.8,1.91,190.7,557.6
Seoul,2006-12-01,10.5,1008.6,66.4,2.12,145.9,246.3
Seoul,2007-01-01,7.9,1005.7,62.3,2.33,143.0,235.6
Seoul,2007-02-01,10.1,1000.4,59.3,2.71,131.1,247.3
Seoul,2007-03-01,13.1,1002.9,57.8,2.49,143.8,261.0
Seoul,2007-04-01,16.8,1003.4,51.7,2.2,188.6,269.6
Seoul,2007-05-01,20.5,1014.2,56.8,1.73,202.5,356.4
Seoul,2007-06-01,26.2,1001.8,61.7,2.32,178.2,513.8
Seoul,2007-07-01,27.3,1002.4,67.1,2.77,243.1,611.5
Seoul,2007-08-01,26.0,1007.1,72.9,2.04,251.5,575.7
Seoul,2007-09-01,23.6,1010.1,80.1,2.27,233.0,662.8
Seoul,2007-10-01,17.2,997.2,79.5,1.74,183.6,540.4
Seoul,2007-11-01,12.5,1007.3,76.4,2.07,184.0,394.1
Seoul,2007-12-01,9.8,1008.1,70.1,2.37,154.6,403.6
Seoul,2008-01-01,9.5,1002.2,64.3,2.74,133.8,258.2
Seoul,2008-02-01,7.8,1009.3,56.3,2.63,116.5,200.9
Seoul,2008-03-01,10.8,1003.8,61.1,2.36,196.5,296.1
Seoul,2008-04-01,18.9,1003.4,51.8,1.94,150.3,285.5
Seoul,2008-05-01,21.1,996.1,60.4,2.57,221.6,418.9
Seoul,2008-06-01,26.7,997.6,54.8,1.95,218.0,411.9
Seoul,2008-07-01,27.2,999.6,69.3,2.01,221.6,540.2
Seoul,2008-08-01,24.7,1005.3,67.3,1.85,284.8,541.8
Seoul,2008-09-01,24.0,996.3,74.6,1.76,205.8,493.4
Seoul,2008-10-01,20.2,994.0,72.4,2.27,193.7,503.3
Seoul,2008-11-01,13.5,1003.4,77.7,2.72,144.5,313.9
Seoul,2008-12-01,7.6,1005.2,74.8,2.88,161.7,314.1
Seoul,2009-01-01,8.2,1006.4,65.7,2.38,160.7,125.9
Seoul,2009-02-01,9.3,1001.9,58.8,1.6,101.0,279.0
Seoul,2009-03-01,11.7,1001.6,56.4,2.08,103.2,181.5
Seoul,2009-04-01,16.3,1010.0,53.8,2.52,157.8,294.8
Seoul,2009-05-01,24.2,997.3,53.4,2.15,151.9,426.4
Seoul,2009-06-01,25.2,1000.0,57.9,2.13,235.3,475.3
Seoul,2009-07-01,26.0,1011.7,66.0,2.28,224.0,584.1
Seoul,2009-08-01,28.5,1009.5,73.4,2.35,277.7,638.1
Seoul,2009-09-01,23.0,996.7,70.6,2.01,215.9,594.0
Seoul,2009-10-01,18.3,1005.5,79.1,2.46,265.0,488.9
Seoul,2009-11-01,12.7,997.6,75.3,2.34,175.9,366.0
Seoul,2009-12-01,9.4,1001.4,72.4,2.55,171.6,352.8
Seoul,2010-01-01,7.8,1001.1,62.7,2.57,107.4,239.6
Seoul,2010-02-01,5.8,1009.4,58.4,2.07,54.7,191.1
Seoul,2010-03-01,12.2,1001.9,54.9,2.39,107.6,141.1
Seoul,2010-04-01,19.2,998.3,50.3,1.69,163.8,359.1
Seoul,2010-05-01,22.6,1010.3,51.9,2.71,119.5,476.6
Seoul,2010-06-01,26.7,1004.9,56.8,2.16,238.2,548.5
Seoul,2010-07-01,26.8,1004.1,61.5,2.36,257.2,537.6
Seoul,2010-08-01,25.1,1002.5,72.2,2.16,274.6,592.1
Seoul,2010-09-01,23.5,1004.0,74.7,2.97,185.9,561.5
Seoul,2010-10-01,17.8,1004.6,82.1,2.13,196.0,511.7
Seoul,2010-11-01,14.7,1005.4,70.7,2.31,187.6,331.7
Seoul,2010-12-01,9.2,1003.8,73.1,1.97,137.2,334.6
Seoul,2011-01-01,4.6,998.1,65.3,2.39,137.6,268.1
Seoul,2011-02-01,8.2,1005.9,61.9,2.91,98.9,237.0
Seoul,2011-03-01,9.7,1005.7,47.6,2.96,121.6,244.6
Seoul,2011-04-01,19.8,1005.2,54.1,2.35,184.5,382.6
Seoul,2011-05-01,25.8,1015.8,56.5,2.12,190.5,423.8
Seoul,2011-06-01,25.6,998.9,61.5,2.89,225.0,502.3
Seoul,2011-07-01,27.9,998.4,62.0,2.49,231.3,568.8
Seoul,2011-08-01,25.7,1004.6,69.5,2.08,264.5,475.8
Seoul,2011-09-01,25.4,1000.9,79.3,2.13,220.0,507.9
Seoul,2011-10-01,19.9,1004.6,73.2,2.56,200.3,536.0
Seoul,2011-11-01,12.4,1006.6,66.5,2.24,222.3,357.2
Seoul,2011-12-01,9.1,1000.1,65.5,2.43,161.3,294.3
Seoul,2012-01-01,10.7,1000.6,68.8,2.4,128.0,259.7
Seoul,2012-02-01,9.9,1003.7,59.1,2.39,118.7,256.8
Seoul,2012-03-01,11.5,997.4,55.0,2.03,117.0,306.8
Seoul,2012-04-01,18.9,1009.2,48.8,2.63,128.6,319.1
Seoul,2012-05-01,23.0,1002.5,58.5,2.18,189.0,346.4
Seoul,2012-06-01,27.3,1003.0,55.0,1.99,191.2,540.6
Seoul,2012-07-01,27.3,1001.2,66.2,1.53,256.2,582.8
Seoul,2012-08-01,26.4,998.1,68.9,2.75,184.9,489.2
Seoul,2012-09-01,22.2,1004.8,76.5,2.69,222.5,538.9
Seoul,2012-10-01,15.4,998.9,81.5,1.94,216.3,494.0
Seoul,2012-11-01,11.4,1000.7,73.8,2.37,211.8,368.0
Seoul,2012-12-01,9.3,1006.5,70.5,2.33,128.3,384.2
Seoul,2013-01-01,8.6,997.9,67.7,2.0,146.2,254.4
Seoul,2013-02-01,9.0,1005.7,53.2,3.16,141.2,194.6
Seoul,2013-03-01,10.8,1003.3,47.1,2.44,101.1,269.6
Seoul,2013-04-01,20.2,997.6,52.1,2.64,211.7,272.7
Seoul,2013-05-01,22.1,1007.2,54.4,2.79,193.5,399.3
Seoul,2013-06-01,30.5,1009.6,56.4,2.13,222.8,505.5
Seoul,2013-07-01,29.2,1004.3,64.9,2.42,215.9,657.5
Seoul,2013-08-01,27.3,999.7,67.8,2.53,205.7,551.3
Seoul,2013-09-01,23.4,997.6,79.2,2.12,272.0,600.9
Seoul,2013-10-01,16.5,1008.3,76.4,2.44,233.9,538.5
Seoul,2013-11-01,12.5,999.1,78.1,2.34,181.9,462.4
Seoul,2013-12-01,9.0,1007.2,76.0,3.12,112.5,309.5
Seoul,2014-01-01,6.5,1007.9,67.4,1.66,103.9,278.0
Seoul,2014-02-01,5.0,1007.7,56.1,2.12,129.0,326.9
Seoul,2014-03-01,13.6,1005.9,50.2,2.53,122.4,274.2
Seoul,2014-04-01,13.1,1002.9,54.6,2.52,160.9,372.7
Seoul,2014-05-01,21.6,1001.5,57.3,2.46,212.2,382.3
Seoul,2014-06-01,27.5,1006.0,57.4,2.5,202.7,535.4
Seoul,2014-07-01,27.4,1005.6,71.6,2.38,245.9,548.9
Seoul,2014-08-01,25.0,1003.1,69.5,2.23,223.3,547.0
Seoul,2014-09-01,18.5,998.7,77.5,2.43,253.1,666.3
Seoul,2014-10-01,17.1,996.1,73.4,2.04,180.6,508.8
Seoul,2014-11-01,8.0,1009.7,73.3,2.75,179.5,397.5
Seoul,2014-12-01,9.2,999.8,70.2,2.57,138.8,318.7
Seoul,2015-01-01,6.6,997.2,61.7,2.63,110.7,395.4
Seoul,2015-02-01,11.4,993.2,56.2,2.62,123.8,236.5
Seoul,2015-03-01,13.6,1009.8,50.8,2.15,112.5,205.2
Seoul,2015-04-01,15.9,1007.6,50.9,2.51,131.4,302.7
Seoul,2015-05-01,24.1,1006.0,54.6,1.67,186.7,443.5
Seoul,2015-06-01,27.3,1004.3,60.9,2.84,187.9,455.0
Seoul,2015-07-01,29.4,991.5,65.5,2.38,223.0,570.7
Seoul,2015-08-01,26.1,1002.1,69.9,3.3,184.0,556.7
Seoul,2015-09-01,21.8,1001.8,75.2,2.36,230.0,544.6
Seoul,2015-10-01,19.2,1006.5,70.9,2.6,174.3,597.1
Seoul,2015-11-01,13.3,1004.1,73.5,2.52,220.2,472.3
Seoul,2015-12-01,7.8,1004.4,76.6,2.26,166.3,295.8
Seoul,2016-01-01,6.6,1002.3,65.1,2.06,135.9,248.2
Seoul,2016-02-01,7.2,996.7,61.0,2.69,117.6,288.5
Seoul,2016-03-01,13.6,1001.6,53.0,2.62,127.7,302.6
Seoul,2016-04-01,15.9,1002.9,51.0,2.25,149.6,307.6
Seoul,2016-05-01,19.2,997.5,56.6,2.13,216.7,364.9
Seoul,2016-06-01,25.6,995.2,63.5,1.62,182.8,441.3
Seoul,2016-07-01,26.8,1004.3,69.2,2.0,193.6,487.5
Seoul,2016-08-01,28.0,1002.7,68.4,2.32,290.9,474.3
Seoul,2016-09-01,24.9,1001.9,73.5,2.64,248.6,586.4
Seoul,2016-10-01,18.1,1003.5,84.5,2.47,176.2,418.1
Seoul,2016-11-01,12.3,999.0,77.2,2.51,164.3,383.3
Seoul,2016-12-01,8.8,1008.3,70.4,1.81,122.4,260.0
Seoul,2017-01-01,7.9,1001.8,66.1,2.43,128.7,255.1
Seoul,2017-02-01,11.3,1003.1,57.2,2.6,128.9,154.7
Seoul,2017-03-01,13.2,1007.2,55.6,2.73,132.7,165.2
Seoul,2017-04-01,19.8,1007.2,58.2,2.04,193.3,342.2
Seoul,2017-05-01,21.9,999.1,57.1,2.19,173.4,354.6
Seoul,2017-06-01,29.7,1005.9,58.9,2.07,208.1,380.7
Seoul,2017-07-01,31.3,998.8,67.1,2.65,238.3,526.6
Seoul,2017-08-01,26.9,1004.0,69.8,1.83,264.7,415.7
Seoul,2017-09-01,22.0,1000.0,79.3,2.48,189.2,669.9
Seoul,2017-10-01,18.7,1006.4,75.3,2.37,195.9,449.4
Seoul,2017-11-01,14.7,999.7,75.6,2.28,162.6,425.7
Seoul,2017-12-01,6.8,1004.9,68.1,1.89,114.7,410.5
Seoul,2018-01-01,7.3,1007.2,60.8,2.84,118.0,181.5
Seoul,2018-02-01,5.1,996.2,61.9,2.73,151.3,216.8
Seoul,2018-03-01,10.6,999.0,48.8,2.07,137.4,135.6
Seoul,2018-04-01,20.2,1003.0,49.3,2.57,153.7,375.7
Seoul,2018-05-01,23.0,1003.1,53.2,1.98,200.0,341.4
Seoul,2018-06-01,26.2,1000.0,62.1,2.21,208.8,604.8
Seoul,2018-07-01,30.0,1005.9,65.2,2.01,216.0,561.9
Seoul,2018-08-01,27.8,996.9,68.4,2.52,252.0,499.6
Seoul,2018-09-01,23.8,999.0,83.5,2.05,272.1,618.4
Seoul,2018-10-01,18.1,1002.1,75.7,2.32,204.1,490.6
Seoul,2018-11-01,15.6,1000.4,74.7,2.47,144.4,380.3
Seoul,2018-12-01,8.5,1004.6,75.8,2.03,150.3,310.8
Seoul,2019-01-01,7.1,1001.3,66.6,2.33,56.3,215.0
Seoul,2019-02-01,6.6,1003.7,56.3,3.05,117.9,222.8
Seoul,2019-03-01,14.1,1000.8,56.3,2.38,91.0,341.1
Seoul,2019-04-01,16.6,1007.2,49.2,2.69,147.7,284.1
Seoul,2019-05-01,26.3,995.7,59.5,2.13,178.0,396.4
Seoul,2019-06-01,24.9,1003.2,59.0,2.44,222.8,509.7
Seoul,2019-07-01,30.3,1000.1,60.9,2.5,220.0,499.7
Seoul,2019-08-01,24.0,1001.2,67.5,2.55,258.5,547.0
Seoul,2019-09-01,23.9,1006.3,79.6,2.77,182.5,637.1
Seoul,2019-10-01,19.6,1004.5,76.0,2.75,170.3,457.5
Seoul,2019-11-01,12.0,1000.5,76.6,2.74,162.5,447.3
Seoul,2019-12-01,11.0,1007.7,70.2,2.05,147.6,395.6
Seoul,2020-01-01,10.4,998.5,66.7,2.5,141.1,298.3
Seoul,2020-02-01,10.2,995.5,53.7,2.1,141.8,286.5
Seoul,2020-03-01,13.9,1001.4,55.0,3.19,89.9,267.1
Seoul,2020-04-01,19.5,1000.0,49.7,3.11,162.0,256.2
Seoul,2020-05-01,26.9,1002.5,52.0,2.56,160.8,351.4
Seoul,2020-06-01,28.6,1001.3,59.5,2.69,185.4,428.0
Seoul,2020-07-01,27.7,1007.9,67.7,2.5,249.3,464.3
Seoul,2020-08-01,25.3,999.5,78.1,2.62,249.7,603.9
Seoul,2020-09-01,25.7,1006.3,78.2,2.85,236.7,567.9
Seoul,2020-10-01,14.8,1009.0,72.8,2.39,195.9,507.8
Seoul,2020-11-01,11.7,1003.2,68.6,2.35,167.5,408.3
Seoul,2020-12-01,8.8,1010.8,69.1,3.11,168.8,328.4
Seoul,2021-01-01,7.0,1002.4,65.0,2.8,158.7,204.1
Seoul,2021-02-01,9.9,1002.4,54.6,2.29,160.1,134.6
Seoul,2021-03-01,11.7,1008.1,56.1,2.88,120.2,288.0
Seoul,2021-04-01,18.0,1003.2,47.5,2.6,169.4,387.2
Seoul,2021-05-01,24.5,1006.6,56.8,1.92,203.6,328.0
Seoul,2021-06-01,26.6,1003.1,56.6,3.31,172.3,508.9
Seoul,2021-07-01,29.6,1002.2,62.9,2.59,231.8,476.1
Seoul,2021-08-01,26.6,1002.5,65.4,2.46,235.0,527.8
Seoul,2021-09-01,21.4,1008.0,68.9,2.76,245.9,546.2
Seoul,2021-10-01,17.8,1009.0,79.8,2.77,202.6,461.3
Seoul,2021-11-01,12.4,1005.9,72.3,2.01,196.8,368.0
Seoul,2021-12-01,11.6,1000.6,77.7,2.11,143.6,168.7
Seoul,2022-01-01,7.1,1006.0,62.9,2.09,115.7,110.6
Seoul,2022-02-01,8.2,998.7,57.2,2.57,130.1,220.7
Seoul,2022-03-01,12.0,1009.1,54.9,2.0,145.0,282.5
Seoul,2022-04-01,19.4,1003.9,54.6,2.39,132.0,346.6
Seoul,2022-05-01,23.3,994.0,51.5,1.92,183.3,422.3
Seoul,2022-06-01,24.7,1006.7,65.0,2.0,228.0,480.5
Seoul,2022-07-01,27.0,1004.6,65.9,1.86,272.6,705.2
Seoul,2022-08-01,24.5,997.9,75.7,2.48,261.6,559.4
Seoul,2022-09-01,24.0,1000.9,76.8,2.81,241.6,585.3
Seoul,2022-10-01,16.3,1006.3,75.0,2.0,211.6,500.2
Seoul,2022-11-01,13.6,1000.5,74.7,2.27,222.2,480.5
Seoul,2022-12-01,9.9,1003.9,70.2,2.59,173.0,268.5
Seoul,2023-01-01,10.3,1003.1,64.6,2.59,191.4,255.5
Seoul,2023-02-01,6.6,986.1,60.4,3.17,70.1,311.2
Seoul,2023-03-01,14.5,1007.9,56.2,2.63,117.7,132.4
Seoul,2023-04-01,20.8,999.6,47.7,2.42,159.8,224.2
Seoul,2023-05-01,24.0,1001.5,47.8,2.47,189.5,414.7
Seoul,2023-06-01,27.1,1001.9,60.1,2.61,196.1,513.2
Seoul,2023-07-01,27.5,1004.2,59.2,2.74,218.7,669.6
Seoul,2023-08-01,25.3,1008.2,76.4,2.04,285.3,558.9
Seoul,2023-09-01,25.3,1001.1,76.3,1.66,225.0,624.6
Seoul,2023-10-01,18.0,1004.8,80.5,2.08,231.7,302.1
Seoul,2023-11-01,17.1,1001.3,75.4,2.59,183.8,447.8
Seoul,2023-12-01,14.4,1001.1,65.0,1.87,96.1,311.9
Seoul,2024-01-01,8.1,1006.2,66.6,2.85,147.2,312.1
Seoul,2024-02-01,10.4,997.5,52.6,2.35,129.7,239.5
Seoul,2024-03-01,14.8,1002.5,51.6,1.04,188.3,278.1
Seoul,2024-04-01,21.1,1009.6,51.3,2.46,180.1,345.1
Seoul,2024-05-01,24.8,1003.4,55.0,2.16,173.0,307.8
Seoul,2024-06-01,25.8,999.1,60.9,2.95,238.2,491.7
Seoul,2024-07-01,29.8,1003.3,73.0,2.56,220.2,472.2
Seoul,2024-08-01,28.4,1002.0,67.6,2.0,287.3,608.0
Seoul,2024-09-01,24.4,1001.7,76.3,2.54,222.4,476.1
Seoul,2024-10-01,17.7,1013.2,80.4,2.18,182.3,502.5
Seoul,2024-11-01,11.7,1000.3,78.6,1.83,165.4,383.2
Seoul,2024-12-01,10.1,1009.3,74.4,2.39,175.2,374.4
Seoul,2025-01-01,5.7,1003.6,67.7,2.93,158.0,316.4
Seoul,2025-02-01,10.1,1008.8,58.0,3.21,124.4,366.9
Seoul,2025-03-01,13.0,1000.8,52.9,2.86,156.3,222.4
Seoul,2025-04-01,17.9,1011.0,54.3,2.31,170.7,412.4
Seoul,2025-05-01,24.9,1009.5,56.6,2.58,181.3,380.3
Seoul,2025-06-01,26.9,999.2,59.2,2.95,250.6,502.2
Seoul,2025-07-01,27.8,1003.2,65.2,2.28,225.9,658.3
Seoul,2025-08-01,24.7,1006.3,70.6,2.47,253.2,538.5
Seoul,2025-09-01,23.0,1005.9,71.5,2.64,186.0,466.9
Seoul,2025-10-01,13.6,999.8,80.0,3.68,153.2,531.7
Seoul,2025-11-01,13.7,1006.4,72.2,2.9,169.8,315.8
Seoul,2025-12-01,9.2,1003.2,68.2,3.01,160.9,320.6
Incheon,2001-01-01,7.9,1001.3,63.6,1.84,109.3,334.0
Incheon,2001-02-01,10.5,1001.6,58.4,2.2,66.9,275.3
Incheon,2001-03-01,12.5,1009.8,55.4,1.85,133.7,240.9
Incheon,2001-04-01,19.0,997.4,49.5,2.56,109.0,352.3
Incheon,2001-05-01,23.1,996.8,58.2,2.33,177.6,297.5
Incheon,2001-06-01,27.6,1000.0,59.3,1.52,218.7,587.2
Incheon,2001-07-01,28.6,1004.7,63.9,2.7,285.3,552.2
Incheon,2001-08-01,24.5,1000.6,74.1,2.34,221.7,555.9
Incheon,2001-09-01,26.2,1005.3,77.6,1.98,226.1,622.0
Incheon,2001-10-01,16.6,1005.2,77.3,2.54,226.1,533.2
Incheon,2001-11-01,11.5,1004.6,78.2,1.36,231.4,346.3
Incheon,2001-12-01,7.0,999.2,72.3,1.85,169.4,352.7
Incheon,2002-01-01,6.9,1001.6,63.8,2.81,152.8,193.5
Incheon,2002-02-01,9.3,1010.5,57.0,2.47,113.4,366.8
Incheon,2002-03-01,11.8,1000.6,55.1,2.98,95.2,176.4
Incheon,2002-04-01,17.3,1002.1,56.3,1.82,169.5,339.5
Incheon,2002-05-01,22.7,997.0,57.7,2.39,153.5,274.9
Incheon,2002-06-01,29.0,1002.4,65.9,2.22,197.1,449.3
Incheon,2002-07-01,30.1,999.3,62.8,2.32,276.0,681.5
Incheon,2002-08-01,26.1,1000.1,72.0,2.21,280.4,612.8
Incheon,2002-09-01,18.7,995.7,80.0,1.92,274.7,570.5
Incheon,2002-10-01,18.1,1006.5,77.1,2.25,235.2,402.9
Incheon,2002-11-01,13.1,1006.8,74.8,2.31,168.6,391.7
Incheon,2002-12-01,10.2,1004.0,68.4,2.07,153.6,298.4
Incheon,2003-01-01,5.4,1001.2,68.6,2.89,152.9,256.6
Incheon,2003-02-01,8.9,1000.8,62.2,2.27,120.5,265.5
Incheon,2003-03-01,12.5,1002.9,52.3,2.75,125.5,352.6
Incheon,2003-04-01,17.6,1001.0,49.4,2.39,137.9,383.6
Incheon,2003-05-01,25.0,1003.7,61.0,2.69,205.2,365.7
Incheon,2003-06-01,28.1,998.7,55.1,2.59,201.9,451.1
Incheon,2003-07-01,26.2,1001.9,64.7,1.59,245.4,742.0
Incheon,2003-08-01,26.5,994.1,74.4,3.43,255.6,510.7
Incheon,2003-09-01,21.0,999.5,75.7,2.99,234.5,522.3
Incheon,2003-10-01,15.0,1001.0,80.4,2.11,204.0,425.2
Incheon,2003-11-01,16.4,997.4,79.8,2.89,182.0,433.0
Incheon,2003-12-01,12.5,1007.3,67.8,2.3,152.6,279.8
Incheon,2004-01-01,12.1,1004.4,68.6,2.47,121.8,137.1
Incheon,2004-02-01,6.4,1003.8,63.4,2.06,135.6,171.7
Incheon,2004-03-01,14.9,1003.3,56.9,2.07,179.8,209.3
Incheon,2004-04-01,17.7,999.8,57.0,3.14,143.5,312.1
Incheon,2004-05-01,22.4,1009.3,51.3,3.25,168.7,407.6
Incheon,2004-06-01,26.9,1002.4,60.1,2.04,228.2,419.7
Incheon,2004-07-01,31.3,1004.1,63.1,1.84,241.6,555.3
Incheon,2004-08-01,26.3,1005.6,67.4,2.02,240.6,497.1
Incheon,2004-09-01,24.3,1000.2,71.4,2.43,206.9,537.0
Incheon,2004-10-01,16.4,1002.8,83.6,2.66,143.2,502.3
Incheon,2004-11-01,15.4,1002.2,79.7,2.48,174.9,492.3
Incheon,2004-12-01,9.7,1009.2,73.7,2.47,181.0,304.5
Incheon,2005-01-01,10.8,1009.3,63.4,2.53,120.0,264.0
Incheon,2005-02-01,8.3,1007.2,57.7,2.79,113.1,265.3
Incheon,2005-03-01,11.0,1009.3,63.7,2.5,132.1,183.9
Incheon,2005-04-01,16.6,1002.2,51.1,2.14,141.5,413.4
Incheon,2005-05-01,22.1,999.8,51.9,2.23,152.6,397.4
Incheon,2005-06-01,23.5,1011.7,60.6,2.98,280.0,535.5
Incheon,2005-07-01,29.6,1004.1,62.7,2.13,242.3,547.6
Incheon,2005-08-01,24.3,1003.7,72.5,2.7,266.8,616.5
Incheon,2005-09-01,24.8,993.4,79.8,2.28,260.8,650.2
Incheon,2005-10-01,20.3,1001.7,76.2,2.66,227.0,553.2
Incheon,2005-11-01,12.9,999.5,65.5,1.97,173.5,392.4
Incheon,2005-12-01,9.4,1002.9,69.4,1.7,161.5,282.9
Incheon,2006-01-01,8.9,998.6,63.7,2.9,165.2,175.2
Incheon,2006-02-01,9.2,1005.5,53.4,2.22,124.1,244.9
Incheon,2006-03-01,12.4,1003.5,52.3,3.09,147.7,317.0
Incheon,2006-04-01,17.2,1008.2,49.5,2.28,166.0,323.4
Incheon,2006-05-01,20.8,1000.4,56.8,1.97,178.5,403.8
Incheon,2006-06-01,27.6,1000.3,62.9,1.96,245.5,513.5
Incheon,2006-07-01,27.8,1000.0,63.1,2.26,220.6,475.7
Incheon,2006-08-01,26.4,1005.5,73.6,2.3,225.8,517.4
Incheon,2006-09-01,23.0,996.2,72.0,2.21,211.0,490.3
Incheon,2006-10-01,20.2,995.7,80.8,3.38,142.3,484.1
Incheon,2006-11-01,12.6,999.7,75.0,2.61,150.4,301.2
Incheon,2006-12-01,8.3,1005.8,69.6,2.63,112.0,227.0
Incheon,2007-01-01,7.6,1009.6,61.2,2.3,139.0,170.2
Incheon,2007-02-01,8.5,1002.3,57.4,2.09,163.4,140.5
Incheon,2007-03-01,11.4,1006.6,53.4,2.88,117.9,255.2
Incheon,2007-04-01,16.4,995.5,53.9,3.01,178.0,274.9
Incheon,2007-05-01,23.7,1010.1,53.9,2.77,177.5,380.1
Incheon,2007-06-01,27.6,1000.2,62.5,1.85,246.8,443.3
Incheon,2007-07-01,28.8,1002.5,67.3,2.68,228.4,508.0
Incheon,2007-08-01,26.6,1009.6,66.8,2.75,230.3,562.0
Incheon,2007-09-01,22.4,1010.0,75.2,2.61,283.7,557.7
Incheon,2007-10-01,16.1,998.3,76.7,2.86,209.2,420.8
Incheon,2007-11-01,12.4,997.6,73.1,2.7,170.6,421.3
Incheon,2007-12-01,9.4,997.3,72.3,2.21,176.3,302.6
Incheon,2008-01-01,9.1,1006.7,62.3,2.54,116.5,247.1
Incheon,2008-02-01,9.7,1004.0,58.8,2.35,94.9,360.7
Incheon,2008-03-01,13.4,1001.7,45.7,2.31,133.2,299.3
Incheon,2008-04-01,18.6,1008.6,51.2,3.11,130.2,354.6
Incheon,2008-05-01,22.5,990.6,45.3,2.89,227.2,398.9
Incheon,2008-06-01,26.0,1011.7,64.8,2.4,177.6,582.8
Incheon,2008-07-01,27.5,996.9,65.5,2.36,260.9,543.8
Incheon,2008-08-01,24.7,1002.8,69.3,1.72,234.2,627.7
Incheon,2008-09-01,22.6,1002.7,71.8,1.98,222.6,473.0
Incheon,2008-10-01,17.9,998.3,75.7,1.82,183.3,571.4
Incheon,2008-11-01,13.7,1003.5,71.8,3.33,195.8,364.4
Incheon,2008-12-01,12.8,1001.7,70.2,1.88,185.1,224.6
Incheon,2009-01-01,9.7,1002.6,60.3,2.48,93.0,292.9
Incheon,2009-02-01,9.6,1001.3,56.5,2.36,99.2,98.6
Incheon,2009-03-01,13.6,1006.4,61.5,2.71,170.8,355.2
Incheon,2009-04-01,19.1,1005.5,51.8,2.32,91.1,413.4
Incheon,2009-05-01,23.7,997.8,59.7,2.83,185.2,485.5
Incheon,2009-06-01,26.2,1004.8,61.0,1.77,250.2,456.4
Incheon,2009-07-01,26.0,1005.7,61.1,1.91,218.8,576.1
Incheon,2009-08-01,26.7,998.5,69.9,2.59,203.5,526.6
Incheon,2009-09-01,22.7,996.5,69.8,2.33,195.6,519.5
Incheon,2009-10-01,17.4,1005.1,82.2,2.44,213.1,562.9
Incheon,2009-11-01,14.2,1004.1,79.9,2.6,175.5,500.8
Incheon,2009-12-01,8.7,1000.3,72.9,1.88,153.2,379.0
Incheon,2010-01-01,11.2,1006.3,67.0,2.8,141.0,349.8
Incheon,2010-02-01,12.5,1001.1,68.1,2.41,146.5,178.7
Incheon,2010-03-01,12.6,994.7,57.9,2.56,133.6,301.8
Incheon,2010-04-01,18.1,1001.8,55.1,2.53,180.7,372.3
Incheon,2010-05-01,24.4,1000.2,52.2,2.38,153.8,298.9
Incheon,2010-06-01,25.8,1002.5,54.4,2.55,241.0,410.2
Incheon,2010-07-01,29.7,1003.9,66.5,2.62,207.4,615.3
Incheon,2010-08-01,27.0,998.1,71.7,1.84,255.2,590.0
Incheon,2010-09-01,23.6,999.6,74.0,2.18,232.4,564.8
Incheon,2010-10-01,17.3,1000.9,74.3,2.57,175.5,540.6
Incheon,2010-11-01,14.5,1005.5,81.0,2.57,168.9,436.7
Incheon,2010-12-01,9.6,1004.5,71.7,1.9,147.7,323.3
Incheon,2011-01-01,8.5,1004.2,67.3,3.12,124.5,239.3
Incheon,2011-02-01,8.6,1003.1,60.6,2.43,115.2,240.3
Incheon,2011-03-01,13.4,1006.2,52.4,2.17,114.8,179.8
Incheon,2011-04-01,16.4,1002.4,51.0,2.73,171.2,354.3
Incheon,2011-05-01,23.1,1005.9,59.1,2.42,172.5,332.3
Incheon,2011-06-01,26.0,1001.2,53.5,2.05,226.3,486.1
Incheon,2011-07-01,27.7,1004.8,60.6,2.77,223.5,619.6
Incheon,2011-08-01,25.6,1002.9,76.8,2.28,267.5,523.5
Incheon,2011-09-01,19.3,1004.7,70.8,2.2,207.7,527.4
Incheon,2011-10-01,17.8,1000.2,82.9,1.98,211.8,561.0
Incheon,2011-11-01,12.3,1005.8,73.5,2.59,194.2,440.3
Incheon,2011-12-01,10.1,1002.5,78.6,2.86,126.3,283.2
Incheon,2012-01-01,8.1,1009.8,63.6,2.82,172.4,193.1
Incheon,2012-02-01,10.0,1002.5,58.2,2.43,124.1,184.1
Incheon,2012-03-01,12.8,996.1,55.7,2.29,106.6,341.9
Incheon,2012-04-01,18.3,1002.4,48.7,2.29,86.0,242.3
Incheon,2012-05-01,24.3,1001.0,57.0,2.86,181.6,549.6
Incheon,2012-06-01,29.8,998.4,64.9,1.99,179.3,530.0
Incheon,2012-07-01,28.1,1001.2,69.5,2.65,266.2,549.6
Incheon,2012-08-01,26.8,1001.2,71.5,2.67,225.9,555.6
Incheon,2012-09-01,25.0,1004.6,73.9,2.66,249.1,592.3
Incheon,2012-10-01,16.6,995.7,73.3,2.3,208.3,442.4
Incheon,2012-11-01,12.3,1004.2,77.8,2.36,149.1,393.5
Incheon,2012-12-01,10.0,1005.8,62.5,2.09,150.4,321.0
Incheon,2013-01-01,5.6,996.2,64.0,1.29,134.1,292.7
Incheon,2013-02-01,8.6,1002.7,54.4,2.28,88.4,232.9
Incheon,2013-03-01,13.9,1005.3,49.5,2.33,154.2,200.9
Incheon,2013-04-01,20.3,1007.3,45.3,2.1,179.3,258.3
Incheon,2013-05-01,23.8,1003.7,58.4,2.85,180.2,259.8
Incheon,2013-06-01,27.9,1008.5,60.2,2.14,208.7,511.1
Incheon,2013-07-01,29.7,1004.3,59.4,2.74,235.7,603.2
Incheon,2013-08-01,27.3,1005.2,75.3,2.47,180.7,545.6
Incheon,2013-09-01,22.8,1004.2,74.0,2.78,226.7,545.9
Incheon,2013-10-01,17.7,1009.2,73.2,2.49,197.2,382.6
Incheon,2013-11-01,9.5,1004.4,73.3,1.66,160.0,355.1
Incheon,2013-12-01,10.9,1007.3,71.6,2.72,145.7,336.1
Incheon,2014-01-01,3.8,1001.7,66.7,2.22,138.6,279.8
Incheon,2014-02-01,8.8,1005.2,64.4,3.65,128.1,141.9
Incheon,2014-03-01,11.4,997.9,52.6,2.52,122.4,289.6
Incheon,2014-04-01,18.4,1006.1,55.3,2.31,188.3,281.3
Incheon,2014-05-01,23.7,1000.8,53.4,2.14,186.7,476.0
Incheon,2014-06-01,22.5,1002.8,60.6,2.36,209.4,570.7
Incheon,2014-07-01,29.7,1007.0,58.7,2.69,207.6,484.8
Incheon,2014-08-01,25.1,1002.6,69.5,2.39,212.9,556.3
Incheon,2014-09-01,23.4,1000.7,75.4,2.33,202.8,666.8
Incheon,2014-10-01,17.9,996.9,75.2,2.93,230.8,474.7
Incheon,2014-11-01,14.2,1000.0,76.5,2.52,137.8,388.6
Incheon,2014-12-01,11.0,1007.3,69.3,3.12,166.6,285.4
Incheon,2015-01-01,7.4,1005.5,62.1,1.52,162.4,235.7
Incheon,2015-02-01,4.5,1006.3,58.8,1.96,109.7,222.0
Incheon,2015-03-01,11.7,1001.2,51.6,2.35,110.7,299.7
Incheon,2015-04-01,18.3,1003.2,50.9,2.32,134.3,285.8
Incheon,2015-05-01,22.5,999.9,48.1,2.5,192.6,415.4
Incheon,2015-06-01,27.1,1005.9,61.6,2.16,239.5,460.4
Incheon,2015-07-01,27.2,1003.0,63.9,3.1,202.9,522.1
Incheon,2015-08-01,25.8,999.8,68.5,2.92,268.0,573.6
Incheon,2015-09-01,20.9,1001.7,68.2,2.31,269.2,594.8
Incheon,2015-10-01,17.5,1009.2,73.6,2.83,199.1,488.5
Incheon,2015-11-01,12.0,993.5,76.9,2.74,195.6,322.1
Incheon,2015-12-01,8.2,995.5,71.7,2.52,142.9,341.5
Incheon,2016-01-01,7.1,1001.3,61.7,2.97,127.1,277.4
Incheon,2016-02-01,9.7,1002.5,57.1,2.36,92.3,373.1
Incheon,2016-03-01,12.9,1002.6,53.9,1.95,181.8,230.9
Incheon,2016-04-01,17.5,1002.5,47.6,2.87,120.1,275.4
Incheon,2016-05-01,25.3,1002.2,58.0,1.85,201.5,324.4
Incheon,2016-06-01,26.8,998.8,55.7,2.15,141.2,528.9
Incheon,2016-07-01,28.7,1003.2,68.5,1.98,231.8,596.3
Incheon,2016-08-01,28.5,1003.7,78.4,2.88,210.3,501.3
Incheon,2016-09-01,23.4,1002.1,67.0,2.77,256.8,590.5
Incheon,2016-10-01,15.6,1011.7,81.4,2.24,191.4,500.4
Incheon,2016-11-01,12.6,999.3,71.7,1.91,178.8,390.1
Incheon,2016-12-01,10.7,1003.4,70.3,2.4,167.8,285.3
Incheon,2017-01-01,6.7,1003.9,68.0,1.94,91.1,207.1
Incheon,2017-02-01,7.1,1002.1,57.3,3.06,101.6,140.7
Incheon,2017-03-01,12.7,1007.7,57.6,2.1,146.6,278.6
Incheon,2017-04-01,16.2,1002.5,52.1,1.96,138.1,269.7
Incheon,2017-05-01,23.9,999.5,58.5,2.26,140.1,400.9
Incheon,2017-06-01,23.5,1006.4,53.3,2.84,191.7,457.5
Incheon,2017-07-01,28.9,1005.5,66.9,2.34,195.8,591.8
Incheon,2017-08-01,26.0,1002.6,76.8,2.24,198.3,571.6
Incheon,2017-09-01,24.1,1011.0,70.0,2.97,208.6,544.9
Incheon,2017-10-01,16.7,1002.1,78.6,3.03,206.7,593.8
Incheon,2017-11-01,14.2,1003.3,76.1,2.54,183.7,395.6
Incheon,2017-12-01,9.2,1014.2,68.7,2.17,137.4,432.4
Incheon,2018-01-01,8.7,1008.4,69.3,2.48,81.4,250.1
Incheon,2018-02-01,9.0,1004.1,53.1,2.06,148.9,255.3
Incheon,2018-03-01,15.5,1006.2,49.5,2.03,143.4,300.8
Incheon,2018-04-01,18.3,1005.2,54.1,2.74,109.3,302.1
Incheon,2018-05-01,23.4,1005.9,55.1,2.19,189.1,226.2
Incheon,2018-06-01,28.4,1003.4,62.1,2.27,212.9,452.1
Incheon,2018-07-01,30.4,1007.6,61.7,2.53,216.1,581.4
Incheon,2018-08-01,27.7,997.1,73.5,3.26,218.3,576.4
Incheon,2018-09-01,24.0,1007.7,71.9,2.32,230.3,618.0
Incheon,2018-10-01,18.7,1005.8,91.1,1.88,194.1,477.2
Incheon,2018-11-01,13.0,998.5,74.8,2.38,136.8,442.7
Incheon,2018-12-01,5.5,1001.7,73.6,2.69,138.3,342.5
Incheon,2019-01-01,5.8,1001.6,68.2,2.94,90.0,319.2
Incheon,2019-02-01,10.7,998.3,58.3,2.66,136.2,157.0
Incheon,2019-03-01,13.7,1005.2,58.3,1.89,125.0,241.8
Incheon,2019-04-01,18.7,1000.1,52.4,2.54,124.5,298.4
Incheon,2019-05-01,23.1,998.2,60.2,3.27,206.9,398.1
Incheon,2019-06-01,24.5,1001.5,56.5,2.59,179.1,449.1
Incheon,2019-07-01,27.7,1004.3,59.4,2.35,201.6,661.4
Incheon,2019-08-01,27.7,1004.9,77.0,2.84,224.2,589.8
Incheon,2019-09-01,21.3,1004.9,69.4,2.91,223.2,488.5
Incheon,2019-10-01,16.5,1005.5,76.5,1.88,220.2,424.0
Incheon,2019-11-01,14.3,999.7,73.2,2.76,169.5,434.6
Incheon,2019-12-01,8.3,1004.6,70.7,2.33,142.6,284.4
Incheon,2020-01-01,8.7,1005.2,61.5,2.46,117.7,257.6
Incheon,2020-02-01,11.4,1001.3,58.4,2.32,123.9,254.4
Incheon,2020-03-01,13.3,1003.2,55.5,2.41,134.5,324.4
Incheon,2020-04-01,17.5,1014.1,54.6,2.85,142.3,250.4
Incheon,2020-05-01,24.1,1001.3,53.9,2.69,201.0,339.6
Incheon,2020-06-01,25.6,1001.0,64.5,2.64,188.2,485.6
Incheon,2020-07-01,27.2,1004.9,62.9,1.84,244.9,471.1
Incheon,2020-08-01,25.8,1006.4,71.4,2.16,251.4,608.8
Incheon,2020-09-01,26.2,995.3,74.9,2.17,245.6,542.8
Incheon,2020-10-01,16.8,1012.1,84.9,2.91,207.9,560.0
Incheon,2020-11-01,10.5,998.6,75.3,1.67,203.6,303.8
Incheon,2020-12-01,8.0,1007.0,69.8,2.1,90.3,178.9
Incheon,2021-01-01,11.3,1006.9,64.0,2.5,127.7,210.0
Incheon,2021-02-01,9.8,1004.0,57.3,2.33,143.0,112.5
Incheon,2021-03-01,13.0,1009.2,54.3,2.31,136.3,255.2
Incheon,2021-04-01,18.7,1002.2,50.4,2.59,140.4,269.7
Incheon,2021-05-01,21.2,1001.4,58.7,2.47,198.6,406.6
Incheon,2021-06-01,28.3,999.5,61.4,2.66,202.4,546.2
Incheon,2021-07-01,29.6,1003.4,63.7,2.38,245.2,558.7
Incheon,2021-08-01,29.4,999.7,71.8,2.52,261.3,625.0
Incheon,2021-09-01,24.6,1008.6,80.1,2.68,251.1,639.6
Incheon,2021-10-01,15.9,999.1,75.2,2.29,218.2,534.6
Incheon,2021-11-01,11.2,998.1,75.9,2.69,195.1,352.7
Incheon,2021-12-01,9.4,1004.7,69.2,2.48,109.2,322.2
Incheon,2022-01-01,5.9,1004.5,65.3,2.43,160.0,237.1
Incheon,2022-02-01,8.3,1005.4,66.2,2.23,113.9,279.1
Incheon,2022-03-01,15.4,1000.2,55.3,1.95,129.3,226.6
Incheon,2022-04-01,17.9,1001.8,51.7,2.77,102.4,190.9
Incheon,2022-05-01,23.2,1002.8,51.4,3.02,171.9,396.8
Incheon,2022-06-01,26.3,1003.8,61.6,2.44,195.6,509.5
Incheon,2022-07-01,29.9,1001.5,62.0,2.99,212.7,526.9
Incheon,2022-08-01,26.8,1001.4,71.9,2.94,214.1,558.9
Incheon,2022-09-01,22.8,1001.1,79.3,1.92,209.6,563.3
Incheon,2022-10-01,16.5,995.3,78.6,1.65,220.5,381.8
Incheon,2022-11-01,15.6,999.3,76.4,2.35,210.7,436.0
Incheon,2022-12-01,10.5,1003.8,68.1,2.34,145.6,311.3
Incheon,2023-01-01,8.2,1001.4,67.9,2.86,100.5,352.4
Incheon,2023-02-01,8.8,1001.6,57.2,2.44,111.8,212.0
Incheon,2023-03-01,13.1,1002.6,59.2,1.96,147.2,209.8
Incheon,2023-04-01,17.7,1000.1,58.2,2.14,155.6,323.0
Incheon,2023-05-01,23.4,1000.5,60.7,2.6,171.7,392.1
Incheon,2023-06-01,25.9,1002.8,64.1,1.92,213.5,422.2
Incheon,2023-07-01,29.0,1003.3,66.0,2.64,166.8,541.5
Incheon,2023-08-01,26.0,1008.7,71.3,2.35,235.0,409.0
Incheon,2023-09-01,20.8,1008.5,77.8,3.31,237.8,477.3
Incheon,2023-10-01,17.4,1002.5,76.0,2.72,226.0,560.0
Incheon,2023-11-01,14.9,1003.3,71.1,2.16,168.1,387.0
Incheon,2023-12-01,8.6,1008.3,69.0,2.1,180.9,274.9
Incheon,2024-01-01,10.2,1005.0,73.0,2.78,145.6,322.8
Incheon,2024-02-01,9.8,1004.6,58.9,2.3,98.3,267.4
Incheon,2024-03-01,12.1,997.3,54.6,2.09,74.6,328.6
Incheon,2024-04-01,18.0,1011.0,53.0,2.75,138.0,313.3
Incheon,2024-05-01,22.4,1007.2,54.8,2.96,186.8,426.1
Incheon,2024-06-01,25.9,1001.9,62.4,1.73,166.8,527.1
Incheon,2024-07-01,28.5,1003.2,66.5,2.27,242.6,654.3
Incheon,2024-08-01,24.5,1006.8,76.3,2.47,274.5,652.7
Incheon,2024-09-01,23.7,1002.1,78.2,2.85,273.6,510.9
Incheon,2024-10-01,18.6,1004.8,83.6,3.1,198.8,484.7
Incheon,2024-11-01,12.7,1002.3,76.9,2.7,151.6,412.3
Incheon,2024-12-01,6.5,999.0,70.6,1.94,108.7,318.0
Incheon,2025-01-01,5.6,1001.4,61.4,2.92,155.6,234.9
Incheon,2025-02-01,10.0,998.7,60.6,3.17,84.6,151.1
Incheon,2025-03-01,12.3,1001.9,56.2,3.22,127.4,328.0
Incheon,2025-04-01,17.2,995.6,58.1,2.35,124.2,325.7
Incheon,2025-05-01,22.3,998.8,54.4,2.6,224.9,390.4
Incheon,2025-06-01,29.5,997.6,61.5,2.63,241.7,543.4
Incheon,2025-07-01,27.8,996.9,59.7,3.05,236.7,615.8
Incheon,2025-08-01,25.9,997.6,65.6,2.82,236.0,614.2
Incheon,2025-09-01,22.7,1006.4,77.5,1.93,249.2,555.8
Incheon,2025-10-01,17.5,999.1,72.0,3.05,236.4,391.5
Incheon,2025-11-01,15.2,1007.7,75.1,2.05,223.8,266.3
Incheon,2025-12-01,8.7,998.2,74.3,2.6,108.2,186.0
Daejeon,2001-01-01,7.7,1003.3,66.3,3.15,153.1,224.0
Daejeon,2001-02-01,9.9,1003.2,54.3,1.95,161.1,223.6
Daejeon,2001-03-01,9.8,994.9,55.3,2.55,160.1,204.8
Daejeon,2001-04-01,16.4,1001.4,43.5,2.4,172.4,211.5
Daejeon,2001-05-01,25.3,1003.1,50.7,2.87,248.2,429.0
Daejeon,2001-06-01,22.6,1001.4,55.4,2.99,205.0,465.7
Daejeon,2001-07-01,27.0,1011.2,65.6,2.86,205.2,587.4
Daejeon,2001-08-01,27.3,1012.3,71.1,2.87,259.1,685.8
Daejeon,2001-09-01,25.2,1007.7,77.4,2.19,234.4,544.7
Daejeon,2001-10-01,23.5,1001.5,72.5,2.59,221.3,462.2
Daejeon,2001-11-01,11.8,1008.5,78.5,2.82,163.4,455.1
Daejeon,2001-12-01,11.8,992.8,73.9,2.82,135.6,284.2
Daejeon,2002-01-01,7.2,1002.6,62.4,3.15,118.2,264.8
Daejeon,2002-02-01,8.4,1004.3,54.8,1.69,106.3,138.0
Daejeon,2002-03-01,14.7,1005.1,59.7,2.46,107.3,269.3
Daejeon,2002-04-01,15.8,1006.5,54.9,2.28,173.3,257.6
Daejeon,2002-05-01,17.9,995.2,56.0,2.59,154.3,424.6
Daejeon,2002-06-01,26.6,999.4,59.3,2.65,184.5,479.3
Daejeon,2002-07-01,27.8,1006.5,66.8,2.55,259.0,591.6
Daejeon,2002-08-01,25.2,1002.0,71.3,2.57,251.8,592.0
Daejeon,2002-09-01,25.7,1007.2,72.8,2.28,273.5,584.0
Daejeon,2002-10-01,17.4,1002.6,73.3,2.2,268.9,504.0
Daejeon,2002-11-01,14.9,1001.4,69.6,3.03,160.7,346.6
Daejeon,2002-12-01,8.3,995.7,69.1,2.4,103.4,292.2
Daejeon,2003-01-01,10.6,999.2,61.2,2.02,120.3,352.3
Daejeon,2003-02-01,8.9,1001.8,47.6,2.14,141.6,292.1
Daejeon,2003-03-01,16.3,1001.2,55.1,2.39,133.2,188.9
Daejeon,2003-04-01,16.8,1001.5,49.0,2.45,199.4,177.4
Daejeon,2003-05-01,23.0,1003.5,54.0,2.65,133.0,446.6
Daejeon,2003-06-01,25.9,1015.6,63.5,2.17,225.7,530.4
Daejeon,2003-07-01,26.0,999.8,59.4,2.42,267.4,471.2
Daejeon,2003-08-01,24.2,1002.6,67.0,2.32,218.9,606.0
Daejeon,2003-09-01,24.8,1002.1,69.5,1.86,245.1,449.2
Daejeon,2003-10-01,18.3,1003.1,79.7,2.48,167.9,391.9
Daejeon,2003-11-01,13.6,1005.6,72.2,2.02,189.6,396.0
Daejeon,2003-12-01,9.4,998.3,69.6,2.08,124.5,295.6
Daejeon,2004-01-01,8.3,994.0,67.2,1.65,92.7,213.3
Daejeon,2004-02-01,12.0,1004.0,52.5,2.07,123.9,191.7
Daejeon,2004-03-01,9.9,1004.7,53.2,2.47,122.7,204.5
Daejeon,2004-04-01,17.8,1000.7,52.0,2.57,140.4,318.8
Daejeon,2004-05-01,22.3,1000.9,56.0,2.17,254.0,360.2
Daejeon,2004-06-01,24.1,1007.9,56.6,2.32,203.5,500.9
Daejeon,2004-07-01,28.6,1003.6,71.9,2.62,238.8,562.4
Daejeon,2004-08-01,27.8,1002.3,72.3,3.47,201.5,637.5
Daejeon,2004-09-01,23.2,1002.8,72.9,2.75,218.6,595.1
Daejeon,2004-10-01,15.1,997.1,82.3,2.57,195.3,398.9
Daejeon,2004-11-01,11.4,1005.3,77.9,2.27,174.3,444.9
Daejeon,2004-12-01,12.6,998.2,66.9,2.01,139.6,251.3
Daejeon,2005-01-01,6.7,1004.5,68.5,1.83,99.5,167.4
Daejeon,2005-02-01,10.2,999.9,56.1,2.28,172.0,295.0
Daejeon,2005-03-01,14.1,1009.8,53.4,2.5,131.2,348.5
Daejeon,2005-04-01,20.9,996.3,50.4,1.98,154.2,378.1
Daejeon,2005-05-01,22.6,1006.0,63.6,2.16,178.9,407.8
Daejeon,2005-06-01,27.5,998.0,60.3,2.39,164.3,496.6
Daejeon,2005-07-01,29.1,998.3,68.7,2.1,201.4,665.4
Daejeon,2005-08-01,28.2,1007.0,70.9,1.98,280.6,562.4
Daejeon,2005-09-01,18.5,1001.5,75.7,2.25,243.5,594.2
Daejeon,2005-10-01,19.5,997.6,77.7,1.78,184.3,368.9
Daejeon,2005-11-01,15.6,1004.8,83.6,2.15,180.0,362.0
Daejeon,2005-12-01,10.9,1001.6,68.1,2.86,217.5,282.1
Daejeon,2006-01-01,8.9,993.1,63.5,2.33,159.8,244.4
Daejeon,2006-02-01,8.9,1002.6,61.2,1.61,113.9,191.5
Daejeon,2006-03-01,14.1,1008.6,53.3,1.97,146.9,153.8
Daejeon,2006-04-01,18.2,1005.1,53.2,2.12,161.9,308.2
Daejeon,2006-05-01,22.9,996.0,53.0,2.66,200.9,406.5
Daejeon,2006-06-01,27.8,1001.9,64.5,2.67,229.5,584.2
Daejeon,2006-07-01,31.1,1003.7,60.2,2.48,233.3,584.2
Daejeon,2006-08-01,28.2,1010.1,75.2,3.07,244.2,580.2
Daejeon,2006-09-01,23.0,1005.0,71.5,2.26,217.8,586.2
Daejeon,2006-10-01,16.2,1005.4,72.2,3.05,228.4,532.5
Daejeon,2006-11-01,9.3,1008.5,74.2,2.45,173.1,368.6
Daejeon,2006-12-01,9.8,1007.9,73.3,1.72,149.9,483.9
Daejeon,2007-01-01,7.1,1009.1,60.2,2.36,128.6,312.8
Daejeon,2007-02-01,6.6,1008.4,57.9,2.82,135.5,364.6
Daejeon,2007-03-01,13.6,1010.2,54.4,2.96,142.9,242.2
Daejeon,2007-04-01,18.4,1001.7,50.5,2.74,119.1,296.9
Daejeon,2007-05-01,24.3,1003.0,56.2,2.07,128.8,448.6
Daejeon,2007-06-01,23.8,1012.2,54.6,2.43,179.5,492.5
Daejeon,2007-07-01,25.6,1006.6,63.3,2.85,201.9,568.7
Daejeon,2007-08-01,28.1,1004.4,71.0,3.01,258.1,618.7
Daejeon,2007-09-01,25.7,1004.8,82.5,1.17,227.1,622.0
Daejeon,2007-10-01,16.0,995.7,78.4,2.87,198.1,521.3
Daejeon,2007-11-01,13.4,996.0,69.6,2.32,186.8,361.0
Daejeon,2007-12-01,9.6,1005.8,74.5,2.69,104.4,202.8
Daejeon,2008-01-01,7.7,998.6,67.0,1.86,137.7,131.4
Daejeon,2008-02-01,7.0,997.1,59.8,1.8,77.6,227.1
Daejeon,2008-03-01,13.7,999.0,53.7,1.87,106.9,249.5
Daejeon,2008-04-01,22.9,1001.3,48.0,2.74,138.8,298.5
Daejeon,2008-05-01,20.8,1005.2,54.9,2.3,137.0,432.4
Daejeon,2008-06-01,27.9,1002.5,55.4,2.27,195.9,523.8
Daejeon,2008-07-01,27.4,1003.5,62.3,1.64,234.0,586.8
Daejeon,2008-08-01,26.8,997.8,72.4,2.49,257.0,550.7
Daejeon,2008-09-01,20.1,1009.0,72.3,2.49,216.0,542.6
Daejeon,2008-10-01,15.5,1000.2,73.3,2.51,194.4,494.6
Daejeon,2008-11-01,16.1,1001.0,80.7,2.5,206.9,421.7
Daejeon,2008-12-01,7.0,1002.7,66.7,2.12,156.2,336.6
Daejeon,2009-01-01,6.4,1011.0,63.2,3.2,104.5,278.3
Daejeon,2009-02-01,10.6,1004.0,59.0,2.66,113.5,247.9
Daejeon,2009-03-01,13.3,997.5,53.9,2.08,94.9,182.8
Daejeon,2009-04-01,17.8,1001.3,57.1,2.82,169.9,371.3
Daejeon,2009-05-01,25.8,995.7,51.9,2.29,196.3,464.5
Daejeon,2009-06-01,26.3,1006.8,57.8,2.83,205.8,361.6
Daejeon,2009-07-01,26.8,998.5,64.9,2.89,207.7,555.9
Daejeon,2009-08-01,28.1,1008.1,73.5,1.67,226.8,621.8
Daejeon,2009-09-01,25.6,1002.0,79.3,2.76,195.2,538.8
Daejeon,2009-10-01,18.1,1006.2,71.1,2.32,220.0,534.7
Daejeon,2009-11-01,11.9,1002.6,71.3,2.57,179.8,367.2
Daejeon,2009-12-01,8.5,1005.6,68.5,2.64,163.8,435.3
Daejeon,2010-01-01,5.4,1004.1,61.6,3.02,140.6,372.6
Daejeon,2010-02-01,6.7,1005.7,56.4,2.32,90.5,219.4
Daejeon,2010-03-01,13.0,1004.9,51.8,2.08,72.8,269.3
Daejeon,2010-04-01,19.1,1012.5,53.5,2.45,159.0,204.9
Daejeon,2010-05-01,19.0,1003.6,56.0,2.31,224.8,407.9
Daejeon,2010-06-01,23.8,999.1,52.9,2.35,215.2,459.8
Daejeon,2010-07-01,28.1,1000.3,75.7,1.99,226.7,452.7
Daejeon,2010-08-01,23.6,1005.2,69.7,1.97,236.2,536.6
Daejeon,2010-09-01,21.9,1004.6,83.3,2.25,211.9,603.9
Daejeon,2010-10-01,15.9,1008.7,81.3,2.37,229.9,421.3
Daejeon,2010-11-01,13.7,1004.3,75.8,2.73,184.9,373.5
Daejeon,2010-12-01,8.4,1005.4,71.6,2.81,169.0,356.0
Daejeon,2011-01-01,9.7,1007.1,64.6,2.11,126.7,139.6
Daejeon,2011-02-01,7.8,1002.2,59.1,2.38,108.8,173.6
Daejeon,2011-03-01,9.6,997.7,56.1,2.36,154.8,264.0
Daejeon,2011-04-01,17.2,1003.1,52.7,3.48,139.7,337.0
Daejeon,2011-05-01,23.8,999.2,54.4,2.81,166.1,255.2
Daejeon,2011-06-01,25.4,1002.1,58.5,1.75,205.8,511.8
Daejeon,2011-07-01,27.2,1003.3,66.6,2.4,208.4,552.8
Daejeon,2011-08-01,27.4,1003.7,65.3,2.43,260.3,640.8
Daejeon,2011-09-01,21.7,1005.9,77.2,2.32,229.0,552.8
Daejeon,2011-10-01,14.2,1006.0,72.2,2.26,256.2,550.6
Daejeon,2011-11-01,13.6,1000.3,78.2,2.63,178.6,314.3
Daejeon,2011-12-01,8.9,1006.1,68.9,2.23,136.7,377.9
Daejeon,2012-01-01,10.2,1007.7,54.8,2.05,113.3,219.2
Daejeon,2012-02-01,9.6,1002.0,57.9,2.73,144.9,204.3
Daejeon,2012-03-01,13.9,1002.3,51.8,2.9,94.1,208.3
Daejeon,2012-04-01,19.3,1005.0,48.1,2.14,143.5,377.6
Daejeon,2012-05-01,21.7,1004.5,57.0,2.26,200.8,469.7
Daejeon,2012-06-01,24.8,1002.1,56.4,2.62,203.6,540.3
Daejeon,2012-07-01,27.1,997.1,64.7,2.21,271.8,471.7
Daejeon,2012-08-01,25.5,1003.3,77.2,1.67,197.0,547.8
Daejeon,2012-09-01,22.6,1009.4,79.0,2.08,210.6,564.6
Daejeon,2012-10-01,20.7,1002.9,82.6,2.1,175.7,453.4
Daejeon,2012-11-01,14.0,997.9,78.6,2.18,228.9,513.9
Daejeon,2012-12-01,8.3,1006.7,71.6,2.32,163.9,268.0
Daejeon,2013-01-01,7.2,1006.8,65.2,1.97,121.3,157.5
Daejeon,2013-02-01,8.7,1004.8,62.6,2.45,138.2,291.6
Daejeon,2013-03-01,10.4,1010.7,46.4,2.15,100.3,305.8
Daejeon,2013-04-01,16.4,1008.0,55.2,2.4,175.5,269.7
Daejeon,2013-05-01,21.9,1001.1,51.2,3.09,136.9,322.7
Daejeon,2013-06-01,27.9,1006.4,61.5,2.07,216.8,476.0
Daejeon,2013-07-01,27.2,1008.0,68.6,2.2,258.0,583.8
Daejeon,2013-08-01,27.2,1001.6,70.7,2.61,268.9,598.5
Daejeon,2013-09-01,22.5,1006.7,73.5,2.52,229.0,508.6
Daejeon,2013-10-01,20.8,1001.3,81.8,2.42,181.1,478.9
Daejeon,2013-11-01,12.2,996.1,82.8,2.3,164.0,383.3
Daejeon,2013-12-01,10.5,1006.7,75.4,2.6,162.5,261.1
Daejeon,2014-01-01,4.8,1007.9,60.9,2.94,137.3,180.1
Daejeon,2014-02-01,10.4,999.5,59.4,2.24,163.1,92.6
Daejeon,2014-03-01,15.3,1000.5,53.2,1.88,125.3,275.1
Daejeon,2014-04-01,16.4,998.0,49.4,2.62,156.9,357.4
Daejeon,2014-05-01,21.5,996.7,55.3,2.8,162.1,448.9
Daejeon,2014-06-01,25.8,1005.4,54.9,2.11,200.7,498.5
Daejeon,2014-07-01,27.3,1003.1,64.5,2.71,218.1,648.0
Daejeon,2014-08-01,27.7,1002.9,69.9,2.6,272.2,614.6
Daejeon,2014-09-01,21.7,1005.3,76.9,1.95,237.5,534.1
Daejeon,2014-10-01,19.4,1002.6,78.5,1.71,243.5,470.7
Daejeon,2014-11-01,14.1,1004.5,80.8,2.35,207.2,456.1
Daejeon,2014-12-01,12.0,1007.6,66.8,1.82,144.2,497.6
Daejeon,2015-01-01,6.8,1009.3,68.0,2.9,106.8,253.9
Daejeon,2015-02-01,11.6,996.7,59.2,2.73,110.6,204.3
Daejeon,2015-03-01,15.2,1004.4,56.4,1.89,151.9,97.4
Daejeon,2015-04-01,18.0,1007.5,59.4,2.21,118.1,352.3
Daejeon,2015-05-01,19.9,1002.7,58.0,3.19,180.2,443.2
Daejeon,2015-06-01,27.8,1000.2,54.8,2.16,228.0,581.0
Daejeon,2015-07-01,29.6,1009.9,67.6,2.02,206.5,615.6
Daejeon,2015-08-01,25.8,1002.4,72.9,2.19,265.4,600.6
Daejeon,2015-09-01,23.3,1004.3,72.1,2.86,242.4,498.0
Daejeon,2015-10-01,17.3,998.6,73.1,1.15,206.7,629.2
Daejeon,2015-11-01,11.4,998.6,70.8,2.33,186.3,439.8
Daejeon,2015-12-01,9.4,1006.1,65.8,1.65,148.4,235.1
Daejeon,2016-01-01,7.1,1004.0,61.7,2.45,137.1,164.3
Daejeon,2016-02-01,8.6,1005.0,61.3,2.68,157.4,218.0
Daejeon,2016-03-01,14.5,1002.5,56.3,2.6,163.8,146.3
Daejeon,2016-04-01,13.9,1003.7,51.9,1.71,151.8,313.9
Daejeon,2016-05-01,21.0,1007.5,51.0,2.18,167.1,366.2
Daejeon,2016-06-01,24.6,1003.4,56.3,2.18,206.4,619.5
Daejeon,2016-07-01,26.3,1001.1,68.7,3.2,231.7,598.3
Daejeon,2016-08-01,25.7,1000.4,75.7,1.96,216.9,554.4
Daejeon,2016-09-01,22.6,1004.6,78.2,2.22,226.1,645.0
Daejeon,2016-10-01,16.8,1004.0,78.1,2.82,269.9,485.6
Daejeon,2016-11-01,10.9,998.9,77.7,2.48,183.5,359.0
Daejeon,2016-12-01,12.6,1006.0,60.9,2.19,117.2,297.1
Daejeon,2017-01-01,5.0,1005.5,70.5,2.21,166.9,287.0
Daejeon,2017-02-01,8.9,1000.8,53.0,2.25,117.4,228.4
Daejeon,2017-03-01,13.0,1003.4,53.7,2.32,150.2,196.1
Daejeon,2017-04-01,19.1,1002.4,53.3,2.25,159.3,414.7
Daejeon,2017-05-01,24.8,999.2,58.9,2.69,186.9,380.3
Daejeon,2017-06-01,29.5,1002.7,57.6,2.56,228.4,443.1
Daejeon,2017-07-01,28.1,1004.6,63.2,1.62,288.8,541.9
Daejeon,2017-08-01,24.4,995.0,70.8,2.74,234.1,650.5
Daejeon,2017-09-01,22.0,1003.3,75.6,1.35,227.3,474.0
Daejeon,2017-10-01,20.5,1000.3,73.5,2.12,151.1,551.8
Daejeon,2017-11-01,15.7,994.9,75.6,2.65,176.6,389.1
Daejeon,2017-12-01,7.7,1004.7,71.0,2.66,194.0,218.2
Daejeon,2018-01-01,8.9,1002.6,72.1,2.43,112.2,260.4
Daejeon,2018-02-01,9.7,1000.1,57.4,2.57,144.5,168.5
Daejeon,2018-03-01,15.5,1007.8,54.0,2.85,128.7,191.8
Daejeon,2018-04-01,19.4,1008.7,51.1,2.03,164.5,356.9
Daejeon,2018-05-01,21.8,1002.4,50.3,1.98,187.8,457.5
Daejeon,2018-06-01,25.8,1007.1,59.8,1.84,195.9,500.0
Daejeon,2018-07-01,30.1,996.7,67.7,1.97,230.4,737.7
Daejeon,2018-08-01,25.3,1011.1,67.6,2.54,230.2,561.4
Daejeon,2018-09-01,23.5,1004.2,76.0,2.59,250.6,530.5
Daejeon,2018-10-01,18.4,1008.0,74.5,2.24,200.7,486.1
Daejeon,2018-11-01,12.1,1010.8,79.4,2.77,176.3,362.6
Daejeon,2018-12-01,10.3,1006.6,70.6,2.75,149.2,260.0
Daejeon,2019-01-01,6.9,1001.6,60.0,2.04,138.9,225.7
Daejeon,2019-02-01,9.4,1005.4,58.2,1.74,81.6,194.9
Daejeon,2019-03-01,12.4,1011.9,53.6,2.25,124.1,269.9
Daejeon,2019-04-01,17.2,997.5,53.4,2.04,176.9,279.5
Daejeon,2019-05-01,20.4,1011.8,53.1,2.35,260.0,345.1
Daejeon,2019-06-01,24.2,1003.0,59.9,2.84,195.8,509.6
Daejeon,2019-07-01,25.6,1008.4,67.2,2.27,210.1,575.7
Daejeon,2019-08-01,26.2,999.6,69.0,1.19,224.9,510.9
Daejeon,2019-09-01,22.3,1001.3,73.3,2.23,221.2,495.3
Daejeon,2019-10-01,18.1,1006.2,79.7,2.52,225.9,621.1
Daejeon,2019-11-01,11.3,999.7,81.6,2.27,210.6,322.8
Daejeon,2019-12-01,12.8,1005.2,70.3,2.06,152.6,173.7
Daejeon,2020-01-01,7.4,996.3,61.5,2.28,93.7,247.9
Daejeon,2020-02-01,8.6,1003.8,54.7,2.24,148.8,251.9
Daejeon,2020-03-01,13.5,1002.4,53.5,2.2,134.7,257.7
Daejeon,2020-04-01,17.8,994.0,47.4,2.67,172.4,269.4
Daejeon,2020-05-01,22.8,1004.2,57.4,2.3,170.2,392.3
Daejeon,2020-06-01,26.4,1008.4,60.9,3.16,170.7,418.1
Daejeon,2020-07-01,30.1,997.0,62.2,2.72,265.8,579.7
Daejeon,2020-08-01,24.7,998.4,69.0,2.58,252.5,542.0
Daejeon,2020-09-01,20.9,1001.7,69.9,1.68,200.9,568.9
Daejeon,2020-10-01,18.3,1003.4,75.2,2.69,169.8,543.4
Daejeon,2020-11-01,12.7,1002.5,79.6,2.05,179.3,317.7
Daejeon,2020-12-01,9.9,1005.7,69.8,2.29,197.6,252.9
Daejeon,2021-01-01,6.2,998.8,63.2,2.15,141.2,179.5
Daejeon,2021-02-01,7.0,1001.6,58.7,2.14,96.6,141.2
Daejeon,2021-03-01,12.4,1000.3,57.8,2.06,140.6,306.3
Daejeon,2021-04-01,15.8,1007.1,50.2,2.46,115.3,273.5
Daejeon,2021-05-01,23.4,999.1,52.9,1.99,207.0,393.1
Daejeon,2021-06-01,27.4,1006.9,55.3,1.73,218.8,456.4
Daejeon,2021-07-01,26.2,1003.2,62.1,2.62,210.8,647.6
Daejeon,2021-08-01,27.1,1000.6,73.4,1.66,248.4,555.3
Daejeon,2021-09-01,22.9,1006.0,74.9,2.59,174.7,496.9
Daejeon,2021-10-01,16.0,995.2,74.5,3.23,188.4,442.3
Daejeon,2021-11-01,14.9,1005.6,80.3,1.91,209.0,401.0
Daejeon,2021-12-01,6.5,998.7,67.1,1.96,127.0,282.2
Daejeon,2022-01-01,7.6,1005.2,64.2,2.45,197.2,298.8
Daejeon,2022-02-01,9.9,999.1,54.2,2.8,132.6,271.2
Daejeon,2022-03-01,13.3,1003.1,58.2,3.04,127.5,248.7
Daejeon,2022-04-01,17.8,1010.5,52.9,2.16,168.2,328.5
Daejeon,2022-05-01,22.2,999.4,54.8,2.57,212.1,399.4
Daejeon,2022-06-01,27.9,1007.6,62.8,2.21,212.7,512.8
Daejeon,2022-07-01,30.1,1002.9,71.6,2.07,269.2,665.4
Daejeon,2022-08-01,28.8,1004.7,72.2,2.1,258.3,667.5
Daejeon,2022-09-01,22.5,1007.5,70.8,2.41,216.7,632.5
Daejeon,2022-10-01,17.6,1003.9,79.0,2.48,229.0,487.5
Daejeon,2022-11-01,11.4,1005.7,76.1,2.4,179.9,345.2
Daejeon,2022-12-01,6.7,996.7,73.2,2.96,253.8,381.7
Daejeon,2023-01-01,8.8,998.7,61.1,2.79,126.6,250.2
Daejeon,2023-02-01,7.5,1001.6,54.1,2.63,136.5,142.4
Daejeon,2023-03-01,16.0,1007.6,55.0,2.23,129.7,249.0
Daejeon,2023-04-01,15.9,1002.0,49.3,1.94,103.3,269.8
Daejeon,2023-05-01,20.7,1002.5,57.6,2.69,183.7,425.5
Daejeon,2023-06-01,25.3,1002.8,60.7,1.83,201.1,415.2
Daejeon,2023-07-01,27.3,1002.8,65.9,2.47,230.2,493.9
Daejeon,2023-08-01,26.0,1003.1,69.5,2.83,232.3,565.9
Daejeon,2023-09-01,25.9,1002.2,74.5,2.42,235.6,505.0
Daejeon,2023-10-01,18.3,995.5,77.2,2.17,217.2,602.8
Daejeon,2023-11-01,15.3,1000.3,81.9,2.67,179.9,413.2
Daejeon,2023-12-01,8.4,1005.7,73.4,2.07,133.4,343.9
Daejeon,2024-01-01,7.9,1005.6,65.2,2.14,175.9,129.1
Daejeon,2024-02-01,7.4,1003.8,55.5,2.27,117.7,138.4
Daejeon,2024-03-01,12.0,1008.6,54.3,2.7,155.2,347.1
Daejeon,2024-04-01,20.5,995.7,54.2,1.78,109.4,321.6
Daejeon,2024-05-01,23.0,1006.4,51.4,2.58,150.1,389.3
Daejeon,2024-06-01,28.2,1000.0,55.5,2.34,225.8,442.9
Daejeon,2024-07-01,27.6,999.2,63.0,2.61,228.6,559.2
Daejeon,2024-08-01,28.8,1000.7,71.8,1.71,276.6,610.9
Daejeon,2024-09-01,22.1,997.6,73.7,2.91,231.3,537.5
Daejeon,2024-10-01,18.0,1004.1,76.0,2.48,171.9,529.9
Daejeon,2024-11-01,17.1,1003.9,85.3,2.01,218.2,330.5
Daejeon,2024-12-01,8.6,1002.5,75.7,2.9,137.4,330.1
Daejeon,2025-01-01,8.8,1002.2,64.6,1.76,132.8,162.3
Daejeon,2025-02-01,9.6,1007.3,64.1,1.96,83.9,236.3
Daejeon,2025-03-01,14.9,1000.5,55.4,2.79,131.0,251.4
Daejeon,2025-04-01,15.3,1005.7,56.1,2.81,142.7,324.8
Daejeon,2025-05-01,23.7,1006.3,61.7,1.78,144.5,380.7
Daejeon,2025-06-01,26.3,1007.8,66.5,2.49,188.9,494.4
Daejeon,2025-07-01,27.4,999.2,69.1,2.2,233.7,622.1
Daejeon,2025-08-01,28.4,1002.2,72.1,2.27,195.1,565.6
Daejeon,2025-09-01,20.5,1004.0,74.2,2.24,229.8,508.8
Daejeon,2025-10-01,18.1,1002.4,77.9,2.34,203.0,464.7
Daejeon,2025-11-01,14.1,999.4,73.5,2.21,201.8,411.8
Daejeon,2025-12-01,10.5,1003.7,70.7,3.02,150.1,271.1
Daegu,2001-01-01,6.7,1005.9,64.3,2.47,116.5,415.9
Daegu,2001-02-01,8.4,1000.4,57.8,2.66,135.8,221.2
Daegu,2001-03-01,13.4,1003.6,58.4,2.34,146.9,136.9
Daegu,2001-04-01,19.5,1001.4,53.4,2.52,117.7,243.6
Daegu,2001-05-01,22.8,1001.2,53.1,2.35,200.9,344.0
Daegu,2001-06-01,26.2,1003.4,54.1,1.82,234.1,452.1
Daegu,2001-07-01,28.0,998.1,55.7,2.55,187.2,552.7
Daegu,2001-08-01,27.0,1004.5,74.7,2.26,310.6,506.9
Daegu,2001-09-01,24.4,994.4,77.8,2.32,263.1,433.9
Daegu,2001-10-01,17.1,998.9,78.3,2.33,222.4,549.4
Daegu,2001-11-01,11.0,991.6,81.2,2.77,175.4,372.4
Daegu,2001-12-01,10.2,999.7,70.8,1.78,136.1,275.7
Daegu,2002-01-01,6.9,1006.8,66.6,2.96,132.7,190.6
Daegu,2002-02-01,8.8,1001.7,54.6,2.69,110.3,144.0
Daegu,2002-03-01,13.3,1004.9,53.0,2.09,130.3,301.6
Daegu,2002-04-01,18.0,1003.2,53.6,1.93,150.2,392.9
Daegu,2002-05-01,25.0,1003.9,52.9,1.71,171.4,443.4
Daegu,2002-06-01,27.3,1001.5,60.9,3.1,213.6,492.6
Daegu,2002-07-01,27.7,1002.0,63.2,2.44,246.6,543.2
Daegu,2002-08-01,27.6,997.0,73.7,2.38,183.3,590.7
Daegu,2002-09-01,22.1,995.5,73.7,2.3,213.7,488.2
Daegu,2002-10-01,15.9,998.8,75.2,2.4,215.9,442.9
Daegu,2002-11-01,14.4,999.1,72.1,2.18,149.6,479.5
Daegu,2002-12-01,6.2,1009.7,70.0,2.52,124.5,339.5
Daegu,2003-01-01,10.1,1012.5,67.8,2.62,117.2,249.2
Daegu,2003-02-01,9.3,1002.4,52.7,2.3,115.7,170.0
Daegu,2003-03-01,10.1,1000.3,55.0,2.22,126.8,212.4
Daegu,2003-04-01,18.1,1002.6,50.9,2.34,140.0,254.0
Daegu,2003-05-01,22.3,1000.8,51.4,2.72,183.6,405.6
Daegu,2003-06-01,25.7,1001.8,56.0,2.23,233.7,452.5
Daegu,2003-07-01,29.1,999.1,66.2,2.18,240.7,669.2
Daegu,2003-08-01,27.5,999.2,70.4,2.28,217.4,640.9
Daegu,2003-09-01,22.6,999.3,79.8,2.16,208.9,634.7
Daegu,2003-10-01,17.6,994.7,83.1,2.11,151.1,468.4
Daegu,2003-11-01,12.0,1003.9,75.3,2.11,202.7,403.6
Daegu,2003-12-01,9.6,1004.1,76.6,1.91,154.6,286.4
Daegu,2004-01-01,10.0,1000.2,62.7,2.38,123.4,186.6
Daegu,2004-02-01,8.8,1005.8,61.3,2.55,168.2,235.1
Daegu,2004-03-01,14.1,1006.3,56.5,2.5,123.4,220.6
Daegu,2004-04-01,16.8,995.4,48.0,2.46,161.8,283.5
Daegu,2004-05-01,21.1,1001.1,55.7,2.46,189.7,430.0
Daegu,2004-06-01,27.0,1003.3,61.3,1.89,202.1,424.5
Daegu,2004-07-01,25.8,999.0,62.8,2.78,250.0,606.8
Daegu,2004-08-01,26.3,1001.0,69.2,2.87,250.0,687.7
Daegu,2004-09-01,20.1,995.9,74.4,1.8,221.1,532.2
Daegu,2004-10-01,20.0,1003.4,79.1,2.39,215.1,448.5
Daegu,2004-11-01,14.9,998.7,75.2,2.26,216.2,397.7
Daegu,2004-12-01,5.9,1004.4,68.7,1.98,158.3,381.8
Daegu,2005-01-01,6.6,1006.0,60.7,2.5,113.9,210.1
Daegu,2005-02-01,7.1,998.3,61.4,2.1,123.9,233.6
Daegu,2005-03-01,11.6,999.7,61.6,1.95,143.9,241.6
Daegu,2005-04-01,17.4,1005.3,62.4,2.13,116.4,354.0
Daegu,2005-05-01,22.3,1004.1,57.3,2.02,176.4,450.5
Daegu,2005-06-01,27.4,997.8,60.1,2.77,178.5,425.7
Daegu,2005-07-01,31.4,1000.1,65.9,2.22,223.0,456.2
Daegu,2005-08-01,28.1,1004.9,74.2,2.15,227.8,491.8
Daegu,2005-09-01,23.2,997.1,72.4,2.72,226.4,588.4
Daegu,2005-10-01,19.1,1006.2,73.1,2.35,204.0,505.3
Daegu,2005-11-01,14.7,1003.6,81.4,2.57,166.3,410.9
Daegu,2005-12-01,9.3,991.8,70.9,2.28,129.4,242.6
Daegu,2006-01-01,7.1,1011.8,66.9,2.85,118.6,250.4
Daegu,2006-02-01,8.3,1003.9,62.8,2.28,84.0,224.5
Daegu,2006-03-01,12.6,998.6,55.5,2.56,167.5,227.8
Daegu,2006-04-01,19.4,1008.6,57.2,3.34,134.6,437.4
Daegu,2006-05-01,25.1,998.4,59.6,1.54,175.5,351.0
Daegu,2006-06-01,31.3,1005.6,60.9,2.47,216.9,409.2
Daegu,2006-07-01,28.3,1002.2,62.2,2.37,272.5,514.1
Daegu,2006-08-01,26.1,995.9,77.7,2.44,253.8,660.1
Daegu,2006-09-01,21.8,1011.4,72.3,2.23,209.6,542.5
Daegu,2006-10-01,17.3,1002.3,79.6,2.27,218.9,494.4
Daegu,2006-11-01,13.2,1005.7,74.4,2.31,196.9,341.2
Daegu,2006-12-01,8.9,1009.7,70.0,3.29,137.2,249.3
Daegu,2007-01-01,7.6,1005.5,66.1,2.17,153.7,143.6
Daegu,2007-02-01,8.9,1003.7,60.5,1.77,138.4,208.1
Daegu,2007-03-01,11.7,998.3,51.1,2.45,109.1,224.3
Daegu,2007-04-01,17.4,1004.1,52.7,3.05,201.7,319.9
Daegu,2007-05-01,21.9,1012.2,53.8,2.06,157.5,468.4
Daegu,2007-06-01,25.9,1005.5,65.0,3.15,259.0,487.8
Daegu,2007-07-01,27.1,995.8,59.8,1.78,280.7,512.1
Daegu,2007-08-01,26.1,999.1,75.9,2.04,237.0,586.5
Daegu,2007-09-01,20.1,1001.7,74.7,2.16,267.2,487.5
Daegu,2007-10-01,18.1,1003.1,75.8,2.53,221.4,620.4
Daegu,2007-11-01,9.9,1009.4,82.4,2.69,165.2,400.2
Daegu,2007-12-01,11.1,1002.0,79.7,1.83,186.9,305.4
Daegu,2008-01-01,7.1,1003.3,66.6,2.54,117.4,156.6
Daegu,2008-02-01,14.2,1003.3,56.6,1.88,105.3,299.6
Daegu,2008-03-01,11.4,1003.7,52.6,2.56,134.4,204.9
Daegu,2008-04-01,16.2,997.7,55.9,2.71,104.1,293.8
Daegu,2008-05-01,23.9,1005.6,52.0,2.38,166.6,400.2
Daegu,2008-06-01,26.3,996.2,59.6,2.33,214.0,535.9
Daegu,2008-07-01,29.9,1004.5,65.4,2.9,250.0,529.3
Daegu,2008-08-01,26.6,996.5,63.6,2.14,287.6,604.2
Daegu,2008-09-01,20.6,1004.1,80.8,2.02,210.6,632.6
Daegu,2008-10-01,18.3,1003.3,73.6,2.05,194.1,447.2
Daegu,2008-11-01,16.1,1003.2,73.3,2.36,190.3,375.7
Daegu,2008-12-01,9.0,996.5,73.7,2.45,165.3,353.5
Daegu,2009-01-01,6.5,1001.3,67.4,1.45,118.4,314.1
Daegu,2009-02-01,8.0,1007.8,55.5,2.21,61.7,122.1
Daegu,2009-03-01,14.0,998.5,54.5,2.34,142.4,279.6
Daegu,2009-04-01,15.5,1002.4,52.7,1.19,179.0,329.8
Daegu,2009-05-01,23.8,1005.0,51.9,1.96,208.3,389.3
Daegu,2009-06-01,27.8,996.4,60.1,2.1,231.4,522.8
Daegu,2009-07-01,25.4,1002.6,60.9,1.78,261.7,578.0
Daegu,2009-08-01,25.2,1003.5,70.4,3.02,235.4,583.5
Daegu,2009-09-01,22.4,1004.2,73.7,2.46,260.6,593.2
Daegu,2009-10-01,17.0,1006.3,78.9,2.75,195.9,543.1
Daegu,2009-11-01,14.1,1004.1,72.3,1.87,191.9,325.1
Daegu,2009-12-01,9.4,1000.2,71.2,2.09,207.2,303.4
Daegu,2010-01-01,6.4,1007.1,60.2,2.66,151.4,260.6
Daegu,2010-02-01,6.6,1010.9,66.9,2.08,103.1,170.3
Daegu,2010-03-01,15.4,996.6,57.3,1.96,120.7,208.9
Daegu,2010-04-01,18.4,999.6,54.3,2.32,137.9,262.3
Daegu,2010-05-01,26.0,1000.8,57.8,2.16,212.0,364.6
Daegu,2010-06-01,25.0,1011.8,59.6,2.5,257.6,399.2
Daegu,2010-07-01,26.7,1004.8,67.1,2.82,241.1,637.4
Daegu,2010-08-01,25.9,1003.4,70.9,2.31,240.7,612.9
Daegu,2010-09-01,23.3,999.4,77.8,2.96,193.4,589.1
Daegu,2010-10-01,19.6,1005.1,72.5,1.32,202.5,538.0
Daegu,2010-11-01,13.2,1003.5,75.3,2.68,182.1,465.7
Daegu,2010-12-01,7.0,998.6,72.7,2.68,142.8,253.9
Daegu,2011-01-01,6.2,1003.0,71.0,2.11,128.5,292.4
Daegu,2011-02-01,11.1,1000.6,63.4,2.31,125.1,225.1
Daegu,2011-03-01,12.6,1007.4,60.1,2.09,107.4,362.5
Daegu,2011-04-01,18.2,1000.0,49.5,2.12,183.2,309.5
Daegu,2011-05-01,23.2,997.8,57.8,2.4,178.8,358.4
Daegu,2011-06-01,24.0,996.6,55.6,2.25,201.4,482.3
Daegu,2011-07-01,30.0,1005.3,62.0,2.74,237.1,650.6
Daegu,2011-08-01,28.4,996.6,69.9,2.7,231.4,658.3
Daegu,2011-09-01,20.1,1003.8,74.7,2.74,246.5,588.9
Daegu,2011-10-01,18.5,1001.7,72.1,2.11,210.3,458.3
Daegu,2011-11-01,13.4,1007.0,79.7,2.13,191.9,421.2
Daegu,2011-12-01,10.5,998.9,72.9,2.18,154.0,297.8
Daegu,2012-01-01,5.8,1004.8,65.4,2.47,191.5,314.6
Daegu,2012-02-01,8.5,1001.4,61.8,1.94,131.1,214.6
Daegu,2012-03-01,13.1,995.0,57.5,2.25,155.0,356.9
Daegu,2012-04-01,17.0,1015.0,51.1,3.24,168.7,248.3
Daegu,2012-05-01,24.2,1005.2,57.5,1.93,178.1,410.6
Daegu,2012-06-01,26.9,1001.4,57.8,2.49,235.9,482.9
Daegu,2012-07-01,29.1,1002.8,61.3,2.77,271.6,659.6
Daegu,2012-08-01,24.8,1000.8,68.6,2.55,202.9,504.5
Daegu,2012-09-01,24.9,1006.6,67.9,1.94,189.1,469.5
Daegu,2012-10-01,17.6,1012.0,76.1,2.46,214.4,428.2
Daegu,2012-11-01,14.2,999.9,67.8,2.76,193.5,474.0
Daegu,2012-12-01,10.6,1004.3,80.2,2.55,132.0,379.9
Daegu,2013-01-01,7.0,1003.0,62.1,2.25,119.7,246.3
Daegu,2013-02-01,5.8,996.6,55.5,2.57,114.4,204.5
Daegu,2013-03-01,12.0,1007.3,57.5,1.66,109.1,238.3
Daegu,2013-04-01,16.3,1003.2,51.3,2.9,171.9,358.3
Daegu,2013-05-01,22.3,994.0,56.8,2.17,202.5,424.5
Daegu,2013-06-01,27.1,1008.6,61.0,2.41,238.7,624.6
Daegu,2013-07-01,28.3,1011.2,65.1,2.86,228.8,467.1
Daegu,2013-08-01,25.8,1008.6,67.4,3.03,245.9,577.9
Daegu,2013-09-01,22.1,1003.4,70.3,2.3,241.1,632.2
Daegu,2013-10-01,17.5,1002.3,74.9,2.53,183.6,567.6
Daegu,2013-11-01,11.6,1004.9,74.8,2.62,184.7,379.8
Daegu,2013-12-01,10.2,1002.1,72.7,2.48,154.1,301.7
Daegu,2014-01-01,6.9,1001.3,67.5,2.19,129.6,169.1
Daegu,2014-02-01,10.1,1002.8,64.5,2.39,160.0,192.6
Daegu,2014-03-01,12.9,1004.7,52.8,2.37,193.7,213.1
Daegu,2014-04-01,19.2,1003.6,56.6,1.75,166.4,327.2
Daegu,2014-05-01,23.6,1001.0,53.8,2.76,155.8,522.2
Daegu,2014-06-01,26.7,1000.4,58.2,2.55,208.1,482.6
Daegu,2014-07-01,28.5,1003.3,71.4,1.64,196.1,527.9
Daegu,2014-08-01,25.8,1005.2,67.8,1.96,246.1,465.7
Daegu,2014-09-01,22.1,1003.0,72.5,2.09,281.6,540.0
Daegu,2014-10-01,17.4,1000.1,82.8,2.62,234.4,484.5
Daegu,2014-11-01,14.5,1002.8,76.1,1.76,170.1,333.9
Daegu,2014-12-01,7.2,1001.2,75.2,2.48,172.6,361.0
Daegu,2015-01-01,5.3,1000.8,66.0,2.41,105.0,216.6
Daegu,2015-02-01,10.4,1000.8,56.6,2.33,107.8,198.2
Daegu,2015-03-01,12.7,1008.9,55.8,2.19,151.1,185.1
Daegu,2015-04-01,16.3,998.1,51.7,2.85,196.4,315.6
Daegu,2015-05-01,23.6,998.6,60.3,2.61,155.6,418.7
Daegu,2015-06-01,29.1,1001.9,59.4,2.7,167.7,517.5
Daegu,2015-07-01,28.1,999.6,68.4,2.22,189.9,549.3
Daegu,2015-08-01,23.9,999.0,72.0,1.85,273.3,521.0
Daegu,2015-09-01,26.4,1006.7,79.1,2.11,239.5,671.6
Daegu,2015-10-01,17.2,999.8,79.4,2.49,241.6,475.7
Daegu,2015-11-01,11.4,1003.6,79.2,1.8,126.2,475.1
Daegu,2015-12-01,9.7,1010.5,74.7,2.67,154.8,302.8
Daegu,2016-01-01,7.3,1005.2,61.8,2.95,135.3,238.3
Daegu,2016-02-01,11.3,1001.6,60.9,2.48,119.1,256.6
Daegu,2016-03-01,14.1,1005.5,57.3,2.86,153.6,237.3
Daegu,2016-04-01,18.3,1012.4,50.8,2.65,132.6,422.9
Daegu,2016-05-01,21.7,1001.6,53.5,2.51,189.8,340.2
Daegu,2016-06-01,27.2,1008.9,60.9,3.47,287.5,384.5
Daegu,2016-07-01,28.0,1001.5,67.5,2.18,227.0,606.5
Daegu,2016-08-01,26.2,999.0,74.9,2.52,250.1,528.1
Daegu,2016-09-01,26.1,1007.0,67.1,2.79,207.9,551.8
Daegu,2016-10-01,17.7,1001.6,84.4,1.75,202.8,457.8
Daegu,2016-11-01,13.3,1007.1,71.8,2.28,166.3,443.0
Daegu,2016-12-01,10.1,1003.9,72.4,1.87,165.4,371.6
Daegu,2017-01-01,9.0,1007.1,64.6,1.94,148.5,146.1
Daegu,2017-02-01,8.7,1005.6,56.5,2.15,153.5,232.3
Daegu,2017-03-01,15.3,997.5,53.5,2.84,136.9,37.4
Daegu,2017-04-01,19.5,1000.3,55.2,1.89,148.6,300.6
Daegu,2017-05-01,23.5,996.0,57.1,2.47,179.1,370.1
Daegu,2017-06-01,26.8,1013.0,59.2,2.16,186.4,583.8
Daegu,2017-07-01,27.1,1008.3,66.3,2.6,239.5,518.4
Daegu,2017-08-01,24.8,1005.4,74.5,3.02,262.3,663.3
Daegu,2017-09-01,22.8,998.4,71.4,2.36,223.6,469.7
Daegu,2017-10-01,17.8,1000.3,78.6,2.4,204.0,438.3
Daegu,2017-11-01,12.7,1006.1,81.8,2.28,154.1,365.8
Daegu,2017-12-01,5.2,1002.2,72.3,1.62,157.1,386.6
Daegu,2018-01-01,5.2,998.1,65.9,1.9,122.0,181.9
Daegu,2018-02-01,8.6,999.5,57.6,2.6,126.0,236.5
Daegu,2018-03-01,13.2,1004.1,62.4,2.5,111.6,290.0
Daegu,2018-04-01,17.3,1004.5,49.6,2.78,170.8,303.4
Daegu,2018-05-01,23.0,1002.5,55.7,2.13,242.0,445.8
Daegu,2018-06-01,27.0,998.5,53.8,1.7,173.8,522.2
Daegu,2018-07-01,26.9,999.4,66.7,2.54,225.5,513.6
Daegu,2018-08-01,27.2,1002.7,67.4,2.44,281.0,622.3
Daegu,2018-09-01,24.2,999.2,79.9,2.88,239.7,533.7
Daegu,2018-10-01,14.4,1004.7,75.0,2.27,186.5,405.2
Daegu,2018-11-01,10.4,999.5,79.0,2.78,180.4,382.1
Daegu,2018-12-01,8.7,995.0,76.1,2.4,161.6,206.4
Daegu,2019-01-01,10.1,1005.1,61.1,2.5,103.6,139.5
Daegu,2019-02-01,10.0,1005.9,64.1,2.17,121.3,244.1
Daegu,2019-03-01,12.8,1005.6,50.0,2.32,139.3,222.2
Daegu,2019-04-01,18.9,1002.3,50.9,3.01,157.9,310.9
Daegu,2019-05-01,24.2,1004.3,57.3,2.34,183.1,379.6
Daegu,2019-06-01,23.8,989.9,60.0,1.63,203.9,607.5
Daegu,2019-07-01,27.8,1006.3,64.2,2.52,228.5,535.1
Daegu,2019-08-01,26.1,1004.6,76.0,2.6,223.7,582.0
Daegu,2019-09-01,22.8,998.6,71.5,2.54,215.1,651.4
Daegu,2019-10-01,17.0,1008.2,75.8,2.41,226.9,539.4
Daegu,2019-11-01,13.6,1000.6,72.7,2.12,143.2,440.6
Daegu,2019-12-01,7.2,999.3,71.6,2.61,111.7,296.0
Daegu,2020-01-01,7.8,1007.1,59.4,2.96,77.0,390.3
Daegu,2020-02-01,11.4,1000.1,57.7,2.23,99.5,252.2
Daegu,2020-03-01,12.5,1009.5,52.9,2.26,123.7,271.4
Daegu,2020-04-01,18.7,1008.9,59.3,1.95,155.7,224.4
Daegu,2020-05-01,22.3,1008.0,54.2,2.51,207.3,366.6
Daegu,2020-06-01,24.3,1001.7,62.7,1.46,281.7,521.6
Daegu,2020-07-01,28.4,1005.2,71.1,1.91,219.1,537.0
Daegu,2020-08-01,26.4,997.6,71.9,2.88,243.5,532.2
Daegu,2020-09-01,20.3,1010.7,72.3,1.68,187.7,496.8
Daegu,2020-10-01,19.4,998.0,76.3,2.32,204.1,587.1
Daegu,2020-11-01,15.1,1006.1,74.1,2.2,200.5,452.3
Daegu,2020-12-01,8.2,1006.4,75.9,2.64,98.8,273.1
Daegu,2021-01-01,9.8,1001.6,68.0,2.56,116.8,336.0
Daegu,2021-02-01,9.8,1003.2,57.1,2.2,93.3,289.0
Daegu,2021-03-01,14.6,1000.4,58.5,2.18,116.7,159.4
Daegu,2021-04-01,18.9,1011.5,47.7,2.07,161.5,441.4
Daegu,2021-05-01,18.5,998.5,53.9,2.51,128.2,394.6
Daegu,2021-06-01,25.3,1000.4,57.8,2.61,224.9,426.1
Daegu,2021-07-01,28.2,1002.3,70.1,2.56,227.5,546.9
Daegu,2021-08-01,27.8,1010.9,72.1,2.73,243.3,519.7
Daegu,2021-09-01,23.2,1007.1,72.0,2.47,230.9,515.0
Daegu,2021-10-01,15.7,1006.5,78.0,2.96,190.4,481.9
Daegu,2021-11-01,14.7,999.7,69.6,1.57,213.6,430.0
Daegu,2021-12-01,8.0,1004.1,70.6,2.45,133.2,305.3
Daegu,2022-01-01,7.8,1000.6,65.4,1.75,145.3,180.5
Daegu,2022-02-01,8.8,1005.8,65.8,2.32,128.6,293.1
Daegu,2022-03-01,13.8,1008.7,58.6,2.1,105.4,293.9
Daegu,2022-04-01,19.3,997.2,58.5,2.53,98.2,405.5
Daegu,2022-05-01,22.3,999.2,63.1,2.51,139.1,341.1
Daegu,2022-06-01,27.4,1002.4,57.5,2.17,194.7,446.4
Daegu,2022-07-01,29.2,1011.2,64.4,2.34,234.2,549.4
Daegu,2022-08-01,28.5,1006.2,73.1,2.93,298.1,653.0
Daegu,2022-09-01,24.4,998.9,73.7,2.13,244.8,543.0
Daegu,2022-10-01,15.7,1011.0,77.5,2.54,212.5,501.9
Daegu,2022-11-01,13.1,996.9,74.3,1.9,135.0,378.2
Daegu,2022-12-01,11.2,1007.0,67.9,2.56,160.6,234.1
Daegu,2023-01-01,10.8,1001.8,64.4,2.66,135.0,304.4
Daegu,2023-02-01,8.0,1010.8,58.3,2.73,123.0,138.3
Daegu,2023-03-01,11.7,999.9,56.0,2.67,153.6,240.5
Daegu,2023-04-01,16.9,1001.0,54.2,2.81,122.7,253.3
Daegu,2023-05-01,22.3,998.5,50.9,2.15,172.6,346.9
Daegu,2023-06-01,26.8,995.0,66.5,3.1,221.9,510.5
Daegu,2023-07-01,28.9,998.7,67.1,2.66,267.7,661.7
Daegu,2023-08-01,24.7,1001.7,72.2,2.71,246.1,610.8
Daegu,2023-09-01,22.7,1010.2,75.0,1.55,266.8,582.8
Daegu,2023-10-01,17.3,996.2,77.2,2.88,213.9,435.9
Daegu,2023-11-01,11.5,1005.0,69.5,2.22,154.5,336.2
Daegu,2023-12-01,9.7,1001.6,72.1,2.87,185.4,236.7
Daegu,2024-01-01,9.3,1008.6,62.2,2.82,147.7,168.3
Daegu,2024-02-01,10.9,1006.2,53.5,2.03,111.9,229.3
Daegu,2024-03-01,13.0,999.0,54.7,2.81,142.0,256.8
Daegu,2024-04-01,19.4,1004.7,51.5,2.36,186.9,332.4
Daegu,2024-05-01,26.8,1011.4,51.8,2.31,126.0,419.6
Daegu,2024-06-01,27.3,1011.8,60.9,3.02,164.9,502.5
Daegu,2024-07-01,27.3,1000.9,60.6,2.87,239.3,625.9
Daegu,2024-08-01,26.0,1006.4,68.0,2.09,252.2,580.4
Daegu,2024-09-01,22.1,1001.3,75.6,2.5,255.9,586.8
Daegu,2024-10-01,15.4,1007.2,74.4,3.28,190.9,585.8
Daegu,2024-11-01,12.6,1002.8,75.2,1.46,181.8,357.4
Daegu,2024-12-01,10.0,1001.9,72.7,1.92,168.8,321.2
Daegu,2025-01-01,8.8,1006.3,68.4,2.56,159.5,312.4
Daegu,2025-02-01,7.0,1000.7,64.1,2.15,106.7,219.3
Daegu,2025-03-01,14.7,1009.6,50.5,2.24,118.2,188.8
Daegu,2025-04-01,18.0,1002.1,61.0,2.15,143.3,288.5
Daegu,2025-05-01,23.0,1002.8,57.1,2.3,205.1,419.4
Daegu,2025-06-01,26.4,1000.4,58.8,2.73,254.6,453.8
Daegu,2025-07-01,24.9,1004.1,61.6,2.1,219.8,599.7
Daegu,2025-08-01,26.6,1006.0,78.4,1.67,266.1,543.4
Daegu,2025-09-01,21.5,1001.1,75.8,1.81,268.2,574.7
Daegu,2025-10-01,16.4,1007.6,73.0,2.03,198.3,594.9
Daegu,2025-11-01,11.8,1007.3,72.6,2.53,164.7,372.5
Daegu,2025-12-01,7.2,1005.1,70.2,3.18,188.9,205.9
Jeonju,2001-01-01,8.8,1000.3,70.7,2.1,123.2,230.6
Jeonju,2001-02-01,7.9,1001.0,55.4,1.97,89.7,164.2
Jeonju,2001-03-01,12.1,1002.0,51.1,2.72,124.2,307.2
Jeonju,2001-04-01,17.9,1010.0,52.8,2.35,117.2,222.4
Jeonju,2001-05-01,22.3,1000.4,48.8,1.86,171.1,417.6
Jeonju,2001-06-01,27.2,1002.9,60.3,2.27,194.6,572.4
Jeonju,2001-07-01,26.9,1005.0,64.7,2.18,242.4,555.5
Jeonju,2001-08-01,25.1,1005.7,74.4,2.57,246.9,604.5
Jeonju,2001-09-01,20.8,1009.6,79.3,3.03,234.1,616.6
Jeonju,2001-10-01,20.3,1005.0,76.6,2.66,208.4,454.3
Jeonju,2001-11-01,12.4,995.4,72.7,2.88,150.3,442.2
Jeonju,2001-12-01,11.7,997.1,66.2,2.56,177.4,275.9
Jeonju,2002-01-01,8.3,1004.7,62.0,2.22,144.7,305.8
Jeonju,2002-02-01,7.7,1000.0,59.3,2.71,148.8,283.1
Jeonju,2002-03-01,12.3,1007.4,49.9,3.0,134.1,242.9
Jeonju,2002-04-01,15.5,1006.7,45.3,2.76,159.7,346.4
Jeonju,2002-05-01,21.8,1000.1,54.4,2.48,166.1,395.7
Jeonju,2002-06-01,25.9,1005.7,65.9,2.07,170.0,489.1
Jeonju,2002-07-01,29.1,1003.9,69.4,2.69,236.2,578.8
Jeonju,2002-08-01,27.3,1005.2,65.3,1.9,223.2,527.1
Jeonju,2002-09-01,23.7,1007.2,79.1,2.95,268.6,649.0
Jeonju,2002-10-01,16.8,1006.6,77.0,2.21,209.0,483.7
Jeonju,2002-11-01,14.2,1005.8,76.6,2.06,202.4,415.3
Jeonju,2002-12-01,9.7,1008.8,67.3,2.2,136.6,249.9
Jeonju,2003-01-01,9.1,1006.6,61.7,2.73,125.5,209.3
Jeonju,2003-02-01,5.5,1009.3,63.2,1.5,104.1,299.5
Jeonju,2003-03-01,15.2,1003.3,54.5,2.49,128.5,248.5
Jeonju,2003-04-01,19.0,996.5,57.8,1.64,135.4,368.3
Jeonju,2003-05-01,20.9,1000.5,53.9,2.17,240.9,385.6
Jeonju,2003-06-01,25.8,1001.8,60.3,2.07,217.9,438.1
Jeonju,2003-07-01,30.8,1001.3,62.0,2.46,239.8,659.7
Jeonju,2003-08-01,24.8,1001.8,71.8,2.32,188.6,613.8
Jeonju,2003-09-01,25.3,1003.6,72.8,2.43,234.8,558.1
Jeonju,2003-10-01,19.2,1001.4,76.4,1.75,210.6,518.8
Jeonju,2003-11-01,13.0,998.7,73.9,3.15,151.0,439.0
Jeonju,2003-12-01,5.6,1001.1,70.1,2.27,142.4,280.6
Jeonju,2004-01-01,9.9,1002.7,69.2,2.36,133.3,212.7
Jeonju,2004-02-01,7.8,1002.9,63.1,2.59,133.7,219.5
Jeonju,2004-03-01,11.5,1009.1,52.2,2.11,121.2,252.1
Jeonju,2004-04-01,18.4,1001.6,45.5,2.26,180.9,307.2
Jeonju,2004-05-01,24.8,1007.6,54.7,2.62,145.3,515.1
Jeonju,2004-06-01,23.5,1013.1,55.2,1.83,210.6,436.1
Jeonju,2004-07-01,26.6,1004.7,74.1,2.28,218.1,510.2
Jeonju,2004-08-01,29.3,1006.2,66.9,2.35,269.2,533.4
Jeonju,2004-09-01,21.9,1006.2,74.5,2.33,220.2,651.8
Jeonju,2004-10-01,17.4,1002.5,77.4,2.54,208.6,562.2
Jeonju,2004-11-01,13.9,1007.3,77.8,2.77,195.8,517.4
Jeonju,2004-12-01,9.1,1009.0,64.0,2.47,114.5,347.2
Jeonju,2005-01-01,6.2,1004.4,63.0,2.07,103.3,245.5
Jeonju,2005-02-01,11.7,1011.3,63.1,2.1,129.5,185.3
Jeonju,2005-03-01,13.4,1001.0,59.9,3.04,136.2,226.3
Jeonju,2005-04-01,17.7,997.5,56.0,1.84,148.6,218.2
Jeonju,2005-05-01,21.2,1003.9,50.1,2.35,179.0,477.4
Jeonju,2005-06-01,27.3,1000.1,54.2,2.92,220.9,374.2
Jeonju,2005-07-01,26.9,1009.7,64.1,2.49,206.5,457.5
Jeonju,2005-08-01,24.0,1003.4,67.6,3.18,259.3,569.5
Jeonju,2005-09-01,25.2,1000.6,73.5,2.53,204.2,538.8
Jeonju,2005-10-01,18.3,1007.3,79.4,2.57,233.5,542.3
Jeonju,2005-11-01,14.9,1001.9,74.5,2.12,209.8,316.6
Jeonju,2005-12-01,9.1,1000.5,68.8,2.15,136.5,309.7
Jeonju,2006-01-01,10.4,1005.4,64.4,2.93,80.8,230.0
Jeonju,2006-02-01,9.3,1000.5,61.8,2.74,131.5,213.0
Jeonju,2006-03-01,12.8,1000.8,49.1,2.2,144.1,309.4
Jeonju,2006-04-01,18.9,998.9,48.5,2.34,155.8,223.0
Jeonju,2006-05-01,21.6,1005.3,50.7,2.73,168.9,375.7
Jeonju,2006-06-01,24.1,1001.5,61.7,2.27,192.4,466.7
Jeonju,2006-07-01,26.5,996.9,64.9,1.94,202.4,549.3
Jeonju,2006-08-01,27.4,1005.8,69.8,2.73,270.9,529.5
Jeonju,2006-09-01,22.1,998.7,79.9,2.23,284.8,515.0
Jeonju,2006-10-01,16.5,1007.3,78.7,2.66,185.7,409.8
Jeonju,2006-11-01,13.4,1009.2,78.4,3.0,227.1,378.0
Jeonju,2006-12-01,7.1,1001.2,71.1,1.87,171.9,304.5
Jeonju,2007-01-01,9.0,1000.1,61.2,2.76,118.4,301.3
Jeonju,2007-02-01,8.9,1007.2,58.2,2.65,161.0,236.4
Jeonju,2007-03-01,13.9,1003.2,57.1,1.92,159.7,183.6
Jeonju,2007-04-01,18.7,1004.6,50.2,1.91,198.5,262.5
Jeonju,2007-05-01,22.6,999.2,58.7,2.13,229.8,407.5
Jeonju,2007-06-01,26.2,1002.7,60.5,2.26,225.2,449.8
Jeonju,2007-07-01,28.1,999.9,58.9,3.13,289.1,558.9
Jeonju,2007-08-01,28.0,1004.4,74.2,2.03,231.8,548.6
Jeonju,2007-09-01,20.4,1005.2,75.8,2.3,209.1,608.5
Jeonju,2007-10-01,17.3,1000.9,75.1,2.66,220.2,582.8
Jeonju,2007-11-01,16.1,1006.5,73.7,1.81,218.2,325.0
Jeonju,2007-12-01,7.9,1008.6,72.9,3.29,168.7,256.0
Jeonju,2008-01-01,7.8,998.1,66.4,2.26,109.1,192.4
Jeonju,2008-02-01,8.0,1009.2,60.4,2.81,147.7,158.9
Jeonju,2008-03-01,14.6,997.3,56.5,2.13,139.3,257.3
Jeonju,2008-04-01,16.5,1000.8,50.2,2.52,188.5,248.2
Jeonju,2008-05-01,22.9,1001.6,51.3,3.14,144.2,370.9
Jeonju,2008-06-01,24.6,1002.8,52.7,2.4,241.7,517.8
Jeonju,2008-07-01,27.2,1002.2,66.6,1.87,213.6,598.3
Jeonju,2008-08-01,26.8,997.8,70.2,2.71,285.0,710.0
Jeonju,2008-09-01,20.9,1003.3,77.7,2.36,236.6,602.8
Jeonju,2008-10-01,19.1,998.3,79.2,2.89,221.6,506.8
Jeonju,2008-11-01,10.4,1004.0,79.2,2.2,205.5,387.4
Jeonju,2008-12-01,8.3,1014.8,63.5,2.63,139.1,309.8
Jeonju,2009-01-01,6.3,1005.4,59.6,2.02,177.3,186.8
Jeonju,2009-02-01,9.0,1004.5,59.5,2.12,136.1,213.3
Jeonju,2009-03-01,15.4,1008.4,58.9,2.4,126.4,229.5
Jeonju,2009-04-01,19.2,1005.7,52.6,1.93,88.1,301.9
Jeonju,2009-05-01,21.6,1013.1,49.6,1.97,163.3,389.6
Jeonju,2009-06-01,28.7,1004.3,57.5,2.88,242.8,473.7
Jeonju,2009-07-01,24.0,1002.5,68.1,2.25,214.1,527.8
Jeonju,2009-08-01,27.7,1002.4,69.5,2.55,242.5,514.0
Jeonju,2009-09-01,22.6,998.5,76.6,2.51,226.7,555.5
Jeonju,2009-10-01,17.2,1004.6,76.7,2.66,217.9,518.1
Jeonju,2009-11-01,11.3,994.6,81.6,2.07,209.7,267.8
Jeonju,2009-12-01,11.7,998.1,64.2,2.26,148.2,327.0
Jeonju,2010-01-01,8.7,997.3,63.0,2.66,137.9,246.0
Jeonju,2010-02-01,9.0,1004.7,62.3,1.8,147.6,175.4
Jeonju,2010-03-01,16.8,1007.4,52.7,2.55,178.6,227.4
Jeonju,2010-04-01,16.6,996.6,56.6,2.14,168.3,309.2
Jeonju,2010-05-01,22.4,1001.8,50.9,3.05,179.8,385.4
Jeonju,2010-06-01,23.3,996.4,56.5,2.5,213.5,448.4
Jeonju,2010-07-01,28.8,1002.9,62.2,2.89,265.2,573.0
Jeonju,2010-08-01,25.9,1002.3,70.4,2.93,222.8,629.1
Jeonju,2010-09-01,24.1,1006.9,73.7,2.92,231.3,555.7
Jeonju,2010-10-01,17.4,1003.3,79.5,2.48,186.7,493.4
Jeonju,2010-11-01,13.8,1006.6,79.4,2.69,199.1,269.0
Jeonju,2010-12-01,9.1,996.3,65.6,2.58,89.7,275.4
Jeonju,2011-01-01,7.6,1003.0,60.3,1.84,91.7,195.8
Jeonju,2011-02-01,9.8,1002.4,61.6,2.34,109.0,333.8
Jeonju,2011-03-01,10.0,999.3,49.6,2.76,158.3,342.5
Jeonju,2011-04-01,15.8,1003.5,54.5,2.38,122.0,340.8
Jeonju,2011-05-01,21.1,1002.4,55.4,2.49,157.9,419.3
Jeonju,2011-06-01,27.5,995.7,61.3,2.29,246.2,480.6
Jeonju,2011-07-01,25.2,1000.1,73.7,2.45,192.2,524.3
Jeonju,2011-08-01,26.8,1005.0,74.6,2.01,272.0,577.3
Jeonju,2011-09-01,23.0,1001.3,73.8,3.05,218.9,650.4
Jeonju,2011-10-01,16.5,998.0,76.8,2.57,177.5,457.7
Jeonju,2011-11-01,13.1,1014.3,73.0,2.32,171.1,383.4
Jeonju,2011-12-01,10.8,1004.3,74.7,2.84,122.2,459.9
Jeonju,2012-01-01,7.4,1012.7,68.4,2.54,133.5,304.1
Jeonju,2012-02-01,11.8,1003.3,61.2,2.08,148.7,295.1
Jeonju,2012-03-01,13.4,1011.4,53.0,1.95,131.0,305.4
Jeonju,2012-04-01,18.3,1002.5,53.3,2.26,124.5,222.7
Jeonju,2012-05-01,24.4,1001.3,51.0,2.6,168.1,243.3
Jeonju,2012-06-01,25.9,1002.6,61.9,1.8,202.4,373.7
Jeonju,2012-07-01,26.3,1001.0,68.6,1.98,238.6,664.5
Jeonju,2012-08-01,26.1,1007.6,78.1,2.44,247.5,609.7
Jeonju,2012-09-01,21.6,1009.5,78.7,2.54,312.0,568.3
Jeonju,2012-10-01,17.6,1007.5,74.4,2.36,236.8,447.0
Jeonju,2012-11-01,10.8,998.8,73.0,2.85,159.1,360.2
Jeonju,2012-12-01,8.8,1003.3,71.8,2.68,135.6,448.1
Jeonju,2013-01-01,8.4,1001.2,70.3,2.47,152.6,231.2
Jeonju,2013-02-01,10.5,1006.4,63.7,2.21,129.1,259.6
Jeonju,2013-03-01,13.6,1006.1,55.3,2.72,119.8,181.7
Jeonju,2013-04-01,19.7,1006.2,50.5,2.05,153.1,349.8
Jeonju,2013-05-01,22.6,1011.8,52.2,2.85,174.0,399.9
Jeonju,2013-06-01,25.9,1002.9,57.4,2.51,217.1,479.2
Jeonju,2013-07-01,28.2,997.6,68.8,2.37,242.3,510.7
Jeonju,2013-08-01,26.5,1004.4,70.1,2.38,222.2,533.8
Jeonju,2013-09-01,23.7,1004.3,75.4,1.7,226.6,533.4
Jeonju,2013-10-01,17.1,1009.3,74.5,2.33,180.8,444.9
Jeonju,2013-11-01,11.4,1007.5,78.3,2.3,191.7,452.3
Jeonju,2013-12-01,11.1,1002.3,71.3,2.03,151.7,206.4
Jeonju,2014-01-01,7.8,1011.9,61.6,2.5,87.6,206.9
Jeonju,2014-02-01,9.6,1003.1,53.9,2.83,116.9,313.8
Jeonju,2014-03-01,11.4,1003.2,53.6,2.51,133.0,245.3
Jeonju,2014-04-01,18.4,1011.8,57.4,2.66,143.4,305.8
Jeonju,2014-05-01,22.3,1006.1,53.6,2.3,194.8,491.1
Jeonju,2014-06-01,24.5,998.9,53.9,2.28,210.8,432.7
Jeonju,2014-07-01,31.0,1002.5,66.3,2.56,278.4,587.1
Jeonju,2014-08-01,26.0,1014.2,71.4,2.49,246.8,566.3
Jeonju,2014-09-01,23.1,1010.9,73.7,2.63,215.2,611.9
Jeonju,2014-10-01,18.7,1000.0,82.9,2.02,235.2,448.8
Jeonju,2014-11-01,11.9,999.0,75.6,1.94,196.1,449.6
Jeonju,2014-12-01,9.8,1005.8,67.7,2.32,135.0,267.9
Jeonju,2015-01-01,9.4,1002.5,66.2,2.55,71.1,128.7
Jeonju,2015-02-01,9.8,1005.4,58.5,2.95,159.1,250.8
Jeonju,2015-03-01,12.1,1002.1,50.9,1.61,96.4,213.7
Jeonju,2015-04-01,17.2,1001.0,47.9,2.28,152.8,335.1
Jeonju,2015-05-01,22.0,999.1,56.0,2.83,223.2,415.0
Jeonju,2015-06-01,24.7,1009.2,60.2,2.02,178.4,588.7
Jeonju,2015-07-01,28.7,1004.1,61.5,2.26,215.9,360.4
Jeonju,2015-08-01,25.2,1004.0,77.2,2.6,261.8,607.3
Jeonju,2015-09-01,24.1,1003.7,81.0,2.88,214.6,587.9
Jeonju,2015-10-01,21.6,1002.8,69.6,2.85,199.4,558.3
Jeonju,2015-11-01,12.5,1006.3,76.7,2.66,157.6,423.3
Jeonju,2015-12-01,6.7,1006.6,76.1,2.57,131.6,286.7
Jeonju,2016-01-01,10.4,1008.1,65.9,2.03,49.7,267.8
Jeonju,2016-02-01,10.3,1008.4,65.1,2.95,156.7,217.5
Jeonju,2016-03-01,17.0,1007.0,52.7,2.24,125.6,271.9
Jeonju,2016-04-01,16.2,1006.0,61.2,1.89,195.7,354.2
Jeonju,2016-05-01,20.4,995.2,55.8,1.77,213.9,412.5
Jeonju,2016-06-01,28.2,1003.1,59.3,2.51,252.4,459.8
Jeonju,2016-07-01,26.6,1002.2,66.3,2.52,238.6,502.6
Jeonju,2016-08-01,26.3,1004.4,65.7,2.45,262.2,509.6
Jeonju,2016-09-01,25.1,1001.9,81.1,2.81,227.3,414.7
Jeonju,2016-10-01,18.8,1007.0,76.1,1.79,240.9,477.2
Jeonju,2016-11-01,10.8,998.7,75.1,3.01,186.2,470.0
Jeonju,2016-12-01,10.3,1003.8,76.0,1.8,109.8,369.3
Jeonju,2017-01-01,11.3,999.8,68.1,3.0,90.5,339.2
Jeonju,2017-02-01,9.2,1009.2,58.3,2.46,105.0,298.4
Jeonju,2017-03-01,13.7,1003.2,58.0,2.79,100.9,296.3
Jeonju,2017-04-01,18.5,1002.8,54.4,2.62,161.3,327.5
Jeonju,2017-05-01,22.5,1003.2,58.5,1.84,203.6,365.1
Jeonju,2017-06-01,29.3,1002.2,60.6,2.71,238.3,485.9
Jeonju,2017-07-01,27.7,1001.0,59.1,2.67,231.2,606.5
Jeonju,2017-08-01,26.7,1003.9,65.6,2.71,239.5,580.5
Jeonju,2017-09-01,25.2,1002.8,76.3,2.63,217.3,564.6
Jeonju,2017-10-01,18.5,1009.3,77.3,3.44,211.2,547.5
Jeonju,2017-11-01,15.2,1005.0,74.5,2.08,173.2,492.5
Jeonju,2017-12-01,7.3,1005.8,73.6,3.14,129.3,346.6
Jeonju,2018-01-01,7.0,998.0,66.1,1.84,160.4,274.9
Jeonju,2018-02-01,10.4,1003.4,59.8,2.03,170.5,296.5
Jeonju,2018-03-01,15.9,1010.6,50.1,1.82,112.2,323.5
Jeonju,2018-04-01,18.2,1009.7,54.5,2.09,161.8,354.4
Jeonju,2018-05-01,24.6,1003.9,55.9,2.55,172.4,431.7
Jeonju,2018-06-01,27.9,1007.7,50.3,2.39,227.4,605.6
Jeonju,2018-07-01,29.5,1005.1,56.6,2.88,248.8,546.6
Jeonju,2018-08-01,25.3,997.5,77.1,1.63,247.4,579.9
Jeonju,2018-09-01,21.5,1010.8,74.9,2.61,220.3,508.8
Jeonju,2018-10-01,22.0,991.9,74.1,3.35,224.9,588.5
Jeonju,2018-11-01,9.2,1003.5,76.2,2.78,167.5,418.5
Jeonju,2018-12-01,8.8,1008.0,77.6,2.09,114.1,375.8
Jeonju,2019-01-01,8.2,1008.3,68.0,2.09,159.1,205.6
Jeonju,2019-02-01,9.2,1008.0,57.6,2.84,124.6,192.6
Jeonju,2019-03-01,12.3,999.7,54.3,2.45,124.8,337.1
Jeonju,2019-04-01,17.5,1000.1,54.1,2.12,135.3,259.7
Jeonju,2019-05-01,22.8,1005.3,54.1,2.37,186.8,401.2
Jeonju,2019-06-01,25.7,1008.7,52.1,2.47,226.6,554.9
Jeonju,2019-07-01,29.5,1006.2,64.3,3.28,219.2,625.8
Jeonju,2019-08-01,27.3,1006.9,61.9,2.87,248.8,652.0
Jeonju,2019-09-01,19.1,1005.4,79.5,2.29,209.1,529.9
Jeonju,2019-10-01,17.1,1005.3,77.4,2.2,186.3,471.0
Jeonju,2019-11-01,12.9,1004.9,73.4,2.53,200.0,276.0
Jeonju,2019-12-01,11.1,1004.6,77.0,2.02,138.1,285.5
Jeonju,2020-01-01,6.5,1007.4,63.2,2.81,136.7,241.7
Jeonju,2020-02-01,9.0,1000.4,56.5,2.57,112.2,152.1
Jeonju,2020-03-01,14.7,1004.0,53.9,3.06,153.1,258.6
Jeonju,2020-04-01,14.8,1002.2,50.1,2.17,176.9,323.1
Jeonju,2020-05-01,27.3,1002.0,50.9,2.74,173.5,378.0
Jeonju,2020-06-01,24.9,1002.5,60.5,2.87,235.5,574.9
Jeonju,2020-07-01,30.2,1005.9,69.2,1.98,226.9,514.8
Jeonju,2020-08-01,27.9,1000.4,68.3,2.85,215.8,717.4
Jeonju,2020-09-01,20.7,1004.5,74.8,2.45,199.5,407.0
Jeonju,2020-10-01,20.9,1004.1,73.6,2.64,146.8,679.5
Jeonju,2020-11-01,12.7,1003.7,77.1,2.35,190.0,443.6
Jeonju,2020-12-01,9.8,1003.6,68.2,2.24,182.2,301.1
Jeonju,2021-01-01,7.3,1005.5,66.9,1.92,117.0,206.7
Jeonju,2021-02-01,10.4,1009.5,57.7,2.44,135.1,179.5
Jeonju,2021-03-01,12.0,1000.0,54.1,2.97,122.8,218.3
Jeonju,2021-04-01,20.0,1002.4,57.1,2.28,130.4,230.7
Jeonju,2021-05-01,22.6,994.7,56.5,2.63,148.1,422.4
Jeonju,2021-06-01,26.7,1006.1,52.5,3.52,221.9,408.1
Jeonju,2021-07-01,30.6,1004.0,62.1,2.02,231.8,534.1
Jeonju,2021-08-01,25.9,1005.6,71.2,2.94,215.3,695.7
Jeonju,2021-09-01,22.4,1007.3,77.5,2.57,179.0,545.2
Jeonju,2021-10-01,15.7,1004.5,81.9,1.73,212.4,419.2
Jeonju,2021-11-01,13.3,1008.2,77.5,2.34,175.1,382.1
Jeonju,2021-12-01,8.3,1002.7,71.8,3.27,139.0,291.7
Jeonju,2022-01-01,8.1,1006.0,63.5,2.41,129.5,222.5
Jeonju,2022-02-01,7.9,1001.9,62.2,2.25,151.1,164.3
Jeonju,2022-03-01,12.9,1006.5,54.8,3.1,129.2,141.9
Jeonju,2022-04-01,18.6,995.3,45.6,2.17,174.1,213.8
Jeonju,2022-05-01,24.1,1002.0,54.6,1.92,215.1,494.0
Jeonju,2022-06-01,24.9,1004.8,58.4,2.35,270.3,458.5
Jeonju,2022-07-01,30.3,1000.4,65.1,1.97,250.9,615.0
Jeonju,2022-08-01,26.0,1003.0,77.1,2.31,227.4,619.5
Jeonju,2022-09-01,23.6,999.4,77.3,2.38,231.5,524.5
Jeonju,2022-10-01,19.5,997.8,81.6,2.28,212.0,475.7
Jeonju,2022-11-01,12.5,1003.5,83.6,2.17,194.4,406.0
Jeonju,2022-12-01,9.0,1004.0,74.3,3.18,196.2,185.6
Jeonju,2023-01-01,9.1,1004.6,69.6,2.77,119.3,211.0
Jeonju,2023-02-01,8.1,1002.8,60.2,2.86,109.9,341.2
Jeonju,2023-03-01,15.0,1004.2,56.6,3.39,121.3,291.8
Jeonju,2023-04-01,18.8,1007.1,52.3,2.77,154.6,298.5
Jeonju,2023-05-01,24.1,1006.9,53.5,1.74,170.5,291.7
Jeonju,2023-06-01,28.1,996.3,62.4,1.83,201.0,587.0
Jeonju,2023-07-01,29.1,1007.0,65.7,1.77,234.6,441.1
Jeonju,2023-08-01,25.6,1003.7,73.0,2.65,223.9,611.2
Jeonju,2023-09-01,25.0,1003.0,70.3,1.99,226.4,582.0
Jeonju,2023-10-01,15.7,1003.6,77.7,2.22,211.7,547.8
Jeonju,2023-11-01,15.3,1009.5,80.2,2.66,210.5,483.9
Jeonju,2023-12-01,10.4,1000.4,66.1,2.46,206.6,307.3
Jeonju,2024-01-01,8.9,1000.2,66.4,2.7,151.3,322.0
Jeonju,2024-02-01,9.9,1003.0,56.8,2.56,146.2,177.4
Jeonju,2024-03-01,12.0,998.3,51.1,2.51,144.7,364.2
Jeonju,2024-04-01,17.1,1000.8,55.8,2.72,154.7,274.9
Jeonju,2024-05-01,25.6,1001.1,52.4,2.78,191.5,403.7
Jeonju,2024-06-01,27.7,1000.8,56.1,2.37,222.2,498.5
Jeonju,2024-07-01,30.4,999.7,67.4,1.96,234.8,538.7
Jeonju,2024-08-01,25.9,1006.6,66.8,2.25,253.3,570.5
Jeonju,2024-09-01,21.3,1001.4,76.2,2.27,188.3,559.6
Jeonju,2024-10-01,18.1,1003.6,74.7,1.64,225.1,504.9
Jeonju,2024-11-01,12.8,1005.0,70.7,2.51,126.0,417.1
Jeonju,2024-12-01,7.6,997.0,68.7,2.13,146.1,279.0
Jeonju,2025-01-01,8.9,1000.9,67.9,2.19,113.3,121.0
Jeonju,2025-02-01,11.1,1009.2,59.5,2.01,148.1,221.7
Jeonju,2025-03-01,13.9,1004.6,51.6,3.01,120.8,225.7
Jeonju,2025-04-01,19.6,998.8,50.2,2.2,190.1,215.7
Jeonju,2025-05-01,23.4,1001.8,48.5,3.16,169.6,389.8
Jeonju,2025-06-01,27.7,999.3,58.9,2.95,200.0,381.1
Jeonju,2025-07-01,27.6,1010.1,66.8,2.69,256.1,587.1
Jeonju,2025-08-01,25.0,1007.9,69.0,1.64,234.4,608.8
Jeonju,2025-09-01,23.5,1009.0,73.9,2.38,262.7,628.7
Jeonju,2025-10-01,19.1,998.5,72.8,2.2,215.2,515.8
Jeonju,2025-11-01,13.7,1007.0,72.5,2.56,135.5,265.0
Jeonju,2025-12-01,12.1,1002.4,68.8,3.06,164.6,333.1
Gwangju,2001-01-01,7.0,1003.0,68.1,2.05,107.9,189.1
Gwangju,2001-02-01,9.0,999.2,55.3,2.09,98.0,321.7
Gwangju,2001-03-01,16.2,1006.7,58.1,3.06,101.0,234.7
Gwangju,2001-04-01,15.3,1011.2,52.4,3.6,197.6,451.5
Gwangju,2001-05-01,23.4,1005.8,55.1,1.85,189.1,358.4
Gwangju,2001-06-01,26.4,1007.3,58.4,2.36,214.0,412.5
Gwangju,2001-07-01,29.4,1000.4,59.7,2.49,212.6,468.7
Gwangju,2001-08-01,25.5,1005.7,67.3,1.93,237.9,600.4
Gwangju,2001-09-01,20.3,1000.3,80.9,2.32,239.2,561.7
Gwangju,2001-10-01,16.2,1010.0,76.5,2.29,178.1,499.2
Gwangju,2001-11-01,13.3,1006.6,76.5,1.25,178.1,335.3
Gwangju,2001-12-01,11.7,999.1,66.1,2.26,157.7,303.3
Gwangju,2002-01-01,7.5,1002.8,70.7,2.19,164.8,285.5
Gwangju,2002-02-01,6.2,1005.7,58.9,2.96,139.3,224.7
Gwangju,2002-03-01,10.4,996.6,56.7,2.56,140.0,315.3
Gwangju,2002-04-01,17.9,1006.3,53.5,2.54,174.0,352.7
Gwangju,2002-05-01,26.7,1004.5,56.4,3.0,137.9,490.8
Gwangju,2002-06-01,27.6,1005.4,59.0,2.69,225.7,543.9
Gwangju,2002-07-01,26.4,1008.7,64.9,2.39,215.9,638.6
Gwangju,2002-08-01,26.5,1003.2,70.9,2.06,242.8,708.6
Gwangju,2002-09-01,24.4,1009.8,76.2,2.68,272.0,538.5
Gwangju,2002-10-01,20.8,1004.5,74.3,2.43,193.8,437.3
Gwangju,2002-11-01,9.3,999.2,76.6,2.05,198.0,393.1
Gwangju,2002-12-01,9.2,1006.7,71.8,1.76,135.0,355.6
Gwangju,2003-01-01,7.6,997.6,64.7,2.49,147.9,175.4
Gwangju,2003-02-01,7.3,998.2,57.9,1.76,87.6,260.3
Gwangju,2003-03-01,13.5,999.6,55.4,2.12,118.4,213.8
Gwangju,2003-04-01,18.9,1001.7,46.9,2.26,162.5,353.2
Gwangju,2003-05-01,21.7,1008.3,52.9,2.26,165.2,520.3
Gwangju,2003-06-01,25.9,999.2,59.9,2.51,231.3,470.3
Gwangju,2003-07-01,27.7,1000.8,65.0,2.5,252.5,514.8
Gwangju,2003-08-01,27.0,997.2,67.8,2.04,227.6,508.3
Gwangju,2003-09-01,21.2,1001.7,75.9,2.22,212.9,570.7
Gwangju,2003-10-01,18.5,1007.2,74.9,2.3,256.2,524.7
Gwangju,2003-11-01,11.9,1006.1,75.5,2.62,202.1,427.1
Gwangju,2003-12-01,8.2,998.2,72.1,2.17,153.4,330.5
Gwangju,2004-01-01,8.0,1007.0,62.0,2.46,153.6,196.5
Gwangju,2004-02-01,8.3,998.8,53.0,2.96,104.6,200.4
Gwangju,2004-03-01,12.6,997.1,54.2,2.46,103.2,283.4
Gwangju,2004-04-01,17.2,1011.3,57.0,2.71,182.6,251.8
Gwangju,2004-05-01,22.1,1006.2,53.9,2.01,196.7,433.2
Gwangju,2004-06-01,27.6,1006.1,55.5,2.05,211.0,555.4
Gwangju,2004-07-01,25.2,995.8,60.6,2.07,240.3,590.6
Gwangju,2004-08-01,27.1,999.2,68.3,2.35,250.7,646.1
Gwangju,2004-09-01,21.7,1000.0,70.7,2.43,278.4,584.9
Gwangju,2004-10-01,19.1,1001.2,73.2,2.15,185.0,515.0
Gwangju,2004-11-01,10.5,1002.6,71.9,2.63,163.5,321.8
Gwangju,2004-12-01,10.4,1010.4,75.2,2.99,143.5,371.2
Gwangju,2005-01-01,4.8,1007.3,58.8,2.3,149.4,333.2
Gwangju,2005-02-01,9.3,1005.4,62.1,2.38,80.2,273.9
Gwangju,2005-03-01,14.0,1011.8,52.5,1.91,148.1,197.8
Gwangju,2005-04-01,18.8,1005.9,50.2,1.36,159.6,292.6
Gwangju,2005-05-01,23.6,1002.7,51.8,2.94,176.2,326.5
Gwangju,2005-06-01,28.2,998.9,62.7,2.06,216.1,475.0
Gwangju,2005-07-01,29.6,997.3,66.5,2.76,260.5,599.2
Gwangju,2005-08-01,23.9,1007.3,75.5,2.38,246.2,634.0
Gwangju,2005-09-01,19.5,1005.4,75.9,2.15,236.0,595.0
Gwangju,2005-10-01,19.5,1002.5,77.5,2.26,215.7,452.7
Gwangju,2005-11-01,13.3,1000.3,77.5,2.09,139.9,364.2
Gwangju,2005-12-01,10.2,1002.0,67.6,1.63,138.7,245.7
Gwangju,2006-01-01,7.3,998.4,65.9,2.4,146.5,390.1
Gwangju,2006-02-01,7.7,1005.5,57.2,2.62,108.1,213.4
Gwangju,2006-03-01,11.0,997.0,55.2,2.32,114.8,225.5
Gwangju,2006-04-01,16.1,1005.3,55.3,2.32,129.9,221.8
Gwangju,2006-05-01,24.1,997.4,59.4,2.35,153.2,394.2
Gwangju,2006-06-01,24.5,1002.5,60.4,2.73,180.6,504.6
Gwangju,2006-07-01,29.8,1000.5,63.0,2.57,221.4,504.2
Gwangju,2006-08-01,27.5,1002.0,74.1,2.26,240.0,589.4
Gwangju,2006-09-01,25.1,1005.8,71.9,2.87,232.3,599.6
Gwangju,2006-10-01,18.2,1000.3,74.2,1.76,213.6,487.6
Gwangju,2006-11-01,15.0,997.5,72.7,2.95,218.9,429.1
Gwangju,2006-12-01,9.9,1007.1,76.0,1.99,163.3,262.5
Gwangju,2007-01-01,5.3,1000.0,64.3,2.19,115.2,310.8
Gwangju,2007-02-01,10.1,1011.9,51.2,1.28,102.1,167.5
Gwangju,2007-03-01,12.4,1006.7,50.6,2.3,127.6,176.5
Gwangju,2007-04-01,18.4,998.9,54.1,2.32,191.9,335.2
Gwangju,2007-05-01,24.9,1004.9,52.2,2.16,200.8,402.3
Gwangju,2007-06-01,25.1,1006.7,63.2,2.33,254.6,472.6
Gwangju,2007-07-01,27.4,1005.4,66.4,2.86,241.7,509.4
Gwangju,2007-08-01,26.9,1000.2,71.3,2.97,274.5,591.3
Gwangju,2007-09-01,20.7,993.9,78.0,2.35,249.0,528.8
Gwangju,2007-10-01,19.0,1008.4,77.7,2.83,211.6,579.7
Gwangju,2007-11-01,16.2,1003.0,78.3,2.16,178.8,433.4
Gwangju,2007-12-01,12.5,998.5,76.8,2.51,160.4,223.3
Gwangju,2008-01-01,5.6,1007.7,60.7,2.14,78.5,179.8
Gwangju,2008-02-01,11.8,998.2,59.5,2.01,99.2,242.5
Gwangju,2008-03-01,16.5,1007.8,56.4,2.43,115.9,128.7
Gwangju,2008-04-01,17.1,1006.9,54.2,2.12,145.4,351.7
Gwangju,2008-05-01,22.8,1007.8,56.3,2.13,198.9,375.6
Gwangju,2008-06-01,28.7,1006.0,56.9,2.51,203.4,541.4
Gwangju,2008-07-01,27.1,996.7,62.6,2.18,283.5,579.8
Gwangju,2008-08-01,26.9,1001.6,71.8,2.46,233.3,591.3
Gwangju,2008-09-01,20.9,1010.4,73.5,2.74,252.8,557.7
Gwangju,2008-10-01,20.5,1005.3,76.9,2.37,195.8,585.1
Gwangju,2008-11-01,11.5,1008.5,79.8,2.6,179.7,328.5
Gwangju,2008-12-01,11.5,1000.7,70.2,2.52,141.5,222.7
Gwangju,2009-01-01,8.4,1003.2,59.5,2.68,150.7,290.0
Gwangju,2009-02-01,12.2,995.8,60.7,2.05,125.8,172.5
Gwangju,2009-03-01,14.6,998.5,48.7,2.8,133.6,246.0
Gwangju,2009-04-01,14.9,1000.9,50.5,2.3,157.0,324.6
Gwangju,2009-05-01,22.2,1002.5,50.1,2.31,192.7,438.1
Gwangju,2009-06-01,27.2,1004.6,61.7,2.51,226.2,560.3
Gwangju,2009-07-01,28.5,1000.1,66.4,1.76,252.4,556.9
Gwangju,2009-08-01,25.4,1003.0,71.3,1.98,255.9,469.2
Gwangju,2009-09-01,20.5,1008.9,77.0,2.64,233.6,550.7
Gwangju,2009-10-01,21.3,1004.3,78.1,2.27,120.4,582.1
Gwangju,2009-11-01,12.6,1003.2,76.2,2.46,179.2,455.7
Gwangju,2009-12-01,8.1,1001.2,67.8,2.36,144.8,248.3
Gwangju,2010-01-01,10.1,1009.8,68.5,2.73,169.0,192.4
Gwangju,2010-02-01,9.1,1006.9,62.5,2.98,119.8,406.5
Gwangju,2010-03-01,13.9,999.6,49.6,2.59,112.7,236.0
Gwangju,2010-04-01,19.3,999.6,54.1,2.28,125.2,361.2
Gwangju,2010-05-01,23.7,997.8,62.2,2.09,247.2,474.4
Gwangju,2010-06-01,24.7,997.4,54.2,2.45,219.5,463.6
Gwangju,2010-07-01,26.6,1007.4,67.1,2.14,189.8,434.7
Gwangju,2010-08-01,26.5,1006.2,76.3,2.22,250.2,542.4
Gwangju,2010-09-01,22.5,1004.7,72.8,2.0,224.5,480.0
Gwangju,2010-10-01,20.5,1007.8,80.7,2.34,208.5,443.8
Gwangju,2010-11-01,11.9,995.2,70.2,2.1,233.4,518.3
Gwangju,2010-12-01,13.1,1006.1,62.0,2.57,144.3,241.4
Gwangju,2011-01-01,9.1,1003.9,59.7,2.77,109.7,226.4
Gwangju,2011-02-01,8.8,1008.6,52.8,2.61,35.6,204.4
Gwangju,2011-03-01,14.8,1009.2,50.4,3.12,134.7,274.5
Gwangju,2011-04-01,20.3,1002.8,53.6,2.98,175.4,318.3
Gwangju,2011-05-01,24.3,997.1,54.2,3.26,172.2,446.0
Gwangju,2011-06-01,28.0,1008.3,60.7,1.29,188.6,485.8
Gwangju,2011-07-01,22.1,998.9,63.2,2.54,220.2,638.2
Gwangju,2011-08-01,25.3,999.4,74.9,2.44,289.8,603.4
Gwangju,2011-09-01,24.2,1004.9,71.3,1.79,238.3,517.7
Gwangju,2011-10-01,17.4,1004.2,80.3,2.44,182.4,435.7
Gwangju,2011-11-01,15.2,1001.6,75.6,2.19,215.1,398.9
Gwangju,2011-12-01,9.7,1009.4,74.7,1.79,151.6,376.6
Gwangju,2012-01-01,9.1,1003.0,57.3,2.93,166.9,252.6
Gwangju,2012-02-01,9.9,1001.6,63.1,2.37,71.8,355.8
Gwangju,2012-03-01,14.4,998.8,59.6,2.58,129.9,197.0
Gwangju,2012-04-01,16.5,1000.9,52.9,1.88,111.4,305.1
Gwangju,2012-05-01,24.8,1004.7,56.4,2.5,163.0,411.9
Gwangju,2012-06-01,26.6,1005.3,60.0,2.97,221.2,471.0
Gwangju,2012-07-01,29.6,1006.4,62.6,2.39,230.6,582.9
Gwangju,2012-08-01,27.6,998.6,74.1,2.44,198.8,661.9
Gwangju,2012-09-01,23.6,1005.3,76.1,2.26,192.4,568.8
Gwangju,2012-10-01,18.9,994.7,75.9,2.02,254.5,558.9
Gwangju,2012-11-01,13.7,1014.9,76.2,2.63,156.6,299.5
Gwangju,2012-12-01,9.4,1000.2,73.3,2.77,140.1,252.2
Gwangju,2013-01-01,9.4,1009.4,65.5,2.15,103.0,237.6
Gwangju,2013-02-01,11.6,1000.3,58.3,2.2,88.3,340.6
Gwangju,2013-03-01,12.8,1011.4,54.1,3.38,147.7,322.5
Gwangju,2013-04-01,18.0,1002.8,49.5,3.08,164.8,451.8
Gwangju,2013-05-01,21.1,997.1,54.2,1.92,145.2,519.9
Gwangju,2013-06-01,26.9,1001.4,56.1,2.97,233.7,416.9
Gwangju,2013-07-01,28.8,1002.8,67.0,2.05,281.8,440.1
Gwangju,2013-08-01,27.2,1002.2,75.1,1.96,243.1,484.2
Gwangju,2013-09-01,24.7,999.3,74.2,2.24,276.1,506.2
Gwangju,2013-10-01,17.1,997.8,71.6,2.69,203.5,592.4
Gwangju,2013-11-01,14.5,1002.2,67.0,2.37,211.4,473.3
Gwangju,2013-12-01,10.7,1000.1,73.3,2.2,135.5,352.4
Gwangju,2014-01-01,6.6,1007.1,59.9,1.84,65.4,298.3
Gwangju,2014-02-01,7.3,1007.3,56.2,2.94,149.8,238.8
Gwangju,2014-03-01,12.9,997.6,51.9,2.43,111.7,293.3
Gwangju,2014-04-01,16.9,1004.1,50.2,2.32,153.6,343.6
Gwangju,2014-05-01,23.4,1005.6,56.5,2.77,147.1,374.2
Gwangju,2014-06-01,24.6,1001.2,52.6,3.22,215.3,497.5
Gwangju,2014-07-01,29.0,1007.5,69.6,2.35,154.4,481.2
Gwangju,2014-08-01,28.6,1006.6,77.7,3.27,212.6,491.7
Gwangju,2014-09-01,21.8,1002.9,75.3,1.48,194.1,532.8
Gwangju,2014-10-01,17.6,999.9,72.4,3.01,224.9,396.3
Gwangju,2014-11-01,13.6,1000.8,74.1,2.95,202.1,382.9
Gwangju,2014-12-01,10.0,1003.7,73.9,2.95,166.3,260.2
Gwangju,2015-01-01,9.3,999.8,72.2,1.63,83.9,227.9
Gwangju,2015-02-01,10.2,998.3,57.7,2.68,138.8,235.9
Gwangju,2015-03-01,15.0,1003.0,52.1,2.72,102.7,224.8
Gwangju,2015-04-01,19.0,1006.4,55.8,2.65,167.0,270.7
Gwangju,2015-05-01,23.1,1003.8,50.3,2.4,249.1,344.8
Gwangju,2015-06-01,28.7,1002.8,62.7,2.91,188.7,509.3
Gwangju,2015-07-01,30.4,995.1,64.6,2.45,207.0,624.6
Gwangju,2015-08-01,26.3,999.9,67.1,2.35,219.1,552.9
Gwangju,2015-09-01,19.8,1005.3,82.5,2.92,228.8,611.4
Gwangju,2015-10-01,16.0,1003.3,77.4,2.53,238.0,518.6
Gwangju,2015-11-01,11.7,1007.2,72.9,2.86,164.0,350.1
Gwangju,2015-12-01,9.5,1006.3,70.3,1.9,184.6,285.4
Gwangju,2016-01-01,5.9,1006.3,58.1,2.28,155.6,212.3
Gwangju,2016-02-01,10.6,998.8,63.5,2.75,89.2,326.5
Gwangju,2016-03-01,14.4,1003.1,52.9,2.01,98.0,333.2
Gwangju,2016-04-01,18.6,1002.7,58.0,2.29,137.4,269.8
Gwangju,2016-05-01,25.7,996.4,58.0,2.92,235.9,460.7
Gwangju,2016-06-01,28.7,1008.0,58.8,2.02,215.9,533.1
Gwangju,2016-07-01,29.1,1002.2,66.2,2.41,255.5,673.4
Gwangju,2016-08-01,25.1,1004.5,73.5,2.57,231.8,512.0
Gwangju,2016-09-01,23.0,1001.1,71.9,2.04,219.8,511.2
Gwangju,2016-10-01,16.4,1004.0,79.1,3.15,226.9,517.0
Gwangju,2016-11-01,13.7,1006.7,71.8,2.98,202.9,362.4
Gwangju,2016-12-01,5.2,1005.4,72.7,2.27,96.4,290.4
Gwangju,2017-01-01,4.7,1002.8,67.3,2.3,138.8,231.3
Gwangju,2017-02-01,9.0,997.7,58.0,2.57,141.1,203.6
Gwangju,2017-03-01,13.9,1003.1,54.7,2.16,111.9,238.2
Gwangju,2017-04-01,17.6,1009.3,54.1,3.4,138.5,430.2
Gwangju,2017-05-01,20.2,1005.1,52.6,2.6,156.5,410.6
Gwangju,2017-06-01,27.3,999.3,54.1,2.71,220.1,522.1
Gwangju,2017-07-01,26.7,1002.2,66.5,2.16,258.3,638.6
Gwangju,2017-08-01,26.9,1006.2,67.5,2.37,244.6,549.4
Gwangju,2017-09-01,23.5,1005.1,77.2,2.01,227.4,441.5
Gwangju,2017-10-01,19.4,1001.7,74.5,3.04,188.5,507.5
Gwangju,2017-11-01,13.9,1010.1,73.5,2.3,213.7,362.2
Gwangju,2017-12-01,8.2,1005.7,70.6,2.26,153.0,307.6
Gwangju,2018-01-01,8.4,1002.1,64.7,2.61,162.9,273.8
Gwangju,2018-02-01,10.3,1012.2,60.0,1.95,129.1,241.8
Gwangju,2018-03-01,13.3,998.2,55.6,2.25,138.8,363.4
Gwangju,2018-04-01,20.3,997.7,61.8,2.27,172.3,251.3
Gwangju,2018-05-01,23.9,1006.0,57.5,2.38,193.3,355.8
Gwangju,2018-06-01,29.5,1007.2,60.9,2.76,208.5,454.0
Gwangju,2018-07-01,29.7,998.2,61.0,1.89,229.0,716.7
Gwangju,2018-08-01,27.8,1001.5,73.8,2.46,328.9,551.7
Gwangju,2018-09-01,21.7,1002.0,72.4,2.94,199.1,533.9
Gwangju,2018-10-01,17.9,999.7,72.7,2.92,238.0,539.2
Gwangju,2018-11-01,15.0,1010.4,78.9,2.29,214.9,488.3
Gwangju,2018-12-01,7.7,1002.9,65.4,1.98,155.5,326.0
Gwangju,2019-01-01,11.3,997.6,59.9,3.14,102.8,252.7
Gwangju,2019-02-01,8.2,998.3,54.4,2.59,134.9,255.6
Gwangju,2019-03-01,14.6,1000.7,54.1,3.05,156.5,228.7
Gwangju,2019-04-01,16.2,1015.1,55.4,3.57,162.3,265.0
Gwangju,2019-05-01,26.8,1004.4,53.9,2.54,224.3,332.3
Gwangju,2019-06-01,26.5,993.2,53.9,2.34,176.2,387.4
Gwangju,2019-07-01,28.7,1009.6,68.6,1.91,247.4,580.8
Gwangju,2019-08-01,24.1,1001.2,74.3,2.09,232.7,517.4
Gwangju,2019-09-01,22.6,1010.7,70.8,2.53,188.0,637.3
Gwangju,2019-10-01,17.3,999.8,66.7,2.35,272.6,469.7
Gwangju,2019-11-01,15.9,1006.2,70.9,2.62,210.8,555.5
Gwangju,2019-12-01,7.6,1009.6,70.1,2.53,141.2,319.6
Gwangju,2020-01-01,5.4,1000.5,63.6,2.81,142.0,168.1
Gwangju,2020-02-01,7.2,1005.5,62.5,2.5,114.2,272.4
Gwangju,2020-03-01,12.2,1005.2,47.6,2.53,89.7,200.9
Gwangju,2020-04-01,19.9,1002.1,54.3,2.0,155.3,458.2
Gwangju,2020-05-01,23.3,1001.5,56.2,2.57,147.0,460.9
Gwangju,2020-06-01,25.4,1003.3,55.5,2.66,239.6,465.8
Gwangju,2020-07-01,30.1,1000.6,65.6,2.29,234.8,549.3
Gwangju,2020-08-01,24.3,1005.2,74.5,2.25,196.1,607.4
Gwangju,2020-09-01,22.5,1010.2,83.0,2.03,280.0,593.0
Gwangju,2020-10-01,18.1,1004.4,77.5,2.29,184.4,542.1
Gwangju,2020-11-01,13.5,1002.2,71.3,2.55,135.7,389.9
Gwangju,2020-12-01,10.2,1010.4,68.4,2.24,152.7,294.9
Gwangju,2021-01-01,5.1,1012.8,70.9,1.84,146.5,185.3
Gwangju,2021-02-01,8.3,1000.8,54.4,2.39,123.1,86.1
Gwangju,2021-03-01,11.9,996.7,52.6,2.72,149.6,353.2
Gwangju,2021-04-01,20.2,1001.0,50.8,1.89,158.2,291.3
Gwangju,2021-05-01,22.3,1008.7,55.6,2.18,178.5,379.1
Gwangju,2021-06-01,26.8,998.6,60.6,1.77,237.6,521.6
Gwangju,2021-07-01,26.2,1002.0,68.3,1.97,198.3,510.8
Gwangju,2021-08-01,29.2,1004.0,72.5,2.78,228.9,585.3
Gwangju,2021-09-01,25.1,1005.0,68.3,3.18,250.4,639.6
Gwangju,2021-10-01,20.3,1004.2,77.0,2.38,249.2,444.6
Gwangju,2021-11-01,13.5,1005.3,69.4,2.07,133.1,426.0
Gwangju,2021-12-01,8.2,1002.3,72.6,2.38,176.1,312.4
Gwangju,2022-01-01,7.5,1008.4,59.2,2.43,135.4,264.5
Gwangju,2022-02-01,8.8,1004.2,62.6,2.9,85.5,206.6
Gwangju,2022-03-01,14.0,1007.5,53.0,2.23,81.9,182.3
Gwangju,2022-04-01,18.5,1002.8,57.7,2.22,165.7,238.4
Gwangju,2022-05-01,24.8,1001.4,56.1,2.26,218.1,400.5
Gwangju,2022-06-01,27.6,1004.1,62.8,1.92,164.9,487.5
Gwangju,2022-07-01,28.6,1007.3,65.1,2.37,226.6,564.3
Gwangju,2022-08-01,27.1,1002.5,72.2,3.07,230.8,542.9
Gwangju,2022-09-01,24.6,1002.4,71.3,2.13,207.0,560.6
Gwangju,2022-10-01,19.0,998.7,80.2,1.53,235.6,511.0
Gwangju,2022-11-01,13.5,1000.3,73.8,2.5,205.2,311.2
Gwangju,2022-12-01,10.5,1003.5,72.6,2.44,142.2,239.6
Gwangju,2023-01-01,8.2,1001.0,69.4,2.09,86.1,364.4
Gwangju,2023-02-01,8.0,1009.4,56.6,1.78,133.8,213.6
Gwangju,2023-03-01,13.9,996.6,49.7,1.97,134.8,136.2
Gwangju,2023-04-01,17.7,1000.4,51.9,2.27,185.5,290.5
Gwangju,2023-05-01,22.8,1009.0,54.9,2.82,146.5,329.2
Gwangju,2023-06-01,27.9,1005.3,63.9,2.22,197.0,546.9
Gwangju,2023-07-01,27.0,996.6,68.1,2.12,226.7,547.1
Gwangju,2023-08-01,26.2,1002.8,75.6,2.14,229.8,541.5
Gwangju,2023-09-01,21.8,1000.6,74.4,1.31,271.4,619.2
Gwangju,2023-10-01,17.3,996.7,74.8,2.78,213.9,500.5
Gwangju,2023-11-01,14.2,1002.6,73.8,1.68,146.3,359.1
Gwangju,2023-12-01,10.7,1006.3,73.9,2.39,140.0,246.1
Gwangju,2024-01-01,8.6,1002.8,67.3,2.29,148.6,182.7
Gwangju,2024-02-01,9.3,1004.0,53.5,2.83,117.7,185.7
Gwangju,2024-03-01,11.3,1010.9,59.2,2.07,129.8,213.2
Gwangju,2024-04-01,17.8,998.6,53.7,1.71,139.9,275.6
Gwangju,2024-05-01,22.9,994.9,47.2,2.51,174.1,348.2
Gwangju,2024-06-01,26.1,1002.5,57.1,2.57,251.3,488.3
Gwangju,2024-07-01,26.1,1005.3,65.5,2.48,247.1,588.7
Gwangju,2024-08-01,27.9,1004.1,70.6,2.32,247.1,655.0
Gwangju,2024-09-01,21.2,1005.8,79.9,2.15,217.3,558.6
Gwangju,2024-10-01,16.3,1006.6,74.3,2.66,190.8,520.1
Gwangju,2024-11-01,11.7,1001.1,79.1,2.05,205.9,360.0
Gwangju,2024-12-01,11.0,1005.6,69.3,2.23,151.2,215.1
Gwangju,2025-01-01,9.0,1001.7,63.7,2.24,177.2,260.6
Gwangju,2025-02-01,7.7,1001.9,61.7,2.06,136.2,215.1
Gwangju,2025-03-01,12.5,996.4,59.7,2.14,141.6,307.7
Gwangju,2025-04-01,16.6,1003.7,55.5,2.42,156.7,353.0
Gwangju,2025-05-01,23.0,999.7,51.9,2.11,200.3,396.9
Gwangju,2025-06-01,27.7,1005.6,60.4,3.08,266.6,546.8
Gwangju,2025-07-01,28.9,998.7,68.4,2.24,248.4,503.9
Gwangju,2025-08-01,26.5,1003.7,67.4,2.6,255.2,542.4
Gwangju,2025-09-01,23.6,1008.0,76.7,2.83,282.8,559.1
Gwangju,2025-10-01,16.5,1005.5,75.3,2.56,230.3,521.1
Gwangju,2025-11-01,14.3,996.2,75.4,2.89,173.6,408.0
Gwangju,2025-12-01,8.7,999.9,70.2,2.5,139.2,312.2
Busan,2001-01-01,9.8,1006.8,62.5,2.83,164.8,261.7
Busan,2001-02-01,11.9,1007.6,53.8,1.69,92.6,115.7
Busan,2001-03-01,11.3,996.0,54.7,2.37,119.1,224.3
Busan,2001-04-01,21.4,1003.7,52.2,2.64,205.3,207.2
Busan,2001-05-01,25.5,1007.7,56.8,2.53,136.4,358.0
Busan,2001-06-01,24.4,1006.3,54.3,2.25,189.6,370.2
Busan,2001-07-01,27.5,1001.8,67.0,2.42,214.3,559.1
Busan,2001-08-01,28.3,1004.4,73.2,2.21,257.0,662.6
Busan,2001-09-01,25.6,1004.3,74.5,2.33,195.1,451.4
Busan,2001-10-01,18.1,1001.9,74.1,2.32,191.2,518.8
Busan,2001-11-01,13.6,1009.2,74.8,1.65,193.9,362.2
Busan,2001-12-01,10.8,997.0,77.8,1.64,156.8,271.5
Busan,2002-01-01,8.0,1004.6,59.4,1.67,101.7,199.9
Busan,2002-02-01,10.5,1001.2,51.9,2.47,106.5,217.7
Busan,2002-03-01,13.0,1005.4,58.7,2.73,171.6,203.8
Busan,2002-04-01,17.8,1002.8,49.0,2.44,145.7,331.5
Busan,2002-05-01,25.5,998.4,60.0,2.94,217.2,441.1
Busan,2002-06-01,25.0,1001.5,56.6,2.33,179.5,543.1
Busan,2002-07-01,27.6,1003.2,69.7,1.65,243.4,532.0
Busan,2002-08-01,28.5,1005.0,73.5,2.07,200.2,559.7
Busan,2002-09-01,24.3,1001.8,76.2,1.76,247.6,582.7
Busan,2002-10-01,16.8,1003.3,73.5,1.75,183.6,468.1
Busan,2002-11-01,11.7,1004.5,74.5,2.14,215.9,490.3
Busan,2002-12-01,11.1,1013.1,69.9,2.7,159.5,331.4
Busan,2003-01-01,6.1,996.2,62.8,2.57,147.2,311.1
Busan,2003-02-01,7.9,1004.1,51.6,2.76,137.7,283.8
Busan,2003-03-01,15.6,996.2,50.5,2.03,120.3,275.8
Busan,2003-04-01,19.7,1005.9,55.5,2.97,87.8,372.1
Busan,2003-05-01,24.1,1002.4,56.2,3.27,146.5,208.7
Busan,2003-06-01,25.9,997.2,62.1,2.66,217.9,519.2
Busan,2003-07-01,28.1,1006.2,67.1,2.33,205.3,589.5
Busan,2003-08-01,26.2,1008.4,70.5,2.8,245.8,689.5
Busan,2003-09-01,22.2,1004.7,75.4,2.22,237.3,594.5
Busan,2003-10-01,18.4,1005.1,76.8,2.06,204.1,580.7
Busan,2003-11-01,12.7,1004.5,75.4,2.56,170.7,369.3
Busan,2003-12-01,8.4,1007.3,69.8,2.99,149.8,376.6
Busan,2004-01-01,6.8,1004.8,64.4,1.83,119.5,213.0
Busan,2004-02-01,10.0,999.2,58.2,2.72,65.6,173.5
Busan,2004-03-01,10.7,1000.4,54.0,2.73,178.1,351.9
Busan,2004-04-01,16.3,1004.4,54.7,2.81,176.6,278.6
Busan,2004-05-01,19.0,1001.7,56.1,2.72,189.9,393.0
Busan,2004-06-01,27.8,1003.4,61.8,2.76,241.4,560.9
Busan,2004-07-01,31.3,1001.6,68.0,2.4,244.9,558.5
Busan,2004-08-01,26.2,1004.4,71.6,3.09,230.6,591.0
Busan,2004-09-01,24.0,1004.5,67.2,2.31,175.4,552.2
Busan,2004-10-01,20.7,1005.3,69.8,2.31,225.1,469.1
Busan,2004-11-01,14.6,1007.0,82.5,1.77,185.2,331.5
Busan,2004-12-01,9.3,1001.6,77.4,2.56,190.8,285.8
Busan,2005-01-01,6.7,1003.2,65.0,3.11,118.3,124.1
Busan,2005-02-01,9.8,1004.1,64.2,2.09,76.3,239.8
Busan,2005-03-01,11.3,1000.3,52.4,2.31,113.3,192.4
Busan,2005-04-01,19.5,1008.5,54.1,2.5,166.0,300.5
Busan,2005-05-01,22.2,1001.7,55.8,2.11,135.7,358.2
Busan,2005-06-01,27.2,998.9,62.4,2.61,234.5,369.2
Busan,2005-07-01,24.5,1001.8,75.5,2.19,233.6,515.7
Busan,2005-08-01,26.0,1000.0,67.9,2.0,222.3,618.6
Busan,2005-09-01,20.2,1001.5,70.6,2.67,222.7,551.5
Busan,2005-10-01,15.6,1004.0,74.4,2.42,248.9,665.1
Busan,2005-11-01,12.1,1002.0,79.8,2.83,153.0,344.2
Busan,2005-12-01,9.2,1009.6,70.5,2.47,189.7,393.7
Busan,2006-01-01,12.4,1007.0,63.6,2.58,187.8,301.2
Busan,2006-02-01,8.1,1007.0,62.1,3.07,158.1,229.0
Busan,2006-03-01,12.1,1003.0,52.9,2.63,153.6,243.6
Busan,2006-04-01,17.6,993.4,58.1,2.73,132.5,263.3
Busan,2006-05-01,23.6,1007.9,55.2,1.73,179.1,397.4
Busan,2006-06-01,28.2,1008.0,62.9,2.08,191.9,569.4
Busan,2006-07-01,26.5,1004.8,64.5,2.78,187.6,497.1
Busan,2006-08-01,27.0,999.9,72.8,2.24,225.2,633.7
Busan,2006-09-01,24.2,1000.7,82.2,2.51,241.5,540.9
Busan,2006-10-01,20.4,1000.6,73.3,2.87,223.9,393.0
Busan,2006-11-01,15.1,1006.0,70.8,2.82,195.3,508.1
Busan,2006-12-01,8.7,1009.0,69.2,1.8,151.0,313.7
Busan,2007-01-01,8.7,1000.7,69.7,2.09,134.0,263.9
Busan,2007-02-01,11.4,1005.5,54.3,2.39,81.8,345.1
Busan,2007-03-01,13.3,1005.3,57.0,2.38,112.6,344.0
Busan,2007-04-01,17.2,1001.5,51.3,2.0,154.1,294.0
Busan,2007-05-01,24.0,1001.2,56.0,2.51,130.4,338.8
Busan,2007-06-01,27.4,1002.7,54.3,2.98,216.1,441.0
Busan,2007-07-01,27.7,999.4,65.3,2.72,219.6,522.8
Busan,2007-08-01,25.3,1002.2,70.6,2.66,236.0,512.6
Busan,2007-09-01,23.9,1005.3,72.6,2.7,253.9,537.1
Busan,2007-10-01,18.2,999.4,73.6,2.45,213.9,507.1
Busan,2007-11-01,14.1,1000.6,73.1,2.19,136.7,312.6
Busan,2007-12-01,11.4,1001.7,67.5,1.79,156.4,342.3
Busan,2008-01-01,7.9,1001.6,64.0,1.91,131.3,283.2
Busan,2008-02-01,9.8,1008.9,57.9,2.24,148.2,207.3
Busan,2008-03-01,12.6,1003.4,57.8,2.54,149.5,182.4
Busan,2008-04-01,18.4,1001.5,53.0,2.58,127.8,275.4
Busan,2008-05-01,22.5,1004.4,55.6,2.36,154.5,508.3
Busan,2008-06-01,29.2,997.6,50.8,2.36,199.5,340.3
Busan,2008-07-01,26.3,999.0,61.4,2.75,221.9,643.9
Busan,2008-08-01,24.3,998.9,72.2,2.55,260.6,643.1
Busan,2008-09-01,21.5,1003.6,73.7,2.15,241.3,646.3
Busan,2008-10-01,19.1,999.7,71.9,2.63,233.6,534.2
Busan,2008-11-01,13.1,1006.0,72.9,2.36,197.3,355.5
Busan,2008-12-01,7.2,998.1,73.9,2.7,140.2,304.6
Busan,2009-01-01,9.5,1004.5,62.9,2.6,103.2,204.6
Busan,2009-02-01,9.1,1004.0,57.5,2.43,124.4,157.6
Busan,2009-03-01,10.2,993.7,58.7,1.74,98.0,262.1
Busan,2009-04-01,17.5,1001.9,51.6,1.63,149.4,303.1
Busan,2009-05-01,20.9,1005.2,55.6,2.58,225.5,405.5
Busan,2009-06-01,27.7,999.3,60.3,2.59,196.3,548.4
Busan,2009-07-01,26.4,1010.1,64.9,2.94,248.3,555.5
Busan,2009-08-01,23.3,1012.7,71.8,2.65,269.1,612.4
Busan,2009-09-01,22.9,1005.4,74.8,2.46,270.8,542.4
Busan,2009-10-01,18.3,995.2,75.9,3.28,222.0,522.5
Busan,2009-11-01,14.9,1001.1,69.9,2.76,203.4,305.2
Busan,2009-12-01,10.3,1003.1,65.3,2.59,124.2,192.0
Busan,2010-01-01,8.8,1005.5,67.7,2.38,84.8,240.1
Busan,2010-02-01,10.2,1003.1,62.0,3.16,93.2,294.0
Busan,2010-03-01,12.6,1001.0,55.2,2.26,120.0,225.5
Busan,2010-04-01,18.2,1001.6,51.8,2.18,166.7,393.0
Busan,2010-05-01,22.9,1001.2,55.9,2.38,134.2,378.7
Busan,2010-06-01,26.8,997.7,59.2,2.65,238.7,435.9
Busan,2010-07-01,31.1,1003.3,62.4,2.5,258.6,557.6
Busan,2010-08-01,25.6,1003.4,75.3,2.08,248.9,505.7
Busan,2010-09-01,24.4,1002.1,74.4,2.47,213.4,513.5
Busan,2010-10-01,18.5,1002.9,77.2,2.84,197.9,497.8
Busan,2010-11-01,12.7,1004.4,83.9,2.74,204.6,388.1
Busan,2010-12-01,10.7,1003.7,70.5,2.55,193.5,237.7
Busan,2011-01-01,7.4,1003.0,66.4,3.1,104.5,249.1
Busan,2011-02-01,7.2,1003.5,54.9,2.45,116.8,71.2
Busan,2011-03-01,13.7,999.2,56.1,2.73,106.1,231.8
Busan,2011-04-01,16.6,1005.0,52.4,2.19,160.7,323.6
Busan,2011-05-01,21.2,1004.5,56.5,2.83,165.1,471.4
Busan,2011-06-01,28.3,1003.5,59.5,1.95,242.4,455.7
Busan,2011-07-01,29.9,991.8,63.8,2.72,226.0,520.5
Busan,2011-08-01,28.6,1003.4,69.0,3.23,244.5,707.7
Busan,2011-09-01,25.4,1004.1,71.1,2.5,194.0,550.2
Busan,2011-10-01,18.9,1009.4,78.7,3.24,209.8,372.5
Busan,2011-11-01,14.2,1003.8,71.2,2.34,170.4,378.2
Busan,2011-12-01,9.8,996.3,66.8,2.02,140.5,273.3
Busan,2012-01-01,5.7,1005.7,65.0,2.76,115.3,117.6
Busan,2012-02-01,10.6,1006.2,56.0,2.41,114.3,213.7
Busan,2012-03-01,13.6,1001.0,52.3,1.58,116.2,216.9
Busan,2012-04-01,21.1,1004.0,49.8,3.05,174.0,365.8
Busan,2012-05-01,24.8,997.0,53.6,2.96,169.8,493.8
Busan,2012-06-01,24.7,1003.3,56.7,2.26,217.0,449.9
Busan,2012-07-01,27.0,1006.9,71.0,2.14,224.8,619.3
Busan,2012-08-01,26.1,1004.2,72.5,2.43,224.6,605.0
Busan,2012-09-01,23.6,1002.7,71.3,2.81,249.0,596.7
Busan,2012-10-01,17.5,997.0,71.4,1.84,183.1,483.9
Busan,2012-11-01,14.4,1006.2,78.8,2.5,162.1,355.5
Busan,2012-12-01,9.5,1000.7,74.1,2.66,112.1,369.4
Busan,2013-01-01,7.6,1007.8,69.5,1.82,101.8,264.5
Busan,2013-02-01,8.1,1001.7,64.8,2.43,147.6,162.9
Busan,2013-03-01,11.0,1010.0,54.2,2.57,101.8,200.0
Busan,2013-04-01,18.8,1006.1,52.0,2.33,114.6,367.2
Busan,2013-05-01,22.0,1006.4,55.5,2.52,175.3,519.0
Busan,2013-06-01,27.9,1001.4,63.3,2.51,194.0,565.5
Busan,2013-07-01,27.3,1000.9,64.9,2.21,250.9,591.6
Busan,2013-08-01,29.6,993.9,74.0,2.44,204.3,523.1
Busan,2013-09-01,23.6,1000.9,74.3,2.65,260.6,517.9
Busan,2013-10-01,17.0,1001.5,75.5,2.4,222.7,483.6
Busan,2013-11-01,13.3,1004.2,74.4,3.04,189.5,404.4
Busan,2013-12-01,10.6,1004.2,70.3,2.35,148.2,306.6
Busan,2014-01-01,5.9,1004.2,67.0,1.98,114.9,303.7
Busan,2014-02-01,8.0,999.7,60.5,2.62,155.8,199.3
Busan,2014-03-01,12.3,1007.1,59.5,1.62,110.7,211.2
Busan,2014-04-01,18.3,1003.1,55.8,2.7,130.8,385.5
Busan,2014-05-01,25.4,1012.9,51.4,2.82,170.9,442.9
Busan,2014-06-01,24.9,1003.0,67.8,2.52,227.2,447.1
Busan,2014-07-01,28.0,1007.1,70.1,1.77,226.3,587.5
Busan,2014-08-01,27.7,1004.7,70.0,1.8,252.2,689.9
Busan,2014-09-01,24.6,1001.7,77.9,2.27,264.8,549.2
Busan,2014-10-01,17.3,1003.6,75.3,2.88,216.0,461.5
Busan,2014-11-01,13.5,1005.4,76.3,2.33,160.0,363.2
Busan,2014-12-01,8.7,1003.7,67.7,2.4,88.0,333.4
Busan,2015-01-01,9.3,999.2,60.4,2.58,130.0,210.0
Busan,2015-02-01,9.3,1008.0,59.8,3.36,112.3,221.0
Busan,2015-03-01,12.5,1003.0,54.4,2.05,150.7,213.8
Busan,2015-04-01,17.9,1006.5,53.7,2.2,146.5,293.0
Busan,2015-05-01,23.2,1002.1,49.3,3.12,213.7,338.0
Busan,2015-06-01,27.0,1010.1,57.8,2.54,146.8,539.4
Busan,2015-07-01,26.3,1004.5,65.1,3.15,215.2,717.4
Busan,2015-08-01,28.0,994.1,73.1,2.54,236.7,549.0
Busan,2015-09-01,21.6,996.0,77.2,1.71,224.1,599.3
Busan,2015-10-01,16.8,1002.6,81.8,2.76,198.5,473.5
Busan,2015-11-01,10.7,1001.1,76.7,2.0,164.4,391.8
Busan,2015-12-01,8.8,1004.6,71.3,2.5,104.8,375.4
Busan,2016-01-01,9.1,999.8,57.0,2.92,135.6,181.0
Busan,2016-02-01,11.5,1012.0,65.6,2.26,128.9,274.5
Busan,2016-03-01,11.2,1001.0,59.0,2.79,160.0,256.6
Busan,2016-04-01,16.4,1010.2,46.5,2.64,151.9,306.4
Busan,2016-05-01,21.4,998.8,50.0,2.19,192.1,357.3
Busan,2016-06-01,26.5,997.2,63.9,2.78,209.5,561.0
Busan,2016-07-01,28.5,1002.4,62.5,2.82,211.4,601.1
Busan,2016-08-01,23.2,1000.7,71.0,2.41,255.5,483.3
Busan,2016-09-01,23.2,1002.9,74.1,2.18,217.0,532.2
Busan,2016-10-01,20.0,1005.1,76.6,2.1,233.6,414.8
Busan,2016-11-01,12.6,1009.7,76.9,2.48,201.4,382.2
Busan,2016-12-01,8.7,1003.6,71.4,2.15,133.0,337.7
Busan,2017-01-01,9.0,1006.3,66.8,2.9,100.9,292.2
Busan,2017-02-01,9.0,997.7,57.7,2.69,105.5,225.0
Busan,2017-03-01,13.5,998.3,52.0,2.47,126.8,236.4
Busan,2017-04-01,18.5,1002.3,52.8,2.25,157.2,338.0
Busan,2017-05-01,21.7,1004.4,63.4,2.32,213.4,404.9
Busan,2017-06-01,27.8,1009.5,55.7,2.47,222.0,489.2
Busan,2017-07-01,26.4,994.4,62.3,2.05,247.7,543.8
Busan,2017-08-01,26.7,998.1,70.1,2.28,203.8,546.5
Busan,2017-09-01,22.3,1007.5,83.8,2.26,225.3,590.4
Busan,2017-10-01,17.1,1001.9,75.0,2.79,221.8,403.1
Busan,2017-11-01,10.5,1000.1,75.2,2.22,177.3,482.2
Busan,2017-12-01,10.9,1003.7,68.3,2.52,170.1,342.7
Busan,2018-01-01,5.0,1006.2,64.5,1.89,100.6,261.3
Busan,2018-02-01,7.6,1000.1,61.2,2.37,149.0,234.5
Busan,2018-03-01,13.6,1000.0,54.4,2.67,105.9,244.3
Busan,2018-04-01,18.2,1005.1,59.2,2.29,168.1,284.6
Busan,2018-05-01,27.1,1004.7,55.6,2.37,183.5,428.8
Busan,2018-06-01,26.6,1003.5,60.9,2.0,231.5,480.4
Busan,2018-07-01,25.8,1004.6,64.7,1.87,273.9,584.9
Busan,2018-08-01,24.9,1002.9,72.7,2.6,235.1,578.7
Busan,2018-09-01,24.4,1003.3,76.7,2.22,180.8,603.3
Busan,2018-10-01,19.4,1008.6,76.9,2.39,187.5,545.4
Busan,2018-11-01,10.5,1005.1,74.0,2.69,207.4,384.2
Busan,2018-12-01,7.0,1006.8,72.3,2.33,175.0,261.5
Busan,2019-01-01,7.6,1000.8,64.7,1.73,134.2,241.5
Busan,2019-02-01,11.6,1002.2,57.0,2.27,124.8,277.4
Busan,2019-03-01,13.5,1005.3,60.2,2.43,137.1,290.4
Busan,2019-04-01,20.6,1002.7,56.7,2.43,189.0,263.5
Busan,2019-05-01,23.3,1005.1,51.6,1.67,226.0,455.6
Busan,2019-06-01,28.1,1004.6,58.3,1.97,201.7,567.5
Busan,2019-07-01,26.1,1006.7,66.7,2.15,264.0,600.4
Busan,2019-08-01,26.6,1005.7,65.3,1.48,252.8,685.4
Busan,2019-09-01,22.9,999.3,79.3,3.32,216.3,555.2
Busan,2019-10-01,17.0,1001.0,72.1,2.08,217.6,523.8
Busan,2019-11-01,12.1,1004.0,73.5,2.69,193.0,377.6
Busan,2019-12-01,8.7,1002.2,79.3,2.14,124.2,282.6
Busan,2020-01-01,9.2,999.9,63.3,1.88,162.0,354.3
Busan,2020-02-01,9.8,1007.6,56.9,2.81,101.6,137.0
Busan,2020-03-01,11.5,1001.0,53.0,2.5,137.9,282.5
Busan,2020-04-01,17.7,1002.6,51.9,2.55,125.7,262.6
Busan,2020-05-01,22.4,1004.0,54.3,2.41,202.3,418.4
Busan,2020-06-01,28.7,1010.3,57.8,2.47,188.5,484.5
Busan,2020-07-01,28.0,1005.3,69.2,2.58,202.4,572.2
Busan,2020-08-01,26.2,1002.9,73.9,1.81,240.8,622.8
Busan,2020-09-01,24.8,1001.7,69.7,2.7,197.0,626.4
Busan,2020-10-01,17.8,1005.8,77.3,2.56,195.6,517.7
Busan,2020-11-01,14.1,1002.2,76.7,2.39,182.7,362.5
Busan,2020-12-01,9.1,1005.1,68.8,2.62,149.8,184.8
Busan,2021-01-01,6.5,1011.0,69.7,1.87,136.2,258.7
Busan,2021-02-01,9.3,1001.0,55.5,2.68,111.8,223.3
Busan,2021-03-01,11.5,1005.1,58.1,2.53,78.6,249.9
Busan,2021-04-01,20.2,1006.7,57.7,2.37,184.8,191.7
Busan,2021-05-01,24.7,999.6,55.0,2.68,164.1,308.5
Busan,2021-06-01,25.8,1002.8,61.7,2.59,235.9,622.8
Busan,2021-07-01,26.4,1003.8,61.0,2.88,206.6,556.7
Busan,2021-08-01,23.9,995.5,71.6,2.83,234.5,583.6
Busan,2021-09-01,23.7,999.4,74.0,2.65,204.2,543.0
Busan,2021-10-01,17.0,1003.9,81.3,2.19,272.1,504.5
Busan,2021-11-01,12.4,999.5,72.1,2.84,134.2,378.2
Busan,2021-12-01,7.4,1003.0,67.8,2.14,106.7,225.9
Busan,2022-01-01,5.8,1004.9,64.9,2.46,98.2,325.0
Busan,2022-02-01,10.0,1015.4,57.7,2.07,108.9,129.7
Busan,2022-03-01,16.0,1002.4,51.4,2.11,138.0,281.0
Busan,2022-04-01,17.8,1008.9,51.8,1.72,128.3,333.2
Busan,2022-05-01,21.9,999.5,54.2,2.34,146.7,547.5
Busan,2022-06-01,27.9,1002.8,62.4,2.39,209.5,497.2
Busan,2022-07-01,28.8,1010.6,67.2,2.32,243.3,640.6
Busan,2022-08-01,29.9,1002.3,71.0,2.76,207.8,493.4
Busan,2022-09-01,25.9,1002.3,78.2,2.33,244.9,480.7
Busan,2022-10-01,19.9,1010.6,83.7,1.82,207.2,440.0
Busan,2022-11-01,11.5,994.2,76.0,2.68,161.9,334.9
Busan,2022-12-01,8.0,1002.2,70.6,3.05,155.0,340.3
Busan,2023-01-01,8.4,1001.6,67.3,2.21,115.4,254.5
Busan,2023-02-01,11.7,1007.6,60.0,2.0,163.5,261.2
Busan,2023-03-01,15.3,1001.3,51.2,2.67,123.4,350.1
Busan,2023-04-01,19.6,1003.2,55.6,2.39,131.9,228.0
Busan,2023-05-01,22.1,1002.9,54.8,2.66,232.7,373.7
Busan,2023-06-01,26.0,993.8,56.3,1.6,186.2,438.5
Busan,2023-07-01,24.7,1001.5,64.6,2.54,261.6,534.2
Busan,2023-08-01,27.3,1003.6,72.1,2.56,290.9,565.4
Busan,2023-09-01,22.3,1006.4,74.9,2.47,284.7,575.8
Busan,2023-10-01,15.7,1002.0,77.4,1.96,204.8,503.0
Busan,2023-11-01,13.2,1006.8,74.9,2.5,187.8,481.1
Busan,2023-12-01,9.8,1003.5,66.9,1.41,133.7,330.6
Busan,2024-01-01,6.8,1001.1,67.5,1.96,115.5,346.1
Busan,2024-02-01,8.3,1006.4,59.5,2.27,88.9,176.4
Busan,2024-03-01,14.2,1006.8,56.2,2.96,102.4,223.2
Busan,2024-04-01,19.0,1010.0,55.0,2.18,166.4,371.8
Busan,2024-05-01,19.8,997.8,60.0,2.26,228.0,535.5
Busan,2024-06-01,28.1,998.5,61.4,2.86,212.0,556.1
Busan,2024-07-01,25.2,1003.8,69.2,2.76,253.8,537.6
Busan,2024-08-01,26.1,999.7,68.0,2.04,249.2,614.8
Busan,2024-09-01,24.1,1000.6,77.3,2.57,214.5,576.4
Busan,2024-10-01,18.4,1012.8,74.1,2.23,194.9,518.3
Busan,2024-11-01,11.2,999.9,73.9,2.21,164.8,416.6
Busan,2024-12-01,11.5,1004.3,76.9,2.58,141.4,353.2
Busan,2025-01-01,5.2,1005.6,66.0,2.5,125.6,231.9
Busan,2025-02-01,10.8,1005.4,66.2,2.51,111.2,156.5
Busan,2025-03-01,8.7,1003.2,53.8,2.95,119.6,185.8
Busan,2025-04-01,18.2,1003.1,52.9,2.59,149.1,361.1
Busan,2025-05-01,23.6,998.3,53.1,3.0,152.7,410.8
Busan,2025-06-01,28.1,1008.7,57.9,2.61,210.9,495.7
Busan,2025-07-01,29.8,995.6,64.0,2.83,216.1,617.7
Busan,2025-08-01,26.7,1002.4,71.3,2.36,274.1,545.3
Busan,2025-09-01,22.0,1008.4,74.4,2.32,266.2,495.0
Busan,2025-10-01,18.9,1002.0,76.6,2.5,188.2,434.2
Busan,2025-11-01,11.8,1000.4,77.3,3.15,154.0,366.8
Busan,2025-12-01,9.0,1006.3,70.3,2.17,124.5,322.8
